MEASURE,Measure,REF_AREA,Reference area,ACTIVITY,Economic activity,COUNTERPART_AREA,Counterpart area,UNIT_MEASURE,TIME_PERIOD,OBS_VALUE,UNIT_MULT
EXGR_DVA_PSH,"Domestic value added in gross exports, destination partner shares",KOR,Korea,C26,"Manufacture of computer, electronic and optical products",GBR,United Kingdom,PT_EXGR_DVA,2018,0.201,0
EXGR_DVA_PSH,"Domestic value added in gross exports, destination partner shares",KOR,Korea,C26,"Manufacture of computer, electronic and optical products",COL,Colombia,PT_EXGR_DVA,2018,0.032,0
EXGR_DVA_PSH,"Domestic value added in gross exports, destination partner shares",KOR,Korea,C26,"Manufacture of computer, electronic and optical products",WXOECD,Non-OECD economies,PT_EXGR_DVA,2018,80.953,0
EXGR_DVA_PSH,"Domestic value added in gross exports, destination partner shares",KOR,Korea,C26,"Manufacture of computer, electronic and optical products",W_O,Other countries,PT_EXGR_DVA,2018,3.794,0
EXGR_DVA_PSH,"Domestic value added in gross exports, destination partner shares",KOR,Korea,C26,"Manufacture of computer, electronic and optical products",COD,Democratic Republic of the Congo,PT_EXGR_DVA,2018,0.015,0
EXGR_DVA_PSH,"Domestic value added in gross exports, destination partner shares",KOR,Korea,C26,"Manufacture of computer, electronic and optical products",HUN,Hungary,PT_EXGR_DVA,2018,0.184,0
EXGR_DVA_PSH,"Domestic value added in gross exports, destination partner shares",KOR,Korea,C26,"Manufacture of computer, electronic and optical products",E,Europe,PT_EXGR_DVA,2018,5.237,0
EXGR_DVA_PSH,"Domestic value added in gross exports, destination partner shares",KOR,Korea,C26,"Manufacture of computer, electronic and optical products",BRA,Brazil,PT_EXGR_DVA,2018,1.096,0
EXGR_DVA_PSH,"Domestic value added in gross exports, destination partner shares",KOR,Korea,C26,"Manufacture of computer, electronic and optical products",JPN,Japan,PT_EXGR_DVA,2018,2.043,0
EXGR_DVA_PSH,"Domestic value added in gross exports, destination partner shares",KOR,Korea,C26,"Manufacture of computer, electronic and optical products",NAFTA,NAFTA,PT_EXGR_DVA,2018,11.394,0
EXGR_DVA_PSH,"Domestic value added in gross exports, destination partner shares",KOR,Korea,C26,"Manufacture of computer, electronic and optical products",FIN,Finland,PT_EXGR_DVA,2018,0.242,0
EXGR_DVA_PSH,"Domestic value added in gross exports, destination partner shares",KOR,Korea,C26,"Manufacture of computer, electronic and optical products",KHM,Cambodia,PT_EXGR_DVA,2018,0.003,0
EXGR_DVA_PSH,"Domestic value added in gross exports, destination partner shares",KOR,Korea,C26,"Manufacture of computer, electronic and optical products",EGY,Egypt,PT_EXGR_DVA,2018,0.094,0
EXGR_DVA_PSH,"Domestic value added in gross exports, destination partner shares",KOR,Korea,C26,"Manufacture of computer, electronic and optical products",AUS,Australia,PT_EXGR_DVA,2018,0.269,0
EXGR_DVA_PSH,"Domestic value added in gross exports, destination partner shares",KOR,Korea,C26,"Manufacture of computer, electronic and optical products",EU15,European Union (15 countries),PT_EXGR_DVA,2018,3.496,0
EXGR_DVA_PSH,"Domestic value added in gross exports, destination partner shares",KOR,Korea,C26,"Manufacture of computer, electronic and optical products",ARE,United Arab Emirates,PT_EXGR_DVA,2018,0.229,0
EXGR_DVA_PSH,"Domestic value added in gross exports, destination partner shares",KOR,Korea,C26,"Manufacture of computer, electronic and optical products",PAK,Pakistan,PT_EXGR_DVA,2018,0.009,0
EXGR_DVA_PSH,"Domestic value added in gross exports, destination partner shares",KOR,Korea,C26,"Manufacture of computer, electronic and optical products",MEX,Mexico,PT_EXGR_DVA,2018,3.241,0
EXGR_DVA_PSH,"Domestic value added in gross exports, destination partner shares",KOR,Korea,C26,"Manufacture of computer, electronic and optical products",PHL,Philippines,PT_EXGR_DVA,2018,2.792,0
EXGR_DVA_PSH,"Domestic value added in gross exports, destination partner shares",KOR,Korea,C26,"Manufacture of computer, electronic and optical products",S2,Eastern Asia,PT_EXGR_DVA,2018,59.425,0
EXGR_DVA_PSH,"Domestic value added in gross exports, destination partner shares",KOR,Korea,C26,"Manufacture of computer, electronic and optical products",IDN,Indonesia,PT_EXGR_DVA,2018,0.474,0
EXGR_DVA_PSH,"Domestic value added in gross exports, destination partner shares",KOR,Korea,C26,"Manufacture of computer, electronic and optical products",KAZ,Kazakhstan,PT_EXGR_DVA,2018,0.027,0
EXGR_DVA_PSH,"Domestic value added in gross exports, destination partner shares",KOR,Korea,C26,"Manufacture of computer, electronic and optical products",BRN,Brunei Darussalam,PT_EXGR_DVA,2018,0.001,0
EXGR_DVA_PSH,"Domestic value added in gross exports, destination partner shares",KOR,Korea,C26,"Manufacture of computer, electronic and optical products",HKG,Hong Kong (China),PT_EXGR_DVA,2018,0.042,0
EXGR_DVA_PSH,"Domestic value added in gross exports, destination partner shares",KOR,Korea,C26,"Manufacture of computer, electronic and optical products",WXD,Rest of the world,PT_EXGR_DVA,2018,1.342,0
EXGR_DVA_PSH,"Domestic value added in gross exports, destination partner shares",KOR,Korea,C26,"Manufacture of computer, electronic and optical products",SVN,Slovenia,PT_EXGR_DVA,2018,0.036,0
EXGR_DVA_PSH,"Domestic value added in gross exports, destination partner shares",KOR,Korea,C26,"Manufacture of computer, electronic and optical products",ISR,Israel,PT_EXGR_DVA,2018,0.161,0
EXGR_DVA_PSH,"Domestic value added in gross exports, destination partner shares",KOR,Korea,C26,"Manufacture of computer, electronic and optical products",THA,Thailand,PT_EXGR_DVA,2018,0.71,0
EXGR_DVA_PSH,"Domestic value added in gross exports, destination partner shares",KOR,Korea,C26,"Manufacture of computer, electronic and optical products",PRT,Portugal,PT_EXGR_DVA,2018,0.016,0
EXGR_DVA_PSH,"Domestic value added in gross exports, destination partner shares",KOR,Korea,C26,"Manufacture of computer, electronic and optical products",F,Africa,PT_EXGR_DVA,2018,0.254,0
EXGR_DVA_PSH,"Domestic value added in gross exports, destination partner shares",KOR,Korea,C26,"Manufacture of computer, electronic and optical products",ARG,Argentina,PT_EXGR_DVA,2018,0.048,0
EXGR_DVA_PSH,"Domestic value added in gross exports, destination partner shares",KOR,Korea,C26,"Manufacture of computer, electronic and optical products",CAN,Canada,PT_EXGR_DVA,2018,0.479,0
EXGR_DVA_PSH,"Domestic value added in gross exports, destination partner shares",KOR,Korea,C26,"Manufacture of computer, electronic and optical products",BGD,Bangladesh,PT_EXGR_DVA,2018,0.03,0
EXGR_DVA_PSH,"Domestic value added in gross exports, destination partner shares",KOR,Korea,C26,"Manufacture of computer, electronic and optical products",EA19,Euro area (19 countries),PT_EXGR_DVA,2018,3.582,0
EXGR_DVA_PSH,"Domestic value added in gross exports, destination partner shares",KOR,Korea,C26,"Manufacture of computer, electronic and optical products",NLD,Netherlands,PT_EXGR_DVA,2018,0.178,0
EXGR_DVA_PSH,"Domestic value added in gross exports, destination partner shares",KOR,Korea,C26,"Manufacture of computer, electronic and optical products",TUN,Tunisia,PT_EXGR_DVA,2018,0.028,0
EXGR_DVA_PSH,"Domestic value added in gross exports, destination partner shares",KOR,Korea,C26,"Manufacture of computer, electronic and optical products",TWN,Chinese Taipei,PT_EXGR_DVA,2018,4.605,0
EXGR_DVA_PSH,"Domestic value added in gross exports, destination partner shares",KOR,Korea,C26,"Manufacture of computer, electronic and optical products",NOR,Norway,PT_EXGR_DVA,2018,0.141,0
EXGR_DVA_PSH,"Domestic value added in gross exports, destination partner shares",KOR,Korea,C26,"Manufacture of computer, electronic and optical products",RUS,Russia,PT_EXGR_DVA,2018,0.322,0
EXGR_DVA_PSH,"Domestic value added in gross exports, destination partner shares",KOR,Korea,C26,"Manufacture of computer, electronic and optical products",BGR,Bulgaria,PT_EXGR_DVA,2018,0.007,0
EXGR_DVA_PSH,"Domestic value added in gross exports, destination partner shares",KOR,Korea,C26,"Manufacture of computer, electronic and optical products",AUT,Austria,PT_EXGR_DVA,2018,0.096,0
EXGR_DVA_PSH,"Domestic value added in gross exports, destination partner shares",KOR,Korea,C26,"Manufacture of computer, electronic and optical products",POL,Poland,PT_EXGR_DVA,2018,0.363,0
EXGR_DVA_PSH,"Domestic value added in gross exports, destination partner shares",KOR,Korea,C26,"Manufacture of computer, electronic and optical products",MYS,Malaysia,PT_EXGR_DVA,2018,0.708,0
EXGR_DVA_PSH,"Domestic value added in gross exports, destination partner shares",KOR,Korea,C26,"Manufacture of computer, electronic and optical products",BEL,Belgium,PT_EXGR_DVA,2018,0.023,0
EXGR_DVA_PSH,"Domestic value added in gross exports, destination partner shares",KOR,Korea,C26,"Manufacture of computer, electronic and optical products",ZAF,South Africa,PT_EXGR_DVA,2018,0.043,0
EXGR_DVA_PSH,"Domestic value added in gross exports, destination partner shares",KOR,Korea,C26,"Manufacture of computer, electronic and optical products",S2_S8,Eastern and South-eastern Asia,PT_EXGR_DVA,2018,78.097,0
EXGR_DVA_PSH,"Domestic value added in gross exports, destination partner shares",KOR,Korea,C26,"Manufacture of computer, electronic and optical products",A5_A7,South and Central America,PT_EXGR_DVA,2018,1.224,0
EXGR_DVA_PSH,"Domestic value added in gross exports, destination partner shares",KOR,Korea,C26,"Manufacture of computer, electronic and optical products",CHL,Chile,PT_EXGR_DVA,2018,0.024,0
EXGR_DVA_PSH,"Domestic value added in gross exports, destination partner shares",KOR,Korea,C26,"Manufacture of computer, electronic and optical products",ESP,Spain,PT_EXGR_DVA,2018,0.082,0
EXGR_DVA_PSH,"Domestic value added in gross exports, destination partner shares",KOR,Korea,C26,"Manufacture of computer, electronic and optical products",EST,Estonia,PT_EXGR_DVA,2018,0.007,0
EXGR_DVA_PSH,"Domestic value added in gross exports, destination partner shares",KOR,Korea,C26,"Manufacture of computer, electronic and optical products",CHN,China (People’s Republic of),PT_EXGR_DVA,2018,52.735,0
EXGR_DVA_PSH,"Domestic value added in gross exports, destination partner shares",KOR,Korea,C26,"Manufacture of computer, electronic and optical products",IND,India,PT_EXGR_DVA,2018,1.283,0
EXGR_DVA_PSH,"Domestic value added in gross exports, destination partner shares",KOR,Korea,C26,"Manufacture of computer, electronic and optical products",OECD,OECD,PT_EXGR_DVA,2018,19.047,0
EXGR_DVA_PSH,"Domestic value added in gross exports, destination partner shares",KOR,Korea,C26,"Manufacture of computer, electronic and optical products",ITA,Italy,PT_EXGR_DVA,2018,0.103,0
EXGR_DVA_PSH,"Domestic value added in gross exports, destination partner shares",KOR,Korea,C26,"Manufacture of computer, electronic and optical products",MMR,Myanmar,PT_EXGR_DVA,2018,0.008,0
EXGR_DVA_PSH,"Domestic value added in gross exports, destination partner shares",KOR,Korea,C26,"Manufacture of computer, electronic and optical products",FRA,France,PT_EXGR_DVA,2018,0.316,0
EXGR_DVA_PSH,"Domestic value added in gross exports, destination partner shares",KOR,Korea,C26,"Manufacture of computer, electronic and optical products",JOR,Jordan,PT_EXGR_DVA,2018,0.005,0
EXGR_DVA_PSH,"Domestic value added in gross exports, destination partner shares",KOR,Korea,C26,"Manufacture of computer, electronic and optical products",PER,Peru,PT_EXGR_DVA,2018,0.019,0
EXGR_DVA_PSH,"Domestic value added in gross exports, destination partner shares",KOR,Korea,C26,"Manufacture of computer, electronic and optical products",APEC,APEC,PT_EXGR_DVA,2018,90.136,0
EXGR_DVA_PSH,"Domestic value added in gross exports, destination partner shares",KOR,Korea,C26,"Manufacture of computer, electronic and optical products",USA,United States,PT_EXGR_DVA,2018,7.674,0
EXGR_DVA_PSH,"Domestic value added in gross exports, destination partner shares",KOR,Korea,C26,"Manufacture of computer, electronic and optical products",SVK,Slovak Republic,PT_EXGR_DVA,2018,0.274,0
EXGR_DVA_PSH,"Domestic value added in gross exports, destination partner shares",KOR,Korea,C26,"Manufacture of computer, electronic and optical products",CMR,Cameroon,PT_EXGR_DVA,2018,0.002,0
EXGR_DVA_PSH,"Domestic value added in gross exports, destination partner shares",KOR,Korea,C26,"Manufacture of computer, electronic and optical products",MLT,Malta,PT_EXGR_DVA,2018,0.005,0
EXGR_DVA_PSH,"Domestic value added in gross exports, destination partner shares",KOR,Korea,C26,"Manufacture of computer, electronic and optical products",SAU,Saudi Arabia,PT_EXGR_DVA,2018,0.159,0
EXGR_DVA_PSH,"Domestic value added in gross exports, destination partner shares",KOR,Korea,C26,"Manufacture of computer, electronic and optical products",NGA,Nigeria,PT_EXGR_DVA,2018,0.048,0
EXGR_DVA_PSH,"Domestic value added in gross exports, destination partner shares",KOR,Korea,C26,"Manufacture of computer, electronic and optical products",VNM,Viet Nam,PT_EXGR_DVA,2018,12.016,0
EXGR_DVA_PSH,"Domestic value added in gross exports, destination partner shares",KOR,Korea,C26,"Manufacture of computer, electronic and optical products",EU28XEU15,European Union 28 excluding European Union 15 countries,PT_EXGR_DVA,2018,1.144,0
EXGR_DVA_PSH,"Domestic value added in gross exports, destination partner shares",KOR,Korea,C26,"Manufacture of computer, electronic and optical products",IRL,Ireland,PT_EXGR_DVA,2018,0.096,0
EXGR_DVA_PSH,"Domestic value added in gross exports, destination partner shares",KOR,Korea,C26,"Manufacture of computer, electronic and optical products",ISL,Iceland,PT_EXGR_DVA,2018,0.014,0
EXGR_DVA_PSH,"Domestic value added in gross exports, destination partner shares",KOR,Korea,C26,"Manufacture of computer, electronic and optical products",NZL,New Zealand,PT_EXGR_DVA,2018,0.022,0
EXGR_DVA_PSH,"Domestic value added in gross exports, destination partner shares",KOR,Korea,C26,"Manufacture of computer, electronic and optical products",MAR,Morocco,PT_EXGR_DVA,2018,0.02,0
EXGR_DVA_PSH,"Domestic value added in gross exports, destination partner shares",KOR,Korea,C26,"Manufacture of computer, electronic and optical products",SWE,Sweden,PT_EXGR_DVA,2018,0.025,0
EXGR_DVA_PSH,"Domestic value added in gross exports, destination partner shares",KOR,Korea,C26,"Manufacture of computer, electronic and optical products",DEU,Germany,PT_EXGR_DVA,2018,2.098,0
EXGR_DVA_PSH,"Domestic value added in gross exports, destination partner shares",KOR,Korea,C26,"Manufacture of computer, electronic and optical products",ASEAN,ASEAN,PT_EXGR_DVA,2018,18.672,0
EXGR_DVA_PSH,"Domestic value added in gross exports, destination partner shares",KOR,Korea,C26,"Manufacture of computer, electronic and optical products",CZE,Czechia,PT_EXGR_DVA,2018,0.237,0
EXGR_DVA_PSH,"Domestic value added in gross exports, destination partner shares",KOR,Korea,C26,"Manufacture of computer, electronic and optical products",G20,G20,PT_EXGR_DVA,2018,74.764,0
EXGR_DVA_PSH,"Domestic value added in gross exports, destination partner shares",KOR,Korea,C26,"Manufacture of computer, electronic and optical products",SGP,Singapore,PT_EXGR_DVA,2018,1.957,0
EXGR_DVA_PSH,"Domestic value added in gross exports, destination partner shares",KOR,Korea,C26,"Manufacture of computer, electronic and optical products",EU27_2020,European Union (27 countries from 01/02/2020),PT_EXGR_DVA,2018,4.438,0
EXGR_DVA_PSH,"Domestic value added in gross exports, destination partner shares",KOR,Korea,C26,"Manufacture of computer, electronic and optical products",EU28,European Union (28 countries),PT_EXGR_DVA,2018,4.64,0
EXGR_DVA_PSH,"Domestic value added in gross exports, destination partner shares",KOR,Korea,C26,"Manufacture of computer, electronic and optical products",TUR,Türkiye,PT_EXGR_DVA,2018,0.258,0
EXGR_DVA_PSH,"Domestic value added in gross exports, destination partner shares",KOR,Korea,C26,"Manufacture of computer, electronic and optical products",UKR,Ukraine,PT_EXGR_DVA,2018,0.031,0
EXGR_DVA_PSH,"Domestic value added in gross exports, destination partner shares",KOR,Korea,C26,"Manufacture of computer, electronic and optical products",DNK,Denmark,PT_EXGR_DVA,2018,0.013,0
EXGR_DVA_PSH,"Domestic value added in gross exports, destination partner shares",KOR,Korea,C26,"Manufacture of computer, electronic and optical products",CHE,Switzerland,PT_EXGR_DVA,2018,0.085,0
EXGR_DVA_PSH,"Domestic value added in gross exports, destination partner shares",KOR,Korea,C26,"Manufacture of computer, electronic and optical products",CRI,Costa Rica,PT_EXGR_DVA,2018,0.005,0
EXGR_DVA_PSH,"Domestic value added in gross exports, destination partner shares",KOR,Korea,C26,"Manufacture of computer, electronic and optical products",BLR,Belarus,PT_EXGR_DVA,2018,0.005,0
EXGR_DVA_PSH,"Domestic value added in gross exports, destination partner shares",KOR,Korea,C26,"Manufacture of computer, electronic and optical products",GRC,Greece,PT_EXGR_DVA,2018,0.004,0
EXGR_DVA_PSH,"Domestic value added in gross exports, destination partner shares",KOR,Korea,C26,"Manufacture of computer, electronic and optical products",AGO,Angola,PT_EXGR_DVA,2018,0.002,0
EXGR_DVA_PSH,"Domestic value added in gross exports, destination partner shares",KOR,Korea,C26,"Manufacture of computer, electronic and optical products",LTU,Lithuania,PT_EXGR_DVA,2018,0.002,0
EXGR_DVA_PSH,"Domestic value added in gross exports, destination partner shares",KOR,Korea,C26,"Manufacture of computer, electronic and optical products",HRV,Croatia,PT_EXGR_DVA,2018,0.002,0
EXGR_DVA_PSH,"Domestic value added in gross exports, destination partner shares",KOR,Korea,C26,"Manufacture of computer, electronic and optical products",ROU,Romania,PT_EXGR_DVA,2018,0.025,0
EXGR_DVA_PSH,"Domestic value added in gross exports, destination partner shares",KOR,Korea,C26,"Manufacture of computer, electronic and optical products",W,World,PT_EXGR_DVA,2018,100,0
EXGR_DVA_PSH,"Domestic value added in gross exports, destination partner shares",KOR,Korea,C26,"Manufacture of computer, electronic and optical products",LUX,Luxembourg,PT_EXGR_DVA,2018,0.001,0
EXGR_DVA_PSH,"Domestic value added in gross exports, destination partner shares",KOR,Korea,C26,"Manufacture of computer, electronic and optical products",LVA,Latvia,PT_EXGR_DVA,2018,0.001,0
EXGR_DVA_PSH,"Domestic value added in gross exports, destination partner shares",KOR,Korea,C26,"Manufacture of computer, electronic and optical products",CIV,Côte d’Ivoire,PT_EXGR_DVA,2018,0.001,0
EXGR_DVA_PSH,"Domestic value added in gross exports, destination partner shares",KOR,Korea,C26,"Manufacture of computer, electronic and optical products",SEN,Senegal,PT_EXGR_DVA,2018,0.001,0
EXGR_DVA_PSH,"Domestic value added in gross exports, destination partner shares",KOR,Korea,C26,"Manufacture of computer, electronic and optical products",LAO,Lao People’s Democratic Republic,PT_EXGR_DVA,2018,0.001,0
EXGR_DVA_PSH,"Domestic value added in gross exports, destination partner shares",KOR,Korea,C26,"Manufacture of computer, electronic and optical products",KOR,Korea,PT_EXGR_DVA,2018,0,0
EXGR_DVA_PSH,"Domestic value added in gross exports, destination partner shares",KOR,Korea,C26,"Manufacture of computer, electronic and optical products",CYP,Cyprus,PT_EXGR_DVA,2018,0,0
EXGR_DVA_PSH,"Domestic value added in gross exports, destination partner shares",KOR,Korea,C26,"Manufacture of computer, electronic and optical products",STP,Sao Tome and Principe,PT_EXGR_DVA,2018,0,0
EXGR_DVA_PSH,"Domestic value added in gross exports, destination partner shares",KOR,Korea,C26,"Manufacture of computer, electronic and optical products",LTU,Lithuania,PT_EXGR_DVA,2022,0.001,0
EXGR_DVA_PSH,"Domestic value added in gross exports, destination partner shares",KOR,Korea,C26,"Manufacture of computer, electronic and optical products",AGO,Angola,PT_EXGR_DVA,2022,0.003,0
EXGR_DVA_PSH,"Domestic value added in gross exports, destination partner shares",KOR,Korea,C26,"Manufacture of computer, electronic and optical products",TUN,Tunisia,PT_EXGR_DVA,2022,0.006,0
EXGR_DVA_PSH,"Domestic value added in gross exports, destination partner shares",KOR,Korea,C26,"Manufacture of computer, electronic and optical products",EST,Estonia,PT_EXGR_DVA,2022,0.006,0
EXGR_DVA_PSH,"Domestic value added in gross exports, destination partner shares",KOR,Korea,C26,"Manufacture of computer, electronic and optical products",CYP,Cyprus,PT_EXGR_DVA,2022,0.002,0
EXGR_DVA_PSH,"Domestic value added in gross exports, destination partner shares",KOR,Korea,C26,"Manufacture of computer, electronic and optical products",ISL,Iceland,PT_EXGR_DVA,2022,0.002,0
EXGR_DVA_PSH,"Domestic value added in gross exports, destination partner shares",KOR,Korea,C26,"Manufacture of computer, electronic and optical products",CRI,Costa Rica,PT_EXGR_DVA,2022,0.004,0
EXGR_DVA_PSH,"Domestic value added in gross exports, destination partner shares",KOR,Korea,C26,"Manufacture of computer, electronic and optical products",KAZ,Kazakhstan,PT_EXGR_DVA,2022,0.004,0
EXGR_DVA_PSH,"Domestic value added in gross exports, destination partner shares",KOR,Korea,C26,"Manufacture of computer, electronic and optical products",LVA,Latvia,PT_EXGR_DVA,2022,0.005,0
EXGR_DVA_PSH,"Domestic value added in gross exports, destination partner shares",KOR,Korea,C26,"Manufacture of computer, electronic and optical products",PAK,Pakistan,PT_EXGR_DVA,2022,0.005,0
EXGR_DVA_PSH,"Domestic value added in gross exports, destination partner shares",KOR,Korea,C26,"Manufacture of computer, electronic and optical products",BGR,Bulgaria,PT_EXGR_DVA,2022,0.007,0
EXGR_DVA_PSH,"Domestic value added in gross exports, destination partner shares",KOR,Korea,C26,"Manufacture of computer, electronic and optical products",PER,Peru,PT_EXGR_DVA,2022,0.014,0
EXGR_DVA_PSH,"Domestic value added in gross exports, destination partner shares",KOR,Korea,C26,"Manufacture of computer, electronic and optical products",NGA,Nigeria,PT_EXGR_DVA,2022,0.014,0
EXGR_DVA_PSH,"Domestic value added in gross exports, destination partner shares",KOR,Korea,C26,"Manufacture of computer, electronic and optical products",MAR,Morocco,PT_EXGR_DVA,2022,0.014,0
EXGR_DVA_PSH,"Domestic value added in gross exports, destination partner shares",KOR,Korea,C26,"Manufacture of computer, electronic and optical products",GBR,United Kingdom,PT_EXGR_DVA,2022,0.467,0
EXGR_DVA_PSH,"Domestic value added in gross exports, destination partner shares",KOR,Korea,C26,"Manufacture of computer, electronic and optical products",COL,Colombia,PT_EXGR_DVA,2022,0.028,0
EXGR_DVA_PSH,"Domestic value added in gross exports, destination partner shares",KOR,Korea,C26,"Manufacture of computer, electronic and optical products",WXOECD,Non-OECD economies,PT_EXGR_DVA,2022,79.875,0
EXGR_DVA_PSH,"Domestic value added in gross exports, destination partner shares",KOR,Korea,C26,"Manufacture of computer, electronic and optical products",W_O,Other countries,PT_EXGR_DVA,2022,2.892,0
EXGR_DVA_PSH,"Domestic value added in gross exports, destination partner shares",KOR,Korea,C26,"Manufacture of computer, electronic and optical products",HUN,Hungary,PT_EXGR_DVA,2022,0.111,0
EXGR_DVA_PSH,"Domestic value added in gross exports, destination partner shares",KOR,Korea,C26,"Manufacture of computer, electronic and optical products",E,Europe,PT_EXGR_DVA,2022,4.238,0
EXGR_DVA_PSH,"Domestic value added in gross exports, destination partner shares",KOR,Korea,C26,"Manufacture of computer, electronic and optical products",BRA,Brazil,PT_EXGR_DVA,2022,0.686,0
EXGR_DVA_PSH,"Domestic value added in gross exports, destination partner shares",KOR,Korea,C26,"Manufacture of computer, electronic and optical products",JPN,Japan,PT_EXGR_DVA,2022,1.914,0
EXGR_DVA_PSH,"Domestic value added in gross exports, destination partner shares",KOR,Korea,C26,"Manufacture of computer, electronic and optical products",NAFTA,NAFTA,PT_EXGR_DVA,2022,13.709,0
EXGR_DVA_PSH,"Domestic value added in gross exports, destination partner shares",KOR,Korea,C26,"Manufacture of computer, electronic and optical products",FIN,Finland,PT_EXGR_DVA,2022,0.05,0
EXGR_DVA_PSH,"Domestic value added in gross exports, destination partner shares",KOR,Korea,C26,"Manufacture of computer, electronic and optical products",EGY,Egypt,PT_EXGR_DVA,2022,0.056,0
EXGR_DVA_PSH,"Domestic value added in gross exports, destination partner shares",KOR,Korea,C26,"Manufacture of computer, electronic and optical products",AUS,Australia,PT_EXGR_DVA,2022,0.149,0
EXGR_DVA_PSH,"Domestic value added in gross exports, destination partner shares",KOR,Korea,C26,"Manufacture of computer, electronic and optical products",EU15,European Union (15 countries),PT_EXGR_DVA,2022,2.874,0
EXGR_DVA_PSH,"Domestic value added in gross exports, destination partner shares",KOR,Korea,C26,"Manufacture of computer, electronic and optical products",ARE,United Arab Emirates,PT_EXGR_DVA,2022,0.136,0
EXGR_DVA_PSH,"Domestic value added in gross exports, destination partner shares",KOR,Korea,C26,"Manufacture of computer, electronic and optical products",MEX,Mexico,PT_EXGR_DVA,2022,3.228,0
EXGR_DVA_PSH,"Domestic value added in gross exports, destination partner shares",KOR,Korea,C26,"Manufacture of computer, electronic and optical products",PHL,Philippines,PT_EXGR_DVA,2022,1.45,0
EXGR_DVA_PSH,"Domestic value added in gross exports, destination partner shares",KOR,Korea,C26,"Manufacture of computer, electronic and optical products",S2,Eastern Asia,PT_EXGR_DVA,2022,56.217,0
EXGR_DVA_PSH,"Domestic value added in gross exports, destination partner shares",KOR,Korea,C26,"Manufacture of computer, electronic and optical products",IDN,Indonesia,PT_EXGR_DVA,2022,0.477,0
EXGR_DVA_PSH,"Domestic value added in gross exports, destination partner shares",KOR,Korea,C26,"Manufacture of computer, electronic and optical products",HKG,Hong Kong (China),PT_EXGR_DVA,2022,0.032,0
EXGR_DVA_PSH,"Domestic value added in gross exports, destination partner shares",KOR,Korea,C26,"Manufacture of computer, electronic and optical products",WXD,Rest of the world,PT_EXGR_DVA,2022,0.743,0
EXGR_DVA_PSH,"Domestic value added in gross exports, destination partner shares",KOR,Korea,C26,"Manufacture of computer, electronic and optical products",SVN,Slovenia,PT_EXGR_DVA,2022,0.018,0
EXGR_DVA_PSH,"Domestic value added in gross exports, destination partner shares",KOR,Korea,C26,"Manufacture of computer, electronic and optical products",ROU,Romania,PT_EXGR_DVA,2022,0.017,0
EXGR_DVA_PSH,"Domestic value added in gross exports, destination partner shares",KOR,Korea,C26,"Manufacture of computer, electronic and optical products",ISR,Israel,PT_EXGR_DVA,2022,0.239,0
EXGR_DVA_PSH,"Domestic value added in gross exports, destination partner shares",KOR,Korea,C26,"Manufacture of computer, electronic and optical products",THA,Thailand,PT_EXGR_DVA,2022,0.775,0
EXGR_DVA_PSH,"Domestic value added in gross exports, destination partner shares",KOR,Korea,C26,"Manufacture of computer, electronic and optical products",PRT,Portugal,PT_EXGR_DVA,2022,0.024,0
EXGR_DVA_PSH,"Domestic value added in gross exports, destination partner shares",KOR,Korea,C26,"Manufacture of computer, electronic and optical products",F,Africa,PT_EXGR_DVA,2022,0.123,0
EXGR_DVA_PSH,"Domestic value added in gross exports, destination partner shares",KOR,Korea,C26,"Manufacture of computer, electronic and optical products",ARG,Argentina,PT_EXGR_DVA,2022,0.024,0
EXGR_DVA_PSH,"Domestic value added in gross exports, destination partner shares",KOR,Korea,C26,"Manufacture of computer, electronic and optical products",CAN,Canada,PT_EXGR_DVA,2022,0.281,0
EXGR_DVA_PSH,"Domestic value added in gross exports, destination partner shares",KOR,Korea,C26,"Manufacture of computer, electronic and optical products",BGD,Bangladesh,PT_EXGR_DVA,2022,0.033,0
EXGR_DVA_PSH,"Domestic value added in gross exports, destination partner shares",KOR,Korea,C26,"Manufacture of computer, electronic and optical products",EA19,Euro area (19 countries),PT_EXGR_DVA,2022,2.641,0
EXGR_DVA_PSH,"Domestic value added in gross exports, destination partner shares",KOR,Korea,C26,"Manufacture of computer, electronic and optical products",NLD,Netherlands,PT_EXGR_DVA,2022,0.085,0
EXGR_DVA_PSH,"Domestic value added in gross exports, destination partner shares",KOR,Korea,C26,"Manufacture of computer, electronic and optical products",TWN,Chinese Taipei,PT_EXGR_DVA,2022,8.217,0
EXGR_DVA_PSH,"Domestic value added in gross exports, destination partner shares",KOR,Korea,C26,"Manufacture of computer, electronic and optical products",NOR,Norway,PT_EXGR_DVA,2022,0.041,0
EXGR_DVA_PSH,"Domestic value added in gross exports, destination partner shares",KOR,Korea,C26,"Manufacture of computer, electronic and optical products",RUS,Russia,PT_EXGR_DVA,2022,0.258,0
EXGR_DVA_PSH,"Domestic value added in gross exports, destination partner shares",KOR,Korea,C26,"Manufacture of computer, electronic and optical products",AUT,Austria,PT_EXGR_DVA,2022,0.084,0
EXGR_DVA_PSH,"Domestic value added in gross exports, destination partner shares",KOR,Korea,C26,"Manufacture of computer, electronic and optical products",POL,Poland,PT_EXGR_DVA,2022,0.387,0
EXGR_DVA_PSH,"Domestic value added in gross exports, destination partner shares",KOR,Korea,C26,"Manufacture of computer, electronic and optical products",MYS,Malaysia,PT_EXGR_DVA,2022,0.503,0
EXGR_DVA_PSH,"Domestic value added in gross exports, destination partner shares",KOR,Korea,C26,"Manufacture of computer, electronic and optical products",BEL,Belgium,PT_EXGR_DVA,2022,0.038,0
EXGR_DVA_PSH,"Domestic value added in gross exports, destination partner shares",KOR,Korea,C26,"Manufacture of computer, electronic and optical products",ZAF,South Africa,PT_EXGR_DVA,2022,0.024,0
EXGR_DVA_PSH,"Domestic value added in gross exports, destination partner shares",KOR,Korea,C26,"Manufacture of computer, electronic and optical products",S2_S8,Eastern and South-eastern Asia,PT_EXGR_DVA,2022,78.262,0
EXGR_DVA_PSH,"Domestic value added in gross exports, destination partner shares",KOR,Korea,C26,"Manufacture of computer, electronic and optical products",GRC,Greece,PT_EXGR_DVA,2022,0.008,0
EXGR_DVA_PSH,"Domestic value added in gross exports, destination partner shares",KOR,Korea,C26,"Manufacture of computer, electronic and optical products",A5_A7,South and Central America,PT_EXGR_DVA,2022,0.777,0
EXGR_DVA_PSH,"Domestic value added in gross exports, destination partner shares",KOR,Korea,C26,"Manufacture of computer, electronic and optical products",CHL,Chile,PT_EXGR_DVA,2022,0.021,0
EXGR_DVA_PSH,"Domestic value added in gross exports, destination partner shares",KOR,Korea,C26,"Manufacture of computer, electronic and optical products",ESP,Spain,PT_EXGR_DVA,2022,0.085,0
EXGR_DVA_PSH,"Domestic value added in gross exports, destination partner shares",KOR,Korea,C26,"Manufacture of computer, electronic and optical products",CHN,China (People’s Republic of),PT_EXGR_DVA,2022,46.054,0
EXGR_DVA_PSH,"Domestic value added in gross exports, destination partner shares",KOR,Korea,C26,"Manufacture of computer, electronic and optical products",IND,India,PT_EXGR_DVA,2022,1.264,0
EXGR_DVA_PSH,"Domestic value added in gross exports, destination partner shares",KOR,Korea,C26,"Manufacture of computer, electronic and optical products",OECD,OECD,PT_EXGR_DVA,2022,20.125,0
EXGR_DVA_PSH,"Domestic value added in gross exports, destination partner shares",KOR,Korea,C26,"Manufacture of computer, electronic and optical products",ITA,Italy,PT_EXGR_DVA,2022,0.118,0
EXGR_DVA_PSH,"Domestic value added in gross exports, destination partner shares",KOR,Korea,C26,"Manufacture of computer, electronic and optical products",FRA,France,PT_EXGR_DVA,2022,0.286,0
EXGR_DVA_PSH,"Domestic value added in gross exports, destination partner shares",KOR,Korea,C26,"Manufacture of computer, electronic and optical products",APEC,APEC,PT_EXGR_DVA,2022,92.424,0
EXGR_DVA_PSH,"Domestic value added in gross exports, destination partner shares",KOR,Korea,C26,"Manufacture of computer, electronic and optical products",USA,United States,PT_EXGR_DVA,2022,10.2,0
EXGR_DVA_PSH,"Domestic value added in gross exports, destination partner shares",KOR,Korea,C26,"Manufacture of computer, electronic and optical products",SVK,Slovak Republic,PT_EXGR_DVA,2022,0.285,0
EXGR_DVA_PSH,"Domestic value added in gross exports, destination partner shares",KOR,Korea,C26,"Manufacture of computer, electronic and optical products",MLT,Malta,PT_EXGR_DVA,2022,0.022,0
EXGR_DVA_PSH,"Domestic value added in gross exports, destination partner shares",KOR,Korea,C26,"Manufacture of computer, electronic and optical products",SAU,Saudi Arabia,PT_EXGR_DVA,2022,0.159,0
EXGR_DVA_PSH,"Domestic value added in gross exports, destination partner shares",KOR,Korea,C26,"Manufacture of computer, electronic and optical products",VNM,Viet Nam,PT_EXGR_DVA,2022,15.297,0
EXGR_DVA_PSH,"Domestic value added in gross exports, destination partner shares",KOR,Korea,C26,"Manufacture of computer, electronic and optical products",EU28XEU15,European Union 28 excluding European Union 15 countries,PT_EXGR_DVA,2022,0.972,0
EXGR_DVA_PSH,"Domestic value added in gross exports, destination partner shares",KOR,Korea,C26,"Manufacture of computer, electronic and optical products",IRL,Ireland,PT_EXGR_DVA,2022,0.269,0
EXGR_DVA_PSH,"Domestic value added in gross exports, destination partner shares",KOR,Korea,C26,"Manufacture of computer, electronic and optical products",NZL,New Zealand,PT_EXGR_DVA,2022,0.022,0
EXGR_DVA_PSH,"Domestic value added in gross exports, destination partner shares",KOR,Korea,C26,"Manufacture of computer, electronic and optical products",SWE,Sweden,PT_EXGR_DVA,2022,0.08,0
EXGR_DVA_PSH,"Domestic value added in gross exports, destination partner shares",KOR,Korea,C26,"Manufacture of computer, electronic and optical products",DEU,Germany,PT_EXGR_DVA,2022,1.247,0
EXGR_DVA_PSH,"Domestic value added in gross exports, destination partner shares",KOR,Korea,C26,"Manufacture of computer, electronic and optical products",ASEAN,ASEAN,PT_EXGR_DVA,2022,22.045,0
EXGR_DVA_PSH,"Domestic value added in gross exports, destination partner shares",KOR,Korea,C26,"Manufacture of computer, electronic and optical products",CZE,Czechia,PT_EXGR_DVA,2022,0.109,0
EXGR_DVA_PSH,"Domestic value added in gross exports, destination partner shares",KOR,Korea,C26,"Manufacture of computer, electronic and optical products",G20,G20,PT_EXGR_DVA,2022,68.697,0
EXGR_DVA_PSH,"Domestic value added in gross exports, destination partner shares",KOR,Korea,C26,"Manufacture of computer, electronic and optical products",SGP,Singapore,PT_EXGR_DVA,2022,3.532,0
EXGR_DVA_PSH,"Domestic value added in gross exports, destination partner shares",KOR,Korea,C26,"Manufacture of computer, electronic and optical products",EU27_2020,European Union (27 countries from 01/02/2020),PT_EXGR_DVA,2022,3.379,0
EXGR_DVA_PSH,"Domestic value added in gross exports, destination partner shares",KOR,Korea,C26,"Manufacture of computer, electronic and optical products",EU28,European Union (28 countries),PT_EXGR_DVA,2022,3.846,0
EXGR_DVA_PSH,"Domestic value added in gross exports, destination partner shares",KOR,Korea,C26,"Manufacture of computer, electronic and optical products",TUR,Türkiye,PT_EXGR_DVA,2022,0.134,0
EXGR_DVA_PSH,"Domestic value added in gross exports, destination partner shares",KOR,Korea,C26,"Manufacture of computer, electronic and optical products",UKR,Ukraine,PT_EXGR_DVA,2022,0.022,0
EXGR_DVA_PSH,"Domestic value added in gross exports, destination partner shares",KOR,Korea,C26,"Manufacture of computer, electronic and optical products",DNK,Denmark,PT_EXGR_DVA,2022,0.025,0
EXGR_DVA_PSH,"Domestic value added in gross exports, destination partner shares",KOR,Korea,C26,"Manufacture of computer, electronic and optical products",CHE,Switzerland,PT_EXGR_DVA,2022,0.066,0
EXGR_DVA_PSH,"Domestic value added in gross exports, destination partner shares",KOR,Korea,C26,"Manufacture of computer, electronic and optical products",SEN,Senegal,PT_EXGR_DVA,2022,0.002,0
EXGR_DVA_PSH,"Domestic value added in gross exports, destination partner shares",KOR,Korea,C26,"Manufacture of computer, electronic and optical products",W,World,PT_EXGR_DVA,2022,100,0
EXGR_DVA_PSH,"Domestic value added in gross exports, destination partner shares",KOR,Korea,C26,"Manufacture of computer, electronic and optical products",BLR,Belarus,PT_EXGR_DVA,2022,0.002,0
EXGR_DVA_PSH,"Domestic value added in gross exports, destination partner shares",KOR,Korea,C26,"Manufacture of computer, electronic and optical products",HRV,Croatia,PT_EXGR_DVA,2022,0.002,0
EXGR_DVA_PSH,"Domestic value added in gross exports, destination partner shares",KOR,Korea,C26,"Manufacture of computer, electronic and optical products",JOR,Jordan,PT_EXGR_DVA,2022,0.004,0
EXGR_DVA_PSH,"Domestic value added in gross exports, destination partner shares",KOR,Korea,C26,"Manufacture of computer, electronic and optical products",KHM,Cambodia,PT_EXGR_DVA,2022,0.005,0
EXGR_DVA_PSH,"Domestic value added in gross exports, destination partner shares",KOR,Korea,C26,"Manufacture of computer, electronic and optical products",MMR,Myanmar,PT_EXGR_DVA,2022,0.005,0
EXGR_DVA_PSH,"Domestic value added in gross exports, destination partner shares",KOR,Korea,C26,"Manufacture of computer, electronic and optical products",LUX,Luxembourg,PT_EXGR_DVA,2022,0.008,0
EXGR_DVA_PSH,"Domestic value added in gross exports, destination partner shares",KOR,Korea,C26,"Manufacture of computer, electronic and optical products",COD,Democratic Republic of the Congo,PT_EXGR_DVA,2022,0.001,0
EXGR_DVA_PSH,"Domestic value added in gross exports, destination partner shares",KOR,Korea,C26,"Manufacture of computer, electronic and optical products",CIV,Côte d’Ivoire,PT_EXGR_DVA,2022,0.001,0
EXGR_DVA_PSH,"Domestic value added in gross exports, destination partner shares",KOR,Korea,C26,"Manufacture of computer, electronic and optical products",CMR,Cameroon,PT_EXGR_DVA,2022,0.001,0
EXGR_DVA_PSH,"Domestic value added in gross exports, destination partner shares",KOR,Korea,C26,"Manufacture of computer, electronic and optical products",BRN,Brunei Darussalam,PT_EXGR_DVA,2022,0.001,0
EXGR_DVA_PSH,"Domestic value added in gross exports, destination partner shares",KOR,Korea,C26,"Manufacture of computer, electronic and optical products",LAO,Lao People’s Democratic Republic,PT_EXGR_DVA,2022,0.001,0
EXGR_DVA_PSH,"Domestic value added in gross exports, destination partner shares",KOR,Korea,C26,"Manufacture of computer, electronic and optical products",KOR,Korea,PT_EXGR_DVA,2022,0,0
EXGR_DVA_PSH,"Domestic value added in gross exports, destination partner shares",KOR,Korea,C26,"Manufacture of computer, electronic and optical products",STP,Sao Tome and Principe,PT_EXGR_DVA,2022,0,0
EXGR_DVA_PSH,"Domestic value added in gross exports, destination partner shares",KOR,Korea,C26,"Manufacture of computer, electronic and optical products",GBR,United Kingdom,PT_EXGR_DVA,2021,0.316,0
EXGR_DVA_PSH,"Domestic value added in gross exports, destination partner shares",KOR,Korea,C26,"Manufacture of computer, electronic and optical products",COL,Colombia,PT_EXGR_DVA,2021,0.025,0
EXGR_DVA_PSH,"Domestic value added in gross exports, destination partner shares",KOR,Korea,C26,"Manufacture of computer, electronic and optical products",WXOECD,Non-OECD economies,PT_EXGR_DVA,2021,81.213,0
EXGR_DVA_PSH,"Domestic value added in gross exports, destination partner shares",KOR,Korea,C26,"Manufacture of computer, electronic and optical products",W_O,Other countries,PT_EXGR_DVA,2021,2.543,0
EXGR_DVA_PSH,"Domestic value added in gross exports, destination partner shares",KOR,Korea,C26,"Manufacture of computer, electronic and optical products",COD,Democratic Republic of the Congo,PT_EXGR_DVA,2021,0.001,0
EXGR_DVA_PSH,"Domestic value added in gross exports, destination partner shares",KOR,Korea,C26,"Manufacture of computer, electronic and optical products",HUN,Hungary,PT_EXGR_DVA,2021,0.14,0
EXGR_DVA_PSH,"Domestic value added in gross exports, destination partner shares",KOR,Korea,C26,"Manufacture of computer, electronic and optical products",E,Europe,PT_EXGR_DVA,2021,4.095,0
EXGR_DVA_PSH,"Domestic value added in gross exports, destination partner shares",KOR,Korea,C26,"Manufacture of computer, electronic and optical products",BRA,Brazil,PT_EXGR_DVA,2021,0.625,0
EXGR_DVA_PSH,"Domestic value added in gross exports, destination partner shares",KOR,Korea,C26,"Manufacture of computer, electronic and optical products",JPN,Japan,PT_EXGR_DVA,2021,1.86,0
EXGR_DVA_PSH,"Domestic value added in gross exports, destination partner shares",KOR,Korea,C26,"Manufacture of computer, electronic and optical products",NAFTA,NAFTA,PT_EXGR_DVA,2021,12.621,0
EXGR_DVA_PSH,"Domestic value added in gross exports, destination partner shares",KOR,Korea,C26,"Manufacture of computer, electronic and optical products",FIN,Finland,PT_EXGR_DVA,2021,0.054,0
EXGR_DVA_PSH,"Domestic value added in gross exports, destination partner shares",KOR,Korea,C26,"Manufacture of computer, electronic and optical products",KHM,Cambodia,PT_EXGR_DVA,2021,0.003,0
EXGR_DVA_PSH,"Domestic value added in gross exports, destination partner shares",KOR,Korea,C26,"Manufacture of computer, electronic and optical products",EGY,Egypt,PT_EXGR_DVA,2021,0.045,0
EXGR_DVA_PSH,"Domestic value added in gross exports, destination partner shares",KOR,Korea,C26,"Manufacture of computer, electronic and optical products",AUS,Australia,PT_EXGR_DVA,2021,0.157,0
EXGR_DVA_PSH,"Domestic value added in gross exports, destination partner shares",KOR,Korea,C26,"Manufacture of computer, electronic and optical products",EU15,European Union (15 countries),PT_EXGR_DVA,2021,2.793,0
EXGR_DVA_PSH,"Domestic value added in gross exports, destination partner shares",KOR,Korea,C26,"Manufacture of computer, electronic and optical products",ARE,United Arab Emirates,PT_EXGR_DVA,2021,0.135,0
EXGR_DVA_PSH,"Domestic value added in gross exports, destination partner shares",KOR,Korea,C26,"Manufacture of computer, electronic and optical products",PAK,Pakistan,PT_EXGR_DVA,2021,0.006,0
EXGR_DVA_PSH,"Domestic value added in gross exports, destination partner shares",KOR,Korea,C26,"Manufacture of computer, electronic and optical products",MEX,Mexico,PT_EXGR_DVA,2021,2.788,0
EXGR_DVA_PSH,"Domestic value added in gross exports, destination partner shares",KOR,Korea,C26,"Manufacture of computer, electronic and optical products",PHL,Philippines,PT_EXGR_DVA,2021,1.458,0
EXGR_DVA_PSH,"Domestic value added in gross exports, destination partner shares",KOR,Korea,C26,"Manufacture of computer, electronic and optical products",S2,Eastern Asia,PT_EXGR_DVA,2021,59.595,0
EXGR_DVA_PSH,"Domestic value added in gross exports, destination partner shares",KOR,Korea,C26,"Manufacture of computer, electronic and optical products",IDN,Indonesia,PT_EXGR_DVA,2021,0.347,0
EXGR_DVA_PSH,"Domestic value added in gross exports, destination partner shares",KOR,Korea,C26,"Manufacture of computer, electronic and optical products",HKG,Hong Kong (China),PT_EXGR_DVA,2021,0.035,0
EXGR_DVA_PSH,"Domestic value added in gross exports, destination partner shares",KOR,Korea,C26,"Manufacture of computer, electronic and optical products",WXD,Rest of the world,PT_EXGR_DVA,2021,0.797,0
EXGR_DVA_PSH,"Domestic value added in gross exports, destination partner shares",KOR,Korea,C26,"Manufacture of computer, electronic and optical products",SVN,Slovenia,PT_EXGR_DVA,2021,0.014,0
EXGR_DVA_PSH,"Domestic value added in gross exports, destination partner shares",KOR,Korea,C26,"Manufacture of computer, electronic and optical products",ROU,Romania,PT_EXGR_DVA,2021,0.013,0
EXGR_DVA_PSH,"Domestic value added in gross exports, destination partner shares",KOR,Korea,C26,"Manufacture of computer, electronic and optical products",ISR,Israel,PT_EXGR_DVA,2021,0.204,0
EXGR_DVA_PSH,"Domestic value added in gross exports, destination partner shares",KOR,Korea,C26,"Manufacture of computer, electronic and optical products",THA,Thailand,PT_EXGR_DVA,2021,0.659,0
EXGR_DVA_PSH,"Domestic value added in gross exports, destination partner shares",KOR,Korea,C26,"Manufacture of computer, electronic and optical products",PRT,Portugal,PT_EXGR_DVA,2021,0.018,0
EXGR_DVA_PSH,"Domestic value added in gross exports, destination partner shares",KOR,Korea,C26,"Manufacture of computer, electronic and optical products",CYP,Cyprus,PT_EXGR_DVA,2021,0.001,0
EXGR_DVA_PSH,"Domestic value added in gross exports, destination partner shares",KOR,Korea,C26,"Manufacture of computer, electronic and optical products",F,Africa,PT_EXGR_DVA,2021,0.126,0
EXGR_DVA_PSH,"Domestic value added in gross exports, destination partner shares",KOR,Korea,C26,"Manufacture of computer, electronic and optical products",ARG,Argentina,PT_EXGR_DVA,2021,0.022,0
EXGR_DVA_PSH,"Domestic value added in gross exports, destination partner shares",KOR,Korea,C26,"Manufacture of computer, electronic and optical products",CAN,Canada,PT_EXGR_DVA,2021,0.23,0
EXGR_DVA_PSH,"Domestic value added in gross exports, destination partner shares",KOR,Korea,C26,"Manufacture of computer, electronic and optical products",BGD,Bangladesh,PT_EXGR_DVA,2021,0.028,0
EXGR_DVA_PSH,"Domestic value added in gross exports, destination partner shares",KOR,Korea,C26,"Manufacture of computer, electronic and optical products",EA19,Euro area (19 countries),PT_EXGR_DVA,2021,2.636,0
EXGR_DVA_PSH,"Domestic value added in gross exports, destination partner shares",KOR,Korea,C26,"Manufacture of computer, electronic and optical products",NLD,Netherlands,PT_EXGR_DVA,2021,0.241,0
EXGR_DVA_PSH,"Domestic value added in gross exports, destination partner shares",KOR,Korea,C26,"Manufacture of computer, electronic and optical products",TUN,Tunisia,PT_EXGR_DVA,2021,0.01,0
EXGR_DVA_PSH,"Domestic value added in gross exports, destination partner shares",KOR,Korea,C26,"Manufacture of computer, electronic and optical products",TWN,Chinese Taipei,PT_EXGR_DVA,2021,7.16,0
EXGR_DVA_PSH,"Domestic value added in gross exports, destination partner shares",KOR,Korea,C26,"Manufacture of computer, electronic and optical products",NOR,Norway,PT_EXGR_DVA,2021,0.039,0
EXGR_DVA_PSH,"Domestic value added in gross exports, destination partner shares",KOR,Korea,C26,"Manufacture of computer, electronic and optical products",RUS,Russia,PT_EXGR_DVA,2021,0.302,0
EXGR_DVA_PSH,"Domestic value added in gross exports, destination partner shares",KOR,Korea,C26,"Manufacture of computer, electronic and optical products",AUT,Austria,PT_EXGR_DVA,2021,0.057,0
EXGR_DVA_PSH,"Domestic value added in gross exports, destination partner shares",KOR,Korea,C26,"Manufacture of computer, electronic and optical products",LVA,Latvia,PT_EXGR_DVA,2021,0.005,0
EXGR_DVA_PSH,"Domestic value added in gross exports, destination partner shares",KOR,Korea,C26,"Manufacture of computer, electronic and optical products",POL,Poland,PT_EXGR_DVA,2021,0.258,0
EXGR_DVA_PSH,"Domestic value added in gross exports, destination partner shares",KOR,Korea,C26,"Manufacture of computer, electronic and optical products",MYS,Malaysia,PT_EXGR_DVA,2021,0.543,0
EXGR_DVA_PSH,"Domestic value added in gross exports, destination partner shares",KOR,Korea,C26,"Manufacture of computer, electronic and optical products",BEL,Belgium,PT_EXGR_DVA,2021,0.032,0
EXGR_DVA_PSH,"Domestic value added in gross exports, destination partner shares",KOR,Korea,C26,"Manufacture of computer, electronic and optical products",CRI,Costa Rica,PT_EXGR_DVA,2021,0.004,0
EXGR_DVA_PSH,"Domestic value added in gross exports, destination partner shares",KOR,Korea,C26,"Manufacture of computer, electronic and optical products",ZAF,South Africa,PT_EXGR_DVA,2021,0.031,0
EXGR_DVA_PSH,"Domestic value added in gross exports, destination partner shares",KOR,Korea,C26,"Manufacture of computer, electronic and optical products",S2_S8,Eastern and South-eastern Asia,PT_EXGR_DVA,2021,79.901,0
EXGR_DVA_PSH,"Domestic value added in gross exports, destination partner shares",KOR,Korea,C26,"Manufacture of computer, electronic and optical products",GRC,Greece,PT_EXGR_DVA,2021,0.005,0
EXGR_DVA_PSH,"Domestic value added in gross exports, destination partner shares",KOR,Korea,C26,"Manufacture of computer, electronic and optical products",A5_A7,South and Central America,PT_EXGR_DVA,2021,0.714,0
EXGR_DVA_PSH,"Domestic value added in gross exports, destination partner shares",KOR,Korea,C26,"Manufacture of computer, electronic and optical products",CHL,Chile,PT_EXGR_DVA,2021,0.027,0
EXGR_DVA_PSH,"Domestic value added in gross exports, destination partner shares",KOR,Korea,C26,"Manufacture of computer, electronic and optical products",ESP,Spain,PT_EXGR_DVA,2021,0.067,0
EXGR_DVA_PSH,"Domestic value added in gross exports, destination partner shares",KOR,Korea,C26,"Manufacture of computer, electronic and optical products",EST,Estonia,PT_EXGR_DVA,2021,0.007,0
EXGR_DVA_PSH,"Domestic value added in gross exports, destination partner shares",KOR,Korea,C26,"Manufacture of computer, electronic and optical products",IND,India,PT_EXGR_DVA,2021,0.9,0
EXGR_DVA_PSH,"Domestic value added in gross exports, destination partner shares",KOR,Korea,C26,"Manufacture of computer, electronic and optical products",OECD,OECD,PT_EXGR_DVA,2021,18.787,0
EXGR_DVA_PSH,"Domestic value added in gross exports, destination partner shares",KOR,Korea,C26,"Manufacture of computer, electronic and optical products",AGO,Angola,PT_EXGR_DVA,2021,0.014,0
EXGR_DVA_PSH,"Domestic value added in gross exports, destination partner shares",KOR,Korea,C26,"Manufacture of computer, electronic and optical products",ITA,Italy,PT_EXGR_DVA,2021,0.099,0
EXGR_DVA_PSH,"Domestic value added in gross exports, destination partner shares",KOR,Korea,C26,"Manufacture of computer, electronic and optical products",MMR,Myanmar,PT_EXGR_DVA,2021,0.005,0
EXGR_DVA_PSH,"Domestic value added in gross exports, destination partner shares",KOR,Korea,C26,"Manufacture of computer, electronic and optical products",FRA,France,PT_EXGR_DVA,2021,0.23,0
EXGR_DVA_PSH,"Domestic value added in gross exports, destination partner shares",KOR,Korea,C26,"Manufacture of computer, electronic and optical products",PER,Peru,PT_EXGR_DVA,2021,0.012,0
EXGR_DVA_PSH,"Domestic value added in gross exports, destination partner shares",KOR,Korea,C26,"Manufacture of computer, electronic and optical products",APEC,APEC,PT_EXGR_DVA,2021,93.031,0
EXGR_DVA_PSH,"Domestic value added in gross exports, destination partner shares",KOR,Korea,C26,"Manufacture of computer, electronic and optical products",USA,United States,PT_EXGR_DVA,2021,9.602,0
EXGR_DVA_PSH,"Domestic value added in gross exports, destination partner shares",KOR,Korea,C26,"Manufacture of computer, electronic and optical products",SVK,Slovak Republic,PT_EXGR_DVA,2021,0.171,0
EXGR_DVA_PSH,"Domestic value added in gross exports, destination partner shares",KOR,Korea,C26,"Manufacture of computer, electronic and optical products",MLT,Malta,PT_EXGR_DVA,2021,0.013,0
EXGR_DVA_PSH,"Domestic value added in gross exports, destination partner shares",KOR,Korea,C26,"Manufacture of computer, electronic and optical products",SAU,Saudi Arabia,PT_EXGR_DVA,2021,0.149,0
EXGR_DVA_PSH,"Domestic value added in gross exports, destination partner shares",KOR,Korea,C26,"Manufacture of computer, electronic and optical products",NGA,Nigeria,PT_EXGR_DVA,2021,0.006,0
EXGR_DVA_PSH,"Domestic value added in gross exports, destination partner shares",KOR,Korea,C26,"Manufacture of computer, electronic and optical products",BLR,Belarus,PT_EXGR_DVA,2021,0.002,0
EXGR_DVA_PSH,"Domestic value added in gross exports, destination partner shares",KOR,Korea,C26,"Manufacture of computer, electronic and optical products",VNM,Viet Nam,PT_EXGR_DVA,2021,13.891,0
EXGR_DVA_PSH,"Domestic value added in gross exports, destination partner shares",KOR,Korea,C26,"Manufacture of computer, electronic and optical products",EU28XEU15,European Union 28 excluding European Union 15 countries,PT_EXGR_DVA,2021,0.86,0
EXGR_DVA_PSH,"Domestic value added in gross exports, destination partner shares",KOR,Korea,C26,"Manufacture of computer, electronic and optical products",IRL,Ireland,PT_EXGR_DVA,2021,0.283,0
EXGR_DVA_PSH,"Domestic value added in gross exports, destination partner shares",KOR,Korea,C26,"Manufacture of computer, electronic and optical products",NZL,New Zealand,PT_EXGR_DVA,2021,0.021,0
EXGR_DVA_PSH,"Domestic value added in gross exports, destination partner shares",KOR,Korea,C26,"Manufacture of computer, electronic and optical products",CIV,Côte d’Ivoire,PT_EXGR_DVA,2021,0.002,0
EXGR_DVA_PSH,"Domestic value added in gross exports, destination partner shares",KOR,Korea,C26,"Manufacture of computer, electronic and optical products",MAR,Morocco,PT_EXGR_DVA,2021,0.015,0
EXGR_DVA_PSH,"Domestic value added in gross exports, destination partner shares",KOR,Korea,C26,"Manufacture of computer, electronic and optical products",SWE,Sweden,PT_EXGR_DVA,2021,0.032,0
EXGR_DVA_PSH,"Domestic value added in gross exports, destination partner shares",KOR,Korea,C26,"Manufacture of computer, electronic and optical products",DEU,Germany,PT_EXGR_DVA,2021,1.328,0
EXGR_DVA_PSH,"Domestic value added in gross exports, destination partner shares",KOR,Korea,C26,"Manufacture of computer, electronic and optical products",ASEAN,ASEAN,PT_EXGR_DVA,2021,20.306,0
EXGR_DVA_PSH,"Domestic value added in gross exports, destination partner shares",KOR,Korea,C26,"Manufacture of computer, electronic and optical products",CZE,Czechia,PT_EXGR_DVA,2021,0.23,0
EXGR_DVA_PSH,"Domestic value added in gross exports, destination partner shares",KOR,Korea,C26,"Manufacture of computer, electronic and optical products",G20,G20,PT_EXGR_DVA,2021,71.343,0
EXGR_DVA_PSH,"Domestic value added in gross exports, destination partner shares",KOR,Korea,C26,"Manufacture of computer, electronic and optical products",SGP,Singapore,PT_EXGR_DVA,2021,3.398,0
EXGR_DVA_PSH,"Domestic value added in gross exports, destination partner shares",KOR,Korea,C26,"Manufacture of computer, electronic and optical products",EU27_2020,European Union (27 countries from 01/02/2020),PT_EXGR_DVA,2021,3.337,0
EXGR_DVA_PSH,"Domestic value added in gross exports, destination partner shares",KOR,Korea,C26,"Manufacture of computer, electronic and optical products",EU28,European Union (28 countries),PT_EXGR_DVA,2021,3.653,0
EXGR_DVA_PSH,"Domestic value added in gross exports, destination partner shares",KOR,Korea,C26,"Manufacture of computer, electronic and optical products",TUR,Türkiye,PT_EXGR_DVA,2021,0.137,0
EXGR_DVA_PSH,"Domestic value added in gross exports, destination partner shares",KOR,Korea,C26,"Manufacture of computer, electronic and optical products",UKR,Ukraine,PT_EXGR_DVA,2021,0.026,0
EXGR_DVA_PSH,"Domestic value added in gross exports, destination partner shares",KOR,Korea,C26,"Manufacture of computer, electronic and optical products",DNK,Denmark,PT_EXGR_DVA,2021,0.022,0
EXGR_DVA_PSH,"Domestic value added in gross exports, destination partner shares",KOR,Korea,C26,"Manufacture of computer, electronic and optical products",CHE,Switzerland,PT_EXGR_DVA,2021,0.071,0
EXGR_DVA_PSH,"Domestic value added in gross exports, destination partner shares",KOR,Korea,C26,"Manufacture of computer, electronic and optical products",GBR,United Kingdom,PT_EXGR_DVA,2014,0.511,0
EXGR_DVA_PSH,"Domestic value added in gross exports, destination partner shares",KOR,Korea,C26,"Manufacture of computer, electronic and optical products",COL,Colombia,PT_EXGR_DVA,2014,0.066,0
EXGR_DVA_PSH,"Domestic value added in gross exports, destination partner shares",KOR,Korea,C26,"Manufacture of computer, electronic and optical products",WXOECD,Non-OECD economies,PT_EXGR_DVA,2014,73.738,0
EXGR_DVA_PSH,"Domestic value added in gross exports, destination partner shares",KOR,Korea,C26,"Manufacture of computer, electronic and optical products",W_O,Other countries,PT_EXGR_DVA,2014,6.22,0
EXGR_DVA_PSH,"Domestic value added in gross exports, destination partner shares",KOR,Korea,C26,"Manufacture of computer, electronic and optical products",COD,Democratic Republic of the Congo,PT_EXGR_DVA,2014,0.005,0
EXGR_DVA_PSH,"Domestic value added in gross exports, destination partner shares",KOR,Korea,C26,"Manufacture of computer, electronic and optical products",HUN,Hungary,PT_EXGR_DVA,2014,0.339,0
EXGR_DVA_PSH,"Domestic value added in gross exports, destination partner shares",KOR,Korea,C26,"Manufacture of computer, electronic and optical products",E,Europe,PT_EXGR_DVA,2014,7.498,0
EXGR_DVA_PSH,"Domestic value added in gross exports, destination partner shares",KOR,Korea,C26,"Manufacture of computer, electronic and optical products",BRA,Brazil,PT_EXGR_DVA,2014,2.463,0
EXGR_DVA_PSH,"Domestic value added in gross exports, destination partner shares",KOR,Korea,C26,"Manufacture of computer, electronic and optical products",JPN,Japan,PT_EXGR_DVA,2014,3.482,0
EXGR_DVA_PSH,"Domestic value added in gross exports, destination partner shares",KOR,Korea,C26,"Manufacture of computer, electronic and optical products",NAFTA,NAFTA,PT_EXGR_DVA,2014,14.209,0
EXGR_DVA_PSH,"Domestic value added in gross exports, destination partner shares",KOR,Korea,C26,"Manufacture of computer, electronic and optical products",FIN,Finland,PT_EXGR_DVA,2014,0.167,0
EXGR_DVA_PSH,"Domestic value added in gross exports, destination partner shares",KOR,Korea,C26,"Manufacture of computer, electronic and optical products",LTU,Lithuania,PT_EXGR_DVA,2014,0.001,0
EXGR_DVA_PSH,"Domestic value added in gross exports, destination partner shares",KOR,Korea,C26,"Manufacture of computer, electronic and optical products",EGY,Egypt,PT_EXGR_DVA,2014,0.145,0
EXGR_DVA_PSH,"Domestic value added in gross exports, destination partner shares",KOR,Korea,C26,"Manufacture of computer, electronic and optical products",AUS,Australia,PT_EXGR_DVA,2014,0.326,0
EXGR_DVA_PSH,"Domestic value added in gross exports, destination partner shares",KOR,Korea,C26,"Manufacture of computer, electronic and optical products",EU15,European Union (15 countries),PT_EXGR_DVA,2014,4.067,0
EXGR_DVA_PSH,"Domestic value added in gross exports, destination partner shares",KOR,Korea,C26,"Manufacture of computer, electronic and optical products",ARE,United Arab Emirates,PT_EXGR_DVA,2014,0.339,0
EXGR_DVA_PSH,"Domestic value added in gross exports, destination partner shares",KOR,Korea,C26,"Manufacture of computer, electronic and optical products",PAK,Pakistan,PT_EXGR_DVA,2014,0.011,0
EXGR_DVA_PSH,"Domestic value added in gross exports, destination partner shares",KOR,Korea,C26,"Manufacture of computer, electronic and optical products",MEX,Mexico,PT_EXGR_DVA,2014,4.105,0
EXGR_DVA_PSH,"Domestic value added in gross exports, destination partner shares",KOR,Korea,C26,"Manufacture of computer, electronic and optical products",PHL,Philippines,PT_EXGR_DVA,2014,0.492,0
EXGR_DVA_PSH,"Domestic value added in gross exports, destination partner shares",KOR,Korea,C26,"Manufacture of computer, electronic and optical products",S2,Eastern Asia,PT_EXGR_DVA,2014,59.283,0
EXGR_DVA_PSH,"Domestic value added in gross exports, destination partner shares",KOR,Korea,C26,"Manufacture of computer, electronic and optical products",IDN,Indonesia,PT_EXGR_DVA,2014,0.541,0
EXGR_DVA_PSH,"Domestic value added in gross exports, destination partner shares",KOR,Korea,C26,"Manufacture of computer, electronic and optical products",KAZ,Kazakhstan,PT_EXGR_DVA,2014,0.04,0
EXGR_DVA_PSH,"Domestic value added in gross exports, destination partner shares",KOR,Korea,C26,"Manufacture of computer, electronic and optical products",HKG,Hong Kong (China),PT_EXGR_DVA,2014,0.03,0
EXGR_DVA_PSH,"Domestic value added in gross exports, destination partner shares",KOR,Korea,C26,"Manufacture of computer, electronic and optical products",WXD,Rest of the world,PT_EXGR_DVA,2014,2.434,0
EXGR_DVA_PSH,"Domestic value added in gross exports, destination partner shares",KOR,Korea,C26,"Manufacture of computer, electronic and optical products",SVN,Slovenia,PT_EXGR_DVA,2014,0.056,0
EXGR_DVA_PSH,"Domestic value added in gross exports, destination partner shares",KOR,Korea,C26,"Manufacture of computer, electronic and optical products",ROU,Romania,PT_EXGR_DVA,2014,0.034,0
EXGR_DVA_PSH,"Domestic value added in gross exports, destination partner shares",KOR,Korea,C26,"Manufacture of computer, electronic and optical products",ISR,Israel,PT_EXGR_DVA,2014,0.195,0
EXGR_DVA_PSH,"Domestic value added in gross exports, destination partner shares",KOR,Korea,C26,"Manufacture of computer, electronic and optical products",THA,Thailand,PT_EXGR_DVA,2014,0.76,0
EXGR_DVA_PSH,"Domestic value added in gross exports, destination partner shares",KOR,Korea,C26,"Manufacture of computer, electronic and optical products",PRT,Portugal,PT_EXGR_DVA,2014,0.028,0
EXGR_DVA_PSH,"Domestic value added in gross exports, destination partner shares",KOR,Korea,C26,"Manufacture of computer, electronic and optical products",F,Africa,PT_EXGR_DVA,2014,0.406,0
EXGR_DVA_PSH,"Domestic value added in gross exports, destination partner shares",KOR,Korea,C26,"Manufacture of computer, electronic and optical products",ARG,Argentina,PT_EXGR_DVA,2014,0.187,0
EXGR_DVA_PSH,"Domestic value added in gross exports, destination partner shares",KOR,Korea,C26,"Manufacture of computer, electronic and optical products",CAN,Canada,PT_EXGR_DVA,2014,0.454,0
EXGR_DVA_PSH,"Domestic value added in gross exports, destination partner shares",KOR,Korea,C26,"Manufacture of computer, electronic and optical products",EA19,Euro area (19 countries),PT_EXGR_DVA,2014,4.559,0
EXGR_DVA_PSH,"Domestic value added in gross exports, destination partner shares",KOR,Korea,C26,"Manufacture of computer, electronic and optical products",NLD,Netherlands,PT_EXGR_DVA,2014,0.056,0
EXGR_DVA_PSH,"Domestic value added in gross exports, destination partner shares",KOR,Korea,C26,"Manufacture of computer, electronic and optical products",TUN,Tunisia,PT_EXGR_DVA,2014,0.013,0
EXGR_DVA_PSH,"Domestic value added in gross exports, destination partner shares",KOR,Korea,C26,"Manufacture of computer, electronic and optical products",TWN,Chinese Taipei,PT_EXGR_DVA,2014,3.821,0
EXGR_DVA_PSH,"Domestic value added in gross exports, destination partner shares",KOR,Korea,C26,"Manufacture of computer, electronic and optical products",NOR,Norway,PT_EXGR_DVA,2014,0.171,0
EXGR_DVA_PSH,"Domestic value added in gross exports, destination partner shares",KOR,Korea,C26,"Manufacture of computer, electronic and optical products",RUS,Russia,PT_EXGR_DVA,2014,0.657,0
EXGR_DVA_PSH,"Domestic value added in gross exports, destination partner shares",KOR,Korea,C26,"Manufacture of computer, electronic and optical products",AUT,Austria,PT_EXGR_DVA,2014,0.175,0
EXGR_DVA_PSH,"Domestic value added in gross exports, destination partner shares",KOR,Korea,C26,"Manufacture of computer, electronic and optical products",LVA,Latvia,PT_EXGR_DVA,2014,0.004,0
EXGR_DVA_PSH,"Domestic value added in gross exports, destination partner shares",KOR,Korea,C26,"Manufacture of computer, electronic and optical products",POL,Poland,PT_EXGR_DVA,2014,0.744,0
EXGR_DVA_PSH,"Domestic value added in gross exports, destination partner shares",KOR,Korea,C26,"Manufacture of computer, electronic and optical products",MYS,Malaysia,PT_EXGR_DVA,2014,1.105,0
EXGR_DVA_PSH,"Domestic value added in gross exports, destination partner shares",KOR,Korea,C26,"Manufacture of computer, electronic and optical products",BEL,Belgium,PT_EXGR_DVA,2014,0.025,0
EXGR_DVA_PSH,"Domestic value added in gross exports, destination partner shares",KOR,Korea,C26,"Manufacture of computer, electronic and optical products",CRI,Costa Rica,PT_EXGR_DVA,2014,0.02,0
EXGR_DVA_PSH,"Domestic value added in gross exports, destination partner shares",KOR,Korea,C26,"Manufacture of computer, electronic and optical products",LUX,Luxembourg,PT_EXGR_DVA,2014,0.016,0
EXGR_DVA_PSH,"Domestic value added in gross exports, destination partner shares",KOR,Korea,C26,"Manufacture of computer, electronic and optical products",ZAF,South Africa,PT_EXGR_DVA,2014,0.113,0
EXGR_DVA_PSH,"Domestic value added in gross exports, destination partner shares",KOR,Korea,C26,"Manufacture of computer, electronic and optical products",S2_S8,Eastern and South-eastern Asia,PT_EXGR_DVA,2014,68.821,0
EXGR_DVA_PSH,"Domestic value added in gross exports, destination partner shares",KOR,Korea,C26,"Manufacture of computer, electronic and optical products",GRC,Greece,PT_EXGR_DVA,2014,0.008,0
EXGR_DVA_PSH,"Domestic value added in gross exports, destination partner shares",KOR,Korea,C26,"Manufacture of computer, electronic and optical products",A5_A7,South and Central America,PT_EXGR_DVA,2014,2.847,0
EXGR_DVA_PSH,"Domestic value added in gross exports, destination partner shares",KOR,Korea,C26,"Manufacture of computer, electronic and optical products",CHL,Chile,PT_EXGR_DVA,2014,0.057,0
EXGR_DVA_PSH,"Domestic value added in gross exports, destination partner shares",KOR,Korea,C26,"Manufacture of computer, electronic and optical products",ESP,Spain,PT_EXGR_DVA,2014,0.17,0
EXGR_DVA_PSH,"Domestic value added in gross exports, destination partner shares",KOR,Korea,C26,"Manufacture of computer, electronic and optical products",EST,Estonia,PT_EXGR_DVA,2014,0.011,0
EXGR_DVA_PSH,"Domestic value added in gross exports, destination partner shares",KOR,Korea,C26,"Manufacture of computer, electronic and optical products",CHN,China (People’s Republic of),PT_EXGR_DVA,2014,51.949,0
EXGR_DVA_PSH,"Domestic value added in gross exports, destination partner shares",KOR,Korea,C26,"Manufacture of computer, electronic and optical products",IND,India,PT_EXGR_DVA,2014,1.249,0
EXGR_DVA_PSH,"Domestic value added in gross exports, destination partner shares",KOR,Korea,C26,"Manufacture of computer, electronic and optical products",OECD,OECD,PT_EXGR_DVA,2014,26.262,0
EXGR_DVA_PSH,"Domestic value added in gross exports, destination partner shares",KOR,Korea,C26,"Manufacture of computer, electronic and optical products",AGO,Angola,PT_EXGR_DVA,2014,0.013,0
EXGR_DVA_PSH,"Domestic value added in gross exports, destination partner shares",KOR,Korea,C26,"Manufacture of computer, electronic and optical products",ITA,Italy,PT_EXGR_DVA,2014,0.189,0
EXGR_DVA_PSH,"Domestic value added in gross exports, destination partner shares",KOR,Korea,C26,"Manufacture of computer, electronic and optical products",FRA,France,PT_EXGR_DVA,2014,0.619,0
EXGR_DVA_PSH,"Domestic value added in gross exports, destination partner shares",KOR,Korea,C26,"Manufacture of computer, electronic and optical products",PER,Peru,PT_EXGR_DVA,2014,0.054,0
EXGR_DVA_PSH,"Domestic value added in gross exports, destination partner shares",KOR,Korea,C26,"Manufacture of computer, electronic and optical products",APEC,APEC,PT_EXGR_DVA,2014,84.147,0
EXGR_DVA_PSH,"Domestic value added in gross exports, destination partner shares",KOR,Korea,C26,"Manufacture of computer, electronic and optical products",USA,United States,PT_EXGR_DVA,2014,9.65,0
EXGR_DVA_PSH,"Domestic value added in gross exports, destination partner shares",KOR,Korea,C26,"Manufacture of computer, electronic and optical products",SVK,Slovak Republic,PT_EXGR_DVA,2014,0.965,0
EXGR_DVA_PSH,"Domestic value added in gross exports, destination partner shares",KOR,Korea,C26,"Manufacture of computer, electronic and optical products",CMR,Cameroon,PT_EXGR_DVA,2014,0.001,0
EXGR_DVA_PSH,"Domestic value added in gross exports, destination partner shares",KOR,Korea,C26,"Manufacture of computer, electronic and optical products",MLT,Malta,PT_EXGR_DVA,2014,0.026,0
EXGR_DVA_PSH,"Domestic value added in gross exports, destination partner shares",KOR,Korea,C26,"Manufacture of computer, electronic and optical products",SAU,Saudi Arabia,PT_EXGR_DVA,2014,0.425,0
EXGR_DVA_PSH,"Domestic value added in gross exports, destination partner shares",KOR,Korea,C26,"Manufacture of computer, electronic and optical products",NGA,Nigeria,PT_EXGR_DVA,2014,0.083,0
EXGR_DVA_PSH,"Domestic value added in gross exports, destination partner shares",KOR,Korea,C26,"Manufacture of computer, electronic and optical products",VNM,Viet Nam,PT_EXGR_DVA,2014,4.425,0
EXGR_DVA_PSH,"Domestic value added in gross exports, destination partner shares",KOR,Korea,C26,"Manufacture of computer, electronic and optical products",EU28XEU15,European Union 28 excluding European Union 15 countries,PT_EXGR_DVA,2014,2.458,0
EXGR_DVA_PSH,"Domestic value added in gross exports, destination partner shares",KOR,Korea,C26,"Manufacture of computer, electronic and optical products",IRL,Ireland,PT_EXGR_DVA,2014,0.157,0
EXGR_DVA_PSH,"Domestic value added in gross exports, destination partner shares",KOR,Korea,C26,"Manufacture of computer, electronic and optical products",ISL,Iceland,PT_EXGR_DVA,2014,0.016,0
EXGR_DVA_PSH,"Domestic value added in gross exports, destination partner shares",KOR,Korea,C26,"Manufacture of computer, electronic and optical products",NZL,New Zealand,PT_EXGR_DVA,2014,0.041,0
EXGR_DVA_PSH,"Domestic value added in gross exports, destination partner shares",KOR,Korea,C26,"Manufacture of computer, electronic and optical products",CIV,Côte d’Ivoire,PT_EXGR_DVA,2014,0.006,0
EXGR_DVA_PSH,"Domestic value added in gross exports, destination partner shares",KOR,Korea,C26,"Manufacture of computer, electronic and optical products",MAR,Morocco,PT_EXGR_DVA,2014,0.026,0
EXGR_DVA_PSH,"Domestic value added in gross exports, destination partner shares",KOR,Korea,C26,"Manufacture of computer, electronic and optical products",SWE,Sweden,PT_EXGR_DVA,2014,0.048,0
EXGR_DVA_PSH,"Domestic value added in gross exports, destination partner shares",KOR,Korea,C26,"Manufacture of computer, electronic and optical products",DEU,Germany,PT_EXGR_DVA,2014,1.884,0
EXGR_DVA_PSH,"Domestic value added in gross exports, destination partner shares",KOR,Korea,C26,"Manufacture of computer, electronic and optical products",ASEAN,ASEAN,PT_EXGR_DVA,2014,9.538,0
EXGR_DVA_PSH,"Domestic value added in gross exports, destination partner shares",KOR,Korea,C26,"Manufacture of computer, electronic and optical products",CZE,Czechia,PT_EXGR_DVA,2014,0.268,0
EXGR_DVA_PSH,"Domestic value added in gross exports, destination partner shares",KOR,Korea,C26,"Manufacture of computer, electronic and optical products",G20,G20,PT_EXGR_DVA,2014,83.255,0
EXGR_DVA_PSH,"Domestic value added in gross exports, destination partner shares",KOR,Korea,C26,"Manufacture of computer, electronic and optical products",SGP,Singapore,PT_EXGR_DVA,2014,2.191,0
EXGR_DVA_PSH,"Domestic value added in gross exports, destination partner shares",KOR,Korea,C26,"Manufacture of computer, electronic and optical products",EU27_2020,European Union (27 countries from 01/02/2020),PT_EXGR_DVA,2014,6.013,0
EXGR_DVA_PSH,"Domestic value added in gross exports, destination partner shares",KOR,Korea,C26,"Manufacture of computer, electronic and optical products",EU28,European Union (28 countries),PT_EXGR_DVA,2014,6.525,0
EXGR_DVA_PSH,"Domestic value added in gross exports, destination partner shares",KOR,Korea,C26,"Manufacture of computer, electronic and optical products",TUR,Türkiye,PT_EXGR_DVA,2014,1.129,0
EXGR_DVA_PSH,"Domestic value added in gross exports, destination partner shares",KOR,Korea,C26,"Manufacture of computer, electronic and optical products",UKR,Ukraine,PT_EXGR_DVA,2014,0.034,0
EXGR_DVA_PSH,"Domestic value added in gross exports, destination partner shares",KOR,Korea,C26,"Manufacture of computer, electronic and optical products",DNK,Denmark,PT_EXGR_DVA,2014,0.013,0
EXGR_DVA_PSH,"Domestic value added in gross exports, destination partner shares",KOR,Korea,C26,"Manufacture of computer, electronic and optical products",CHE,Switzerland,PT_EXGR_DVA,2014,0.093,0
EXGR_DVA_PSH,"Domestic value added in gross exports, destination partner shares",KOR,Korea,C26,"Manufacture of computer, electronic and optical products",KAZ,Kazakhstan,PT_EXGR_DVA,2021,0.005,0
EXGR_DVA_PSH,"Domestic value added in gross exports, destination partner shares",KOR,Korea,C26,"Manufacture of computer, electronic and optical products",BGR,Bulgaria,PT_EXGR_DVA,2021,0.005,0
EXGR_DVA_PSH,"Domestic value added in gross exports, destination partner shares",KOR,Korea,C26,"Manufacture of computer, electronic and optical products",LUX,Luxembourg,PT_EXGR_DVA,2021,0.009,0
EXGR_DVA_PSH,"Domestic value added in gross exports, destination partner shares",KOR,Korea,C26,"Manufacture of computer, electronic and optical products",BGD,Bangladesh,PT_EXGR_DVA,2014,0.02,0
EXGR_DVA_PSH,"Domestic value added in gross exports, destination partner shares",KOR,Korea,C26,"Manufacture of computer, electronic and optical products",KHM,Cambodia,PT_EXGR_DVA,2014,0.011,0
EXGR_DVA_PSH,"Domestic value added in gross exports, destination partner shares",KOR,Korea,C26,"Manufacture of computer, electronic and optical products",JOR,Jordan,PT_EXGR_DVA,2014,0.01,0
EXGR_DVA_PSH,"Domestic value added in gross exports, destination partner shares",KOR,Korea,C26,"Manufacture of computer, electronic and optical products",BRN,Brunei Darussalam,PT_EXGR_DVA,2014,0.006,0
EXGR_DVA_PSH,"Domestic value added in gross exports, destination partner shares",KOR,Korea,C26,"Manufacture of computer, electronic and optical products",BGR,Bulgaria,PT_EXGR_DVA,2014,0.006,0
EXGR_DVA_PSH,"Domestic value added in gross exports, destination partner shares",KOR,Korea,C26,"Manufacture of computer, electronic and optical products",MMR,Myanmar,PT_EXGR_DVA,2014,0.006,0
EXGR_DVA_PSH,"Domestic value added in gross exports, destination partner shares",KOR,Korea,C26,"Manufacture of computer, electronic and optical products",HRV,Croatia,PT_EXGR_DVA,2014,0.003,0
EXGR_DVA_PSH,"Domestic value added in gross exports, destination partner shares",KOR,Korea,C26,"Manufacture of computer, electronic and optical products",CMR,Cameroon,PT_EXGR_DVA,2021,0.002,0
EXGR_DVA_PSH,"Domestic value added in gross exports, destination partner shares",KOR,Korea,C26,"Manufacture of computer, electronic and optical products",HRV,Croatia,PT_EXGR_DVA,2021,0.002,0
EXGR_DVA_PSH,"Domestic value added in gross exports, destination partner shares",KOR,Korea,C26,"Manufacture of computer, electronic and optical products",BLR,Belarus,PT_EXGR_DVA,2014,0.002,0
EXGR_DVA_PSH,"Domestic value added in gross exports, destination partner shares",KOR,Korea,C26,"Manufacture of computer, electronic and optical products",SEN,Senegal,PT_EXGR_DVA,2014,0.001,0
EXGR_DVA_PSH,"Domestic value added in gross exports, destination partner shares",KOR,Korea,C26,"Manufacture of computer, electronic and optical products",CYP,Cyprus,PT_EXGR_DVA,2014,0.001,0
EXGR_DVA_PSH,"Domestic value added in gross exports, destination partner shares",KOR,Korea,C26,"Manufacture of computer, electronic and optical products",LAO,Lao People’s Democratic Republic,PT_EXGR_DVA,2021,0.001,0
EXGR_DVA_PSH,"Domestic value added in gross exports, destination partner shares",KOR,Korea,C26,"Manufacture of computer, electronic and optical products",BRN,Brunei Darussalam,PT_EXGR_DVA,2021,0.001,0
EXGR_DVA_PSH,"Domestic value added in gross exports, destination partner shares",KOR,Korea,C26,"Manufacture of computer, electronic and optical products",SEN,Senegal,PT_EXGR_DVA,2021,0.001,0
EXGR_DVA_PSH,"Domestic value added in gross exports, destination partner shares",KOR,Korea,C26,"Manufacture of computer, electronic and optical products",ISL,Iceland,PT_EXGR_DVA,2021,0.001,0
EXGR_DVA_PSH,"Domestic value added in gross exports, destination partner shares",KOR,Korea,C26,"Manufacture of computer, electronic and optical products",LTU,Lithuania,PT_EXGR_DVA,2021,0.002,0
EXGR_DVA_PSH,"Domestic value added in gross exports, destination partner shares",KOR,Korea,C26,"Manufacture of computer, electronic and optical products",JOR,Jordan,PT_EXGR_DVA,2021,0.004,0
EXGR_DVA_PSH,"Domestic value added in gross exports, destination partner shares",KOR,Korea,C26,"Manufacture of computer, electronic and optical products",CHN,China (People’s Republic of),PT_EXGR_DVA,2021,50.54,0
EXGR_DVA_PSH,"Domestic value added in gross exports, destination partner shares",KOR,Korea,C26,"Manufacture of computer, electronic and optical products",W,World,PT_EXGR_DVA,2021,100,0
EXGR_DVA_PSH,"Domestic value added in gross exports, destination partner shares",KOR,Korea,C26,"Manufacture of computer, electronic and optical products",W,World,PT_EXGR_DVA,2014,100,0
EXGR_DVA_PSH,"Domestic value added in gross exports, destination partner shares",KOR,Korea,C26,"Manufacture of computer, electronic and optical products",KOR,Korea,PT_EXGR_DVA,2021,0,0
EXGR_DVA_PSH,"Domestic value added in gross exports, destination partner shares",KOR,Korea,C26,"Manufacture of computer, electronic and optical products",STP,Sao Tome and Principe,PT_EXGR_DVA,2021,0,0
EXGR_DVA_PSH,"Domestic value added in gross exports, destination partner shares",KOR,Korea,C26,"Manufacture of computer, electronic and optical products",STP,Sao Tome and Principe,PT_EXGR_DVA,2014,0,0
EXGR_DVA_PSH,"Domestic value added in gross exports, destination partner shares",KOR,Korea,C26,"Manufacture of computer, electronic and optical products",LAO,Lao People’s Democratic Republic,PT_EXGR_DVA,2014,0,0
EXGR_DVA_PSH,"Domestic value added in gross exports, destination partner shares",KOR,Korea,C26,"Manufacture of computer, electronic and optical products",KOR,Korea,PT_EXGR_DVA,2014,0,0
EXGR_DVA_PSH,"Domestic value added in gross exports, destination partner shares",KOR,Korea,C26,"Manufacture of computer, electronic and optical products",GBR,United Kingdom,PT_EXGR_DVA,2011,0.38,0
EXGR_DVA_PSH,"Domestic value added in gross exports, destination partner shares",KOR,Korea,C26,"Manufacture of computer, electronic and optical products",COL,Colombia,PT_EXGR_DVA,2011,0.05,0
EXGR_DVA_PSH,"Domestic value added in gross exports, destination partner shares",KOR,Korea,C26,"Manufacture of computer, electronic and optical products",WXOECD,Non-OECD economies,PT_EXGR_DVA,2011,66.74,0
EXGR_DVA_PSH,"Domestic value added in gross exports, destination partner shares",KOR,Korea,C26,"Manufacture of computer, electronic and optical products",W_O,Other countries,PT_EXGR_DVA,2011,5.816,0
EXGR_DVA_PSH,"Domestic value added in gross exports, destination partner shares",KOR,Korea,C26,"Manufacture of computer, electronic and optical products",HUN,Hungary,PT_EXGR_DVA,2011,0.938,0
EXGR_DVA_PSH,"Domestic value added in gross exports, destination partner shares",KOR,Korea,C26,"Manufacture of computer, electronic and optical products",E,Europe,PT_EXGR_DVA,2011,11.3,0
EXGR_DVA_PSH,"Domestic value added in gross exports, destination partner shares",KOR,Korea,C26,"Manufacture of computer, electronic and optical products",BRA,Brazil,PT_EXGR_DVA,2011,2.329,0
EXGR_DVA_PSH,"Domestic value added in gross exports, destination partner shares",KOR,Korea,C26,"Manufacture of computer, electronic and optical products",JPN,Japan,PT_EXGR_DVA,2011,4.813,0
EXGR_DVA_PSH,"Domestic value added in gross exports, destination partner shares",KOR,Korea,C26,"Manufacture of computer, electronic and optical products",NAFTA,NAFTA,PT_EXGR_DVA,2011,16.641,0
EXGR_DVA_PSH,"Domestic value added in gross exports, destination partner shares",KOR,Korea,C26,"Manufacture of computer, electronic and optical products",FIN,Finland,PT_EXGR_DVA,2011,0.262,0
EXGR_DVA_PSH,"Domestic value added in gross exports, destination partner shares",KOR,Korea,C26,"Manufacture of computer, electronic and optical products",LTU,Lithuania,PT_EXGR_DVA,2011,0.002,0
EXGR_DVA_PSH,"Domestic value added in gross exports, destination partner shares",KOR,Korea,C26,"Manufacture of computer, electronic and optical products",EGY,Egypt,PT_EXGR_DVA,2011,0.072,0
EXGR_DVA_PSH,"Domestic value added in gross exports, destination partner shares",KOR,Korea,C26,"Manufacture of computer, electronic and optical products",AUS,Australia,PT_EXGR_DVA,2011,0.657,0
EXGR_DVA_PSH,"Domestic value added in gross exports, destination partner shares",KOR,Korea,C26,"Manufacture of computer, electronic and optical products",EU15,European Union (15 countries),PT_EXGR_DVA,2011,5.916,0
EXGR_DVA_PSH,"Domestic value added in gross exports, destination partner shares",KOR,Korea,C26,"Manufacture of computer, electronic and optical products",ARE,United Arab Emirates,PT_EXGR_DVA,2011,0.236,0
EXGR_DVA_PSH,"Domestic value added in gross exports, destination partner shares",KOR,Korea,C26,"Manufacture of computer, electronic and optical products",PAK,Pakistan,PT_EXGR_DVA,2011,0.024,0
EXGR_DVA_PSH,"Domestic value added in gross exports, destination partner shares",KOR,Korea,C26,"Manufacture of computer, electronic and optical products",MEX,Mexico,PT_EXGR_DVA,2011,5.347,0
EXGR_DVA_PSH,"Domestic value added in gross exports, destination partner shares",KOR,Korea,C26,"Manufacture of computer, electronic and optical products",PHL,Philippines,PT_EXGR_DVA,2011,0.576,0
EXGR_DVA_PSH,"Domestic value added in gross exports, destination partner shares",KOR,Korea,C26,"Manufacture of computer, electronic and optical products",S2,Eastern Asia,PT_EXGR_DVA,2011,54.617,0
EXGR_DVA_PSH,"Domestic value added in gross exports, destination partner shares",KOR,Korea,C26,"Manufacture of computer, electronic and optical products",IDN,Indonesia,PT_EXGR_DVA,2011,0.792,0
EXGR_DVA_PSH,"Domestic value added in gross exports, destination partner shares",KOR,Korea,C26,"Manufacture of computer, electronic and optical products",KAZ,Kazakhstan,PT_EXGR_DVA,2011,0.057,0
EXGR_DVA_PSH,"Domestic value added in gross exports, destination partner shares",KOR,Korea,C26,"Manufacture of computer, electronic and optical products",HKG,Hong Kong (China),PT_EXGR_DVA,2011,0.032,0
EXGR_DVA_PSH,"Domestic value added in gross exports, destination partner shares",KOR,Korea,C26,"Manufacture of computer, electronic and optical products",WXD,Rest of the world,PT_EXGR_DVA,2011,2.119,0
EXGR_DVA_PSH,"Domestic value added in gross exports, destination partner shares",KOR,Korea,C26,"Manufacture of computer, electronic and optical products",SVN,Slovenia,PT_EXGR_DVA,2011,0.036,0
EXGR_DVA_PSH,"Domestic value added in gross exports, destination partner shares",KOR,Korea,C26,"Manufacture of computer, electronic and optical products",ROU,Romania,PT_EXGR_DVA,2011,0.044,0
EXGR_DVA_PSH,"Domestic value added in gross exports, destination partner shares",KOR,Korea,C26,"Manufacture of computer, electronic and optical products",ISR,Israel,PT_EXGR_DVA,2011,0.274,0
EXGR_DVA_PSH,"Domestic value added in gross exports, destination partner shares",KOR,Korea,C26,"Manufacture of computer, electronic and optical products",THA,Thailand,PT_EXGR_DVA,2011,0.846,0
EXGR_DVA_PSH,"Domestic value added in gross exports, destination partner shares",KOR,Korea,C26,"Manufacture of computer, electronic and optical products",PRT,Portugal,PT_EXGR_DVA,2011,0.026,0
EXGR_DVA_PSH,"Domestic value added in gross exports, destination partner shares",KOR,Korea,C26,"Manufacture of computer, electronic and optical products",CYP,Cyprus,PT_EXGR_DVA,2011,0.001,0
EXGR_DVA_PSH,"Domestic value added in gross exports, destination partner shares",KOR,Korea,C26,"Manufacture of computer, electronic and optical products",F,Africa,PT_EXGR_DVA,2011,0.515,0
EXGR_DVA_PSH,"Domestic value added in gross exports, destination partner shares",KOR,Korea,C26,"Manufacture of computer, electronic and optical products",ARG,Argentina,PT_EXGR_DVA,2011,0.23,0
EXGR_DVA_PSH,"Domestic value added in gross exports, destination partner shares",KOR,Korea,C26,"Manufacture of computer, electronic and optical products",CAN,Canada,PT_EXGR_DVA,2011,0.829,0
EXGR_DVA_PSH,"Domestic value added in gross exports, destination partner shares",KOR,Korea,C26,"Manufacture of computer, electronic and optical products",EA19,Euro area (19 countries),PT_EXGR_DVA,2011,6.737,0
EXGR_DVA_PSH,"Domestic value added in gross exports, destination partner shares",KOR,Korea,C26,"Manufacture of computer, electronic and optical products",NLD,Netherlands,PT_EXGR_DVA,2011,0.036,0
EXGR_DVA_PSH,"Domestic value added in gross exports, destination partner shares",KOR,Korea,C26,"Manufacture of computer, electronic and optical products",TUN,Tunisia,PT_EXGR_DVA,2011,0.022,0
EXGR_DVA_PSH,"Domestic value added in gross exports, destination partner shares",KOR,Korea,C26,"Manufacture of computer, electronic and optical products",TWN,Chinese Taipei,PT_EXGR_DVA,2011,5.181,0
EXGR_DVA_PSH,"Domestic value added in gross exports, destination partner shares",KOR,Korea,C26,"Manufacture of computer, electronic and optical products",NOR,Norway,PT_EXGR_DVA,2011,0.163,0
EXGR_DVA_PSH,"Domestic value added in gross exports, destination partner shares",KOR,Korea,C26,"Manufacture of computer, electronic and optical products",RUS,Russia,PT_EXGR_DVA,2011,0.929,0
EXGR_DVA_PSH,"Domestic value added in gross exports, destination partner shares",KOR,Korea,C26,"Manufacture of computer, electronic and optical products",BGR,Bulgaria,PT_EXGR_DVA,2011,0.037,0
EXGR_DVA_PSH,"Domestic value added in gross exports, destination partner shares",KOR,Korea,C26,"Manufacture of computer, electronic and optical products",AUT,Austria,PT_EXGR_DVA,2011,0.178,0
EXGR_DVA_PSH,"Domestic value added in gross exports, destination partner shares",KOR,Korea,C26,"Manufacture of computer, electronic and optical products",LVA,Latvia,PT_EXGR_DVA,2011,0.006,0
EXGR_DVA_PSH,"Domestic value added in gross exports, destination partner shares",KOR,Korea,C26,"Manufacture of computer, electronic and optical products",POL,Poland,PT_EXGR_DVA,2011,1.439,0
EXGR_DVA_PSH,"Domestic value added in gross exports, destination partner shares",KOR,Korea,C26,"Manufacture of computer, electronic and optical products",MYS,Malaysia,PT_EXGR_DVA,2011,1.784,0
EXGR_DVA_PSH,"Domestic value added in gross exports, destination partner shares",KOR,Korea,C26,"Manufacture of computer, electronic and optical products",BEL,Belgium,PT_EXGR_DVA,2011,0.026,0
EXGR_DVA_PSH,"Domestic value added in gross exports, destination partner shares",KOR,Korea,C26,"Manufacture of computer, electronic and optical products",LUX,Luxembourg,PT_EXGR_DVA,2011,0.006,0
EXGR_DVA_PSH,"Domestic value added in gross exports, destination partner shares",KOR,Korea,C26,"Manufacture of computer, electronic and optical products",ZAF,South Africa,PT_EXGR_DVA,2011,0.248,0
EXGR_DVA_PSH,"Domestic value added in gross exports, destination partner shares",KOR,Korea,C26,"Manufacture of computer, electronic and optical products",S2_S8,Eastern and South-eastern Asia,PT_EXGR_DVA,2011,62.845,0
EXGR_DVA_PSH,"Domestic value added in gross exports, destination partner shares",KOR,Korea,C26,"Manufacture of computer, electronic and optical products",HRV,Croatia,PT_EXGR_DVA,2011,0.032,0
EXGR_DVA_PSH,"Domestic value added in gross exports, destination partner shares",KOR,Korea,C26,"Manufacture of computer, electronic and optical products",GRC,Greece,PT_EXGR_DVA,2011,0.023,0
EXGR_DVA_PSH,"Domestic value added in gross exports, destination partner shares",KOR,Korea,C26,"Manufacture of computer, electronic and optical products",A5_A7,South and Central America,PT_EXGR_DVA,2011,2.883,0
EXGR_DVA_PSH,"Domestic value added in gross exports, destination partner shares",KOR,Korea,C26,"Manufacture of computer, electronic and optical products",CHL,Chile,PT_EXGR_DVA,2011,0.148,0
EXGR_DVA_PSH,"Domestic value added in gross exports, destination partner shares",KOR,Korea,C26,"Manufacture of computer, electronic and optical products",ESP,Spain,PT_EXGR_DVA,2011,0.261,0
EXGR_DVA_PSH,"Domestic value added in gross exports, destination partner shares",KOR,Korea,C26,"Manufacture of computer, electronic and optical products",EST,Estonia,PT_EXGR_DVA,2011,0.011,0
EXGR_DVA_PSH,"Domestic value added in gross exports, destination partner shares",KOR,Korea,C26,"Manufacture of computer, electronic and optical products",CHN,China (People’s Republic of),PT_EXGR_DVA,2011,44.591,0
EXGR_DVA_PSH,"Domestic value added in gross exports, destination partner shares",KOR,Korea,C26,"Manufacture of computer, electronic and optical products",IND,India,PT_EXGR_DVA,2011,1.224,0
EXGR_DVA_PSH,"Domestic value added in gross exports, destination partner shares",KOR,Korea,C26,"Manufacture of computer, electronic and optical products",OECD,OECD,PT_EXGR_DVA,2011,33.26,0
EXGR_DVA_PSH,"Domestic value added in gross exports, destination partner shares",KOR,Korea,C26,"Manufacture of computer, electronic and optical products",AGO,Angola,PT_EXGR_DVA,2011,0.015,0
EXGR_DVA_PSH,"Domestic value added in gross exports, destination partner shares",KOR,Korea,C26,"Manufacture of computer, electronic and optical products",ITA,Italy,PT_EXGR_DVA,2011,0.388,0
EXGR_DVA_PSH,"Domestic value added in gross exports, destination partner shares",KOR,Korea,C26,"Manufacture of computer, electronic and optical products",MMR,Myanmar,PT_EXGR_DVA,2011,0.003,0
EXGR_DVA_PSH,"Domestic value added in gross exports, destination partner shares",KOR,Korea,C26,"Manufacture of computer, electronic and optical products",FRA,France,PT_EXGR_DVA,2011,1.07,0
EXGR_DVA_PSH,"Domestic value added in gross exports, destination partner shares",KOR,Korea,C26,"Manufacture of computer, electronic and optical products",JOR,Jordan,PT_EXGR_DVA,2011,0.024,0
EXGR_DVA_PSH,"Domestic value added in gross exports, destination partner shares",KOR,Korea,C26,"Manufacture of computer, electronic and optical products",PER,Peru,PT_EXGR_DVA,2011,0.123,0
EXGR_DVA_PSH,"Domestic value added in gross exports, destination partner shares",KOR,Korea,C26,"Manufacture of computer, electronic and optical products",APEC,APEC,PT_EXGR_DVA,2011,81.389,0
EXGR_DVA_PSH,"Domestic value added in gross exports, destination partner shares",KOR,Korea,C26,"Manufacture of computer, electronic and optical products",USA,United States,PT_EXGR_DVA,2011,10.465,0
EXGR_DVA_PSH,"Domestic value added in gross exports, destination partner shares",KOR,Korea,C26,"Manufacture of computer, electronic and optical products",SVK,Slovak Republic,PT_EXGR_DVA,2011,1.2,0
EXGR_DVA_PSH,"Domestic value added in gross exports, destination partner shares",KOR,Korea,C26,"Manufacture of computer, electronic and optical products",MLT,Malta,PT_EXGR_DVA,2011,0.033,0
EXGR_DVA_PSH,"Domestic value added in gross exports, destination partner shares",KOR,Korea,C26,"Manufacture of computer, electronic and optical products",SAU,Saudi Arabia,PT_EXGR_DVA,2011,0.698,0
EXGR_DVA_PSH,"Domestic value added in gross exports, destination partner shares",KOR,Korea,C26,"Manufacture of computer, electronic and optical products",NGA,Nigeria,PT_EXGR_DVA,2011,0.109,0
EXGR_DVA_PSH,"Domestic value added in gross exports, destination partner shares",KOR,Korea,C26,"Manufacture of computer, electronic and optical products",BLR,Belarus,PT_EXGR_DVA,2011,0.01,0
EXGR_DVA_PSH,"Domestic value added in gross exports, destination partner shares",KOR,Korea,C26,"Manufacture of computer, electronic and optical products",VNM,Viet Nam,PT_EXGR_DVA,2011,1.856,0
EXGR_DVA_PSH,"Domestic value added in gross exports, destination partner shares",KOR,Korea,C26,"Manufacture of computer, electronic and optical products",EU28XEU15,European Union 28 excluding European Union 15 countries,PT_EXGR_DVA,2011,4.183,0
EXGR_DVA_PSH,"Domestic value added in gross exports, destination partner shares",KOR,Korea,C26,"Manufacture of computer, electronic and optical products",IRL,Ireland,PT_EXGR_DVA,2011,0.137,0
EXGR_DVA_PSH,"Domestic value added in gross exports, destination partner shares",KOR,Korea,C26,"Manufacture of computer, electronic and optical products",ISL,Iceland,PT_EXGR_DVA,2011,0.01,0
EXGR_DVA_PSH,"Domestic value added in gross exports, destination partner shares",KOR,Korea,C26,"Manufacture of computer, electronic and optical products",NZL,New Zealand,PT_EXGR_DVA,2011,0.06,0
EXGR_DVA_PSH,"Domestic value added in gross exports, destination partner shares",KOR,Korea,C26,"Manufacture of computer, electronic and optical products",MAR,Morocco,PT_EXGR_DVA,2011,0.042,0
EXGR_DVA_PSH,"Domestic value added in gross exports, destination partner shares",KOR,Korea,C26,"Manufacture of computer, electronic and optical products",SWE,Sweden,PT_EXGR_DVA,2011,0.074,0
EXGR_DVA_PSH,"Domestic value added in gross exports, destination partner shares",KOR,Korea,C26,"Manufacture of computer, electronic and optical products",DEU,Germany,PT_EXGR_DVA,2011,3.034,0
EXGR_DVA_PSH,"Domestic value added in gross exports, destination partner shares",KOR,Korea,C26,"Manufacture of computer, electronic and optical products",ASEAN,ASEAN,PT_EXGR_DVA,2011,8.228,0
EXGR_DVA_PSH,"Domestic value added in gross exports, destination partner shares",KOR,Korea,C26,"Manufacture of computer, electronic and optical products",CZE,Czechia,PT_EXGR_DVA,2011,0.403,0
EXGR_DVA_PSH,"Domestic value added in gross exports, destination partner shares",KOR,Korea,C26,"Manufacture of computer, electronic and optical products",G20,G20,PT_EXGR_DVA,2011,83.684,0
EXGR_DVA_PSH,"Domestic value added in gross exports, destination partner shares",KOR,Korea,C26,"Manufacture of computer, electronic and optical products",SGP,Singapore,PT_EXGR_DVA,2011,2.358,0
EXGR_DVA_PSH,"Domestic value added in gross exports, destination partner shares",KOR,Korea,C26,"Manufacture of computer, electronic and optical products",EU27_2020,European Union (27 countries from 01/02/2020),PT_EXGR_DVA,2011,9.719,0
EXGR_DVA_PSH,"Domestic value added in gross exports, destination partner shares",KOR,Korea,C26,"Manufacture of computer, electronic and optical products",EU28,European Union (28 countries),PT_EXGR_DVA,2011,10.099,0
EXGR_DVA_PSH,"Domestic value added in gross exports, destination partner shares",KOR,Korea,C26,"Manufacture of computer, electronic and optical products",TUR,Türkiye,PT_EXGR_DVA,2011,0.434,0
EXGR_DVA_PSH,"Domestic value added in gross exports, destination partner shares",KOR,Korea,C26,"Manufacture of computer, electronic and optical products",UKR,Ukraine,PT_EXGR_DVA,2011,0.034,0
EXGR_DVA_PSH,"Domestic value added in gross exports, destination partner shares",KOR,Korea,C26,"Manufacture of computer, electronic and optical products",DNK,Denmark,PT_EXGR_DVA,2011,0.015,0
EXGR_DVA_PSH,"Domestic value added in gross exports, destination partner shares",KOR,Korea,C26,"Manufacture of computer, electronic and optical products",CHE,Switzerland,PT_EXGR_DVA,2011,0.056,0
EXGR_DVA_PSH,"Domestic value added in gross exports, destination partner shares",KOR,Korea,C26,"Manufacture of computer, electronic and optical products",KHM,Cambodia,PT_EXGR_DVA,2011,0.01,0
EXGR_DVA_PSH,"Domestic value added in gross exports, destination partner shares",KOR,Korea,C26,"Manufacture of computer, electronic and optical products",BGD,Bangladesh,PT_EXGR_DVA,2011,0.01,0
EXGR_DVA_PSH,"Domestic value added in gross exports, destination partner shares",KOR,Korea,C26,"Manufacture of computer, electronic and optical products",COD,Democratic Republic of the Congo,PT_EXGR_DVA,2011,0.003,0
EXGR_DVA_PSH,"Domestic value added in gross exports, destination partner shares",KOR,Korea,C26,"Manufacture of computer, electronic and optical products",BRN,Brunei Darussalam,PT_EXGR_DVA,2011,0.003,0
EXGR_DVA_PSH,"Domestic value added in gross exports, destination partner shares",KOR,Korea,C26,"Manufacture of computer, electronic and optical products",CMR,Cameroon,PT_EXGR_DVA,2011,0.002,0
EXGR_DVA_PSH,"Domestic value added in gross exports, destination partner shares",KOR,Korea,C26,"Manufacture of computer, electronic and optical products",CIV,Côte d’Ivoire,PT_EXGR_DVA,2011,0.002,0
EXGR_DVA_PSH,"Domestic value added in gross exports, destination partner shares",KOR,Korea,C26,"Manufacture of computer, electronic and optical products",CRI,Costa Rica,PT_EXGR_DVA,2011,0.002,0
EXGR_DVA_PSH,"Domestic value added in gross exports, destination partner shares",KOR,Korea,C26,"Manufacture of computer, electronic and optical products",SEN,Senegal,PT_EXGR_DVA,2011,0.001,0
EXGR_DVA_PSH,"Domestic value added in gross exports, destination partner shares",KOR,Korea,C26,"Manufacture of computer, electronic and optical products",LAO,Lao People’s Democratic Republic,PT_EXGR_DVA,2011,0.001,0
EXGR_DVA_PSH,"Domestic value added in gross exports, destination partner shares",KOR,Korea,C26,"Manufacture of computer, electronic and optical products",W,World,PT_EXGR_DVA,2011,100,0
EXGR_DVA_PSH,"Domestic value added in gross exports, destination partner shares",KOR,Korea,C26,"Manufacture of computer, electronic and optical products",KOR,Korea,PT_EXGR_DVA,2011,0,0
EXGR_DVA_PSH,"Domestic value added in gross exports, destination partner shares",KOR,Korea,C26,"Manufacture of computer, electronic and optical products",STP,Sao Tome and Principe,PT_EXGR_DVA,2011,0,0
EXGR_DVA_PSH,"Domestic value added in gross exports, destination partner shares",KOR,Korea,C26,"Manufacture of computer, electronic and optical products",GBR,United Kingdom,PT_EXGR_DVA,2020,0.357,0
EXGR_DVA_PSH,"Domestic value added in gross exports, destination partner shares",KOR,Korea,C26,"Manufacture of computer, electronic and optical products",WXOECD,Non-OECD economies,PT_EXGR_DVA,2020,79.842,0
EXGR_DVA_PSH,"Domestic value added in gross exports, destination partner shares",KOR,Korea,C26,"Manufacture of computer, electronic and optical products",W_O,Other countries,PT_EXGR_DVA,2020,3.271,0
EXGR_DVA_PSH,"Domestic value added in gross exports, destination partner shares",KOR,Korea,C26,"Manufacture of computer, electronic and optical products",COD,Democratic Republic of the Congo,PT_EXGR_DVA,2020,0.001,0
EXGR_DVA_PSH,"Domestic value added in gross exports, destination partner shares",KOR,Korea,C26,"Manufacture of computer, electronic and optical products",HUN,Hungary,PT_EXGR_DVA,2020,0.234,0
EXGR_DVA_PSH,"Domestic value added in gross exports, destination partner shares",KOR,Korea,C26,"Manufacture of computer, electronic and optical products",E,Europe,PT_EXGR_DVA,2020,4.631,0
EXGR_DVA_PSH,"Domestic value added in gross exports, destination partner shares",KOR,Korea,C26,"Manufacture of computer, electronic and optical products",BRA,Brazil,PT_EXGR_DVA,2020,0.696,0
EXGR_DVA_PSH,"Domestic value added in gross exports, destination partner shares",KOR,Korea,C26,"Manufacture of computer, electronic and optical products",JPN,Japan,PT_EXGR_DVA,2020,1.828,0
EXGR_DVA_PSH,"Domestic value added in gross exports, destination partner shares",KOR,Korea,C26,"Manufacture of computer, electronic and optical products",NAFTA,NAFTA,PT_EXGR_DVA,2020,13.353,0
EXGR_DVA_PSH,"Domestic value added in gross exports, destination partner shares",KOR,Korea,C26,"Manufacture of computer, electronic and optical products",FIN,Finland,PT_EXGR_DVA,2020,0.08,0
EXGR_DVA_PSH,"Domestic value added in gross exports, destination partner shares",KOR,Korea,C26,"Manufacture of computer, electronic and optical products",EGY,Egypt,PT_EXGR_DVA,2020,0.041,0
EXGR_DVA_PSH,"Domestic value added in gross exports, destination partner shares",KOR,Korea,C26,"Manufacture of computer, electronic and optical products",AUS,Australia,PT_EXGR_DVA,2020,0.239,0
EXGR_DVA_PSH,"Domestic value added in gross exports, destination partner shares",KOR,Korea,C26,"Manufacture of computer, electronic and optical products",EU15,European Union (15 countries),PT_EXGR_DVA,2020,3.11,0
EXGR_DVA_PSH,"Domestic value added in gross exports, destination partner shares",KOR,Korea,C26,"Manufacture of computer, electronic and optical products",ARE,United Arab Emirates,PT_EXGR_DVA,2020,0.233,0
EXGR_DVA_PSH,"Domestic value added in gross exports, destination partner shares",KOR,Korea,C26,"Manufacture of computer, electronic and optical products",PAK,Pakistan,PT_EXGR_DVA,2020,0.009,0
EXGR_DVA_PSH,"Domestic value added in gross exports, destination partner shares",KOR,Korea,C26,"Manufacture of computer, electronic and optical products",MEX,Mexico,PT_EXGR_DVA,2020,3.182,0
EXGR_DVA_PSH,"Domestic value added in gross exports, destination partner shares",KOR,Korea,C26,"Manufacture of computer, electronic and optical products",SEN,Senegal,PT_EXGR_DVA,2020,0.001,0
EXGR_DVA_PSH,"Domestic value added in gross exports, destination partner shares",KOR,Korea,C26,"Manufacture of computer, electronic and optical products",PHL,Philippines,PT_EXGR_DVA,2020,1.716,0
EXGR_DVA_PSH,"Domestic value added in gross exports, destination partner shares",KOR,Korea,C26,"Manufacture of computer, electronic and optical products",S2,Eastern Asia,PT_EXGR_DVA,2020,57.122,0
EXGR_DVA_PSH,"Domestic value added in gross exports, destination partner shares",KOR,Korea,C26,"Manufacture of computer, electronic and optical products",IDN,Indonesia,PT_EXGR_DVA,2020,0.374,0
EXGR_DVA_PSH,"Domestic value added in gross exports, destination partner shares",KOR,Korea,C26,"Manufacture of computer, electronic and optical products",KAZ,Kazakhstan,PT_EXGR_DVA,2020,0.007,0
EXGR_DVA_PSH,"Domestic value added in gross exports, destination partner shares",KOR,Korea,C26,"Manufacture of computer, electronic and optical products",HKG,Hong Kong (China),PT_EXGR_DVA,2020,0.043,0
EXGR_DVA_PSH,"Domestic value added in gross exports, destination partner shares",KOR,Korea,C26,"Manufacture of computer, electronic and optical products",WXD,Rest of the world,PT_EXGR_DVA,2020,0.981,0
EXGR_DVA_PSH,"Domestic value added in gross exports, destination partner shares",KOR,Korea,C26,"Manufacture of computer, electronic and optical products",SVN,Slovenia,PT_EXGR_DVA,2020,0.026,0
EXGR_DVA_PSH,"Domestic value added in gross exports, destination partner shares",KOR,Korea,C26,"Manufacture of computer, electronic and optical products",ROU,Romania,PT_EXGR_DVA,2020,0.019,0
EXGR_DVA_PSH,"Domestic value added in gross exports, destination partner shares",KOR,Korea,C26,"Manufacture of computer, electronic and optical products",ISR,Israel,PT_EXGR_DVA,2020,0.269,0
EXGR_DVA_PSH,"Domestic value added in gross exports, destination partner shares",KOR,Korea,C26,"Manufacture of computer, electronic and optical products",THA,Thailand,PT_EXGR_DVA,2020,0.641,0
EXGR_DVA_PSH,"Domestic value added in gross exports, destination partner shares",KOR,Korea,C26,"Manufacture of computer, electronic and optical products",PRT,Portugal,PT_EXGR_DVA,2020,0.019,0
EXGR_DVA_PSH,"Domestic value added in gross exports, destination partner shares",KOR,Korea,C26,"Manufacture of computer, electronic and optical products",CYP,Cyprus,PT_EXGR_DVA,2020,0.001,0
EXGR_DVA_PSH,"Domestic value added in gross exports, destination partner shares",KOR,Korea,C26,"Manufacture of computer, electronic and optical products",F,Africa,PT_EXGR_DVA,2020,0.146,0
EXGR_DVA_PSH,"Domestic value added in gross exports, destination partner shares",KOR,Korea,C26,"Manufacture of computer, electronic and optical products",ARG,Argentina,PT_EXGR_DVA,2020,0.023,0
EXGR_DVA_PSH,"Domestic value added in gross exports, destination partner shares",KOR,Korea,C26,"Manufacture of computer, electronic and optical products",CAN,Canada,PT_EXGR_DVA,2020,0.268,0
EXGR_DVA_PSH,"Domestic value added in gross exports, destination partner shares",KOR,Korea,C26,"Manufacture of computer, electronic and optical products",BGD,Bangladesh,PT_EXGR_DVA,2020,0.038,0
EXGR_DVA_PSH,"Domestic value added in gross exports, destination partner shares",KOR,Korea,C26,"Manufacture of computer, electronic and optical products",EA19,Euro area (19 countries),PT_EXGR_DVA,2020,2.945,0
EXGR_DVA_PSH,"Domestic value added in gross exports, destination partner shares",KOR,Korea,C26,"Manufacture of computer, electronic and optical products",NLD,Netherlands,PT_EXGR_DVA,2020,0.239,0
EXGR_DVA_PSH,"Domestic value added in gross exports, destination partner shares",KOR,Korea,C26,"Manufacture of computer, electronic and optical products",TWN,Chinese Taipei,PT_EXGR_DVA,2020,6.58,0
EXGR_DVA_PSH,"Domestic value added in gross exports, destination partner shares",KOR,Korea,C26,"Manufacture of computer, electronic and optical products",NOR,Norway,PT_EXGR_DVA,2020,0.043,0
EXGR_DVA_PSH,"Domestic value added in gross exports, destination partner shares",KOR,Korea,C26,"Manufacture of computer, electronic and optical products",RUS,Russia,PT_EXGR_DVA,2020,0.316,0
EXGR_DVA_PSH,"Domestic value added in gross exports, destination partner shares",KOR,Korea,C26,"Manufacture of computer, electronic and optical products",AUT,Austria,PT_EXGR_DVA,2020,0.061,0
EXGR_DVA_PSH,"Domestic value added in gross exports, destination partner shares",KOR,Korea,C26,"Manufacture of computer, electronic and optical products",LVA,Latvia,PT_EXGR_DVA,2020,0.004,0
EXGR_DVA_PSH,"Domestic value added in gross exports, destination partner shares",KOR,Korea,C26,"Manufacture of computer, electronic and optical products",POL,Poland,PT_EXGR_DVA,2020,0.295,0
EXGR_DVA_PSH,"Domestic value added in gross exports, destination partner shares",KOR,Korea,C26,"Manufacture of computer, electronic and optical products",MYS,Malaysia,PT_EXGR_DVA,2020,0.734,0
EXGR_DVA_PSH,"Domestic value added in gross exports, destination partner shares",KOR,Korea,C26,"Manufacture of computer, electronic and optical products",LUX,Luxembourg,PT_EXGR_DVA,2020,0.006,0
EXGR_DVA_PSH,"Domestic value added in gross exports, destination partner shares",KOR,Korea,C26,"Manufacture of computer, electronic and optical products",ZAF,South Africa,PT_EXGR_DVA,2020,0.036,0
EXGR_DVA_PSH,"Domestic value added in gross exports, destination partner shares",KOR,Korea,C26,"Manufacture of computer, electronic and optical products",S2_S8,Eastern and South-eastern Asia,PT_EXGR_DVA,2020,77.818,0
EXGR_DVA_PSH,"Domestic value added in gross exports, destination partner shares",KOR,Korea,C26,"Manufacture of computer, electronic and optical products",A5_A7,South and Central America,PT_EXGR_DVA,2020,0.782,0
EXGR_DVA_PSH,"Domestic value added in gross exports, destination partner shares",KOR,Korea,C26,"Manufacture of computer, electronic and optical products",CHL,Chile,PT_EXGR_DVA,2020,0.021,0
EXGR_DVA_PSH,"Domestic value added in gross exports, destination partner shares",KOR,Korea,C26,"Manufacture of computer, electronic and optical products",ESP,Spain,PT_EXGR_DVA,2020,0.072,0
EXGR_DVA_PSH,"Domestic value added in gross exports, destination partner shares",KOR,Korea,C26,"Manufacture of computer, electronic and optical products",CHN,China (People’s Republic of),PT_EXGR_DVA,2020,48.671,0
EXGR_DVA_PSH,"Domestic value added in gross exports, destination partner shares",KOR,Korea,C26,"Manufacture of computer, electronic and optical products",IND,India,PT_EXGR_DVA,2020,1.139,0
EXGR_DVA_PSH,"Domestic value added in gross exports, destination partner shares",KOR,Korea,C26,"Manufacture of computer, electronic and optical products",OECD,OECD,PT_EXGR_DVA,2020,20.158,0
EXGR_DVA_PSH,"Domestic value added in gross exports, destination partner shares",KOR,Korea,C26,"Manufacture of computer, electronic and optical products",ITA,Italy,PT_EXGR_DVA,2020,0.094,0
EXGR_DVA_PSH,"Domestic value added in gross exports, destination partner shares",KOR,Korea,C26,"Manufacture of computer, electronic and optical products",FRA,France,PT_EXGR_DVA,2020,0.236,0
EXGR_DVA_PSH,"Domestic value added in gross exports, destination partner shares",KOR,Korea,C26,"Manufacture of computer, electronic and optical products",JOR,Jordan,PT_EXGR_DVA,2020,0.005,0
EXGR_DVA_PSH,"Domestic value added in gross exports, destination partner shares",KOR,Korea,C26,"Manufacture of computer, electronic and optical products",PER,Peru,PT_EXGR_DVA,2020,0.013,0
EXGR_DVA_PSH,"Domestic value added in gross exports, destination partner shares",KOR,Korea,C26,"Manufacture of computer, electronic and optical products",APEC,APEC,PT_EXGR_DVA,2020,91.771,0
EXGR_DVA_PSH,"Domestic value added in gross exports, destination partner shares",KOR,Korea,C26,"Manufacture of computer, electronic and optical products",USA,United States,PT_EXGR_DVA,2020,9.903,0
EXGR_DVA_PSH,"Domestic value added in gross exports, destination partner shares",KOR,Korea,C26,"Manufacture of computer, electronic and optical products",SVK,Slovak Republic,PT_EXGR_DVA,2020,0.189,0
EXGR_DVA_PSH,"Domestic value added in gross exports, destination partner shares",KOR,Korea,C26,"Manufacture of computer, electronic and optical products",SAU,Saudi Arabia,PT_EXGR_DVA,2020,0.179,0
EXGR_DVA_PSH,"Domestic value added in gross exports, destination partner shares",KOR,Korea,C26,"Manufacture of computer, electronic and optical products",NGA,Nigeria,PT_EXGR_DVA,2020,0.032,0
EXGR_DVA_PSH,"Domestic value added in gross exports, destination partner shares",KOR,Korea,C26,"Manufacture of computer, electronic and optical products",VNM,Viet Nam,PT_EXGR_DVA,2020,14.61,0
EXGR_DVA_PSH,"Domestic value added in gross exports, destination partner shares",KOR,Korea,C26,"Manufacture of computer, electronic and optical products",EU28XEU15,European Union 28 excluding European Union 15 countries,PT_EXGR_DVA,2020,1.047,0
EXGR_DVA_PSH,"Domestic value added in gross exports, destination partner shares",KOR,Korea,C26,"Manufacture of computer, electronic and optical products",IRL,Ireland,PT_EXGR_DVA,2020,0.28,0
EXGR_DVA_PSH,"Domestic value added in gross exports, destination partner shares",KOR,Korea,C26,"Manufacture of computer, electronic and optical products",NZL,New Zealand,PT_EXGR_DVA,2020,0.023,0
EXGR_DVA_PSH,"Domestic value added in gross exports, destination partner shares",KOR,Korea,C26,"Manufacture of computer, electronic and optical products",CIV,Côte d’Ivoire,PT_EXGR_DVA,2020,0.002,0
EXGR_DVA_PSH,"Domestic value added in gross exports, destination partner shares",KOR,Korea,C26,"Manufacture of computer, electronic and optical products",MAR,Morocco,PT_EXGR_DVA,2020,0.022,0
EXGR_DVA_PSH,"Domestic value added in gross exports, destination partner shares",KOR,Korea,C26,"Manufacture of computer, electronic and optical products",SWE,Sweden,PT_EXGR_DVA,2020,0.03,0
EXGR_DVA_PSH,"Domestic value added in gross exports, destination partner shares",KOR,Korea,C26,"Manufacture of computer, electronic and optical products",DEU,Germany,PT_EXGR_DVA,2020,1.585,0
EXGR_DVA_PSH,"Domestic value added in gross exports, destination partner shares",KOR,Korea,C26,"Manufacture of computer, electronic and optical products",ASEAN,ASEAN,PT_EXGR_DVA,2020,20.696,0
EXGR_DVA_PSH,"Domestic value added in gross exports, destination partner shares",KOR,Korea,C26,"Manufacture of computer, electronic and optical products",CZE,Czechia,PT_EXGR_DVA,2020,0.249,0
EXGR_DVA_PSH,"Domestic value added in gross exports, destination partner shares",KOR,Korea,C26,"Manufacture of computer, electronic and optical products",G20,G20,PT_EXGR_DVA,2020,71.16,0
EXGR_DVA_PSH,"Domestic value added in gross exports, destination partner shares",KOR,Korea,C26,"Manufacture of computer, electronic and optical products",SGP,Singapore,PT_EXGR_DVA,2020,2.608,0
EXGR_DVA_PSH,"Domestic value added in gross exports, destination partner shares",KOR,Korea,C26,"Manufacture of computer, electronic and optical products",EU27_2020,European Union (27 countries from 01/02/2020),PT_EXGR_DVA,2020,3.8,0
EXGR_DVA_PSH,"Domestic value added in gross exports, destination partner shares",KOR,Korea,C26,"Manufacture of computer, electronic and optical products",EU28,European Union (28 countries),PT_EXGR_DVA,2020,4.157,0
EXGR_DVA_PSH,"Domestic value added in gross exports, destination partner shares",KOR,Korea,C26,"Manufacture of computer, electronic and optical products",TUR,Türkiye,PT_EXGR_DVA,2020,0.15,0
EXGR_DVA_PSH,"Domestic value added in gross exports, destination partner shares",KOR,Korea,C26,"Manufacture of computer, electronic and optical products",UKR,Ukraine,PT_EXGR_DVA,2020,0.031,0
EXGR_DVA_PSH,"Domestic value added in gross exports, destination partner shares",KOR,Korea,C26,"Manufacture of computer, electronic and optical products",DNK,Denmark,PT_EXGR_DVA,2020,0.021,0
EXGR_DVA_PSH,"Domestic value added in gross exports, destination partner shares",KOR,Korea,C26,"Manufacture of computer, electronic and optical products",CHE,Switzerland,PT_EXGR_DVA,2020,0.079,0
EXGR_DVA_PSH,"Domestic value added in gross exports, destination partner shares",KOR,Korea,C26,"Manufacture of computer, electronic and optical products",GBR,United Kingdom,PT_EXGR_DVA,2019,0.269,0
EXGR_DVA_PSH,"Domestic value added in gross exports, destination partner shares",KOR,Korea,C26,"Manufacture of computer, electronic and optical products",COL,Colombia,PT_EXGR_DVA,2019,0.027,0
EXGR_DVA_PSH,"Domestic value added in gross exports, destination partner shares",KOR,Korea,C26,"Manufacture of computer, electronic and optical products",WXOECD,Non-OECD economies,PT_EXGR_DVA,2019,80.015,0
EXGR_DVA_PSH,"Domestic value added in gross exports, destination partner shares",KOR,Korea,C26,"Manufacture of computer, electronic and optical products",W_O,Other countries,PT_EXGR_DVA,2019,3.492,0
EXGR_DVA_PSH,"Domestic value added in gross exports, destination partner shares",KOR,Korea,C26,"Manufacture of computer, electronic and optical products",HUN,Hungary,PT_EXGR_DVA,2019,0.241,0
EXGR_DVA_PSH,"Domestic value added in gross exports, destination partner shares",KOR,Korea,C26,"Manufacture of computer, electronic and optical products",E,Europe,PT_EXGR_DVA,2019,4.842,0
EXGR_DVA_PSH,"Domestic value added in gross exports, destination partner shares",KOR,Korea,C26,"Manufacture of computer, electronic and optical products",BRA,Brazil,PT_EXGR_DVA,2019,0.893,0
EXGR_DVA_PSH,"Domestic value added in gross exports, destination partner shares",KOR,Korea,C26,"Manufacture of computer, electronic and optical products",JPN,Japan,PT_EXGR_DVA,2019,1.915,0
EXGR_DVA_PSH,"Domestic value added in gross exports, destination partner shares",KOR,Korea,C26,"Manufacture of computer, electronic and optical products",NAFTA,NAFTA,PT_EXGR_DVA,2019,13.014,0
EXGR_DVA_PSH,"Domestic value added in gross exports, destination partner shares",KOR,Korea,C26,"Manufacture of computer, electronic and optical products",FIN,Finland,PT_EXGR_DVA,2019,0.198,0
EXGR_DVA_PSH,"Domestic value added in gross exports, destination partner shares",KOR,Korea,C26,"Manufacture of computer, electronic and optical products",EGY,Egypt,PT_EXGR_DVA,2019,0.069,0
EXGR_DVA_PSH,"Domestic value added in gross exports, destination partner shares",KOR,Korea,C26,"Manufacture of computer, electronic and optical products",AUS,Australia,PT_EXGR_DVA,2019,0.269,0
EXGR_DVA_PSH,"Domestic value added in gross exports, destination partner shares",KOR,Korea,C26,"Manufacture of computer, electronic and optical products",EU15,European Union (15 countries),PT_EXGR_DVA,2019,3.22,0
EXGR_DVA_PSH,"Domestic value added in gross exports, destination partner shares",KOR,Korea,C26,"Manufacture of computer, electronic and optical products",ARE,United Arab Emirates,PT_EXGR_DVA,2019,0.18,0
EXGR_DVA_PSH,"Domestic value added in gross exports, destination partner shares",KOR,Korea,C26,"Manufacture of computer, electronic and optical products",MEX,Mexico,PT_EXGR_DVA,2019,3.71,0
EXGR_DVA_PSH,"Domestic value added in gross exports, destination partner shares",KOR,Korea,C26,"Manufacture of computer, electronic and optical products",PHL,Philippines,PT_EXGR_DVA,2019,1.661,0
EXGR_DVA_PSH,"Domestic value added in gross exports, destination partner shares",KOR,Korea,C26,"Manufacture of computer, electronic and optical products",S2,Eastern Asia,PT_EXGR_DVA,2019,58.545,0
EXGR_DVA_PSH,"Domestic value added in gross exports, destination partner shares",KOR,Korea,C26,"Manufacture of computer, electronic and optical products",IDN,Indonesia,PT_EXGR_DVA,2019,0.403,0
EXGR_DVA_PSH,"Domestic value added in gross exports, destination partner shares",KOR,Korea,C26,"Manufacture of computer, electronic and optical products",KAZ,Kazakhstan,PT_EXGR_DVA,2019,0.036,0
EXGR_DVA_PSH,"Domestic value added in gross exports, destination partner shares",KOR,Korea,C26,"Manufacture of computer, electronic and optical products",HKG,Hong Kong (China),PT_EXGR_DVA,2019,0.037,0
EXGR_DVA_PSH,"Domestic value added in gross exports, destination partner shares",KOR,Korea,C26,"Manufacture of computer, electronic and optical products",WXD,Rest of the world,PT_EXGR_DVA,2019,1.116,0
EXGR_DVA_PSH,"Domestic value added in gross exports, destination partner shares",KOR,Korea,C26,"Manufacture of computer, electronic and optical products",SVN,Slovenia,PT_EXGR_DVA,2019,0.025,0
EXGR_DVA_PSH,"Domestic value added in gross exports, destination partner shares",KOR,Korea,C26,"Manufacture of computer, electronic and optical products",ROU,Romania,PT_EXGR_DVA,2019,0.022,0
EXGR_DVA_PSH,"Domestic value added in gross exports, destination partner shares",KOR,Korea,C26,"Manufacture of computer, electronic and optical products",ISR,Israel,PT_EXGR_DVA,2019,0.139,0
EXGR_DVA_PSH,"Domestic value added in gross exports, destination partner shares",KOR,Korea,C26,"Manufacture of computer, electronic and optical products",THA,Thailand,PT_EXGR_DVA,2019,0.638,0
EXGR_DVA_PSH,"Domestic value added in gross exports, destination partner shares",KOR,Korea,C26,"Manufacture of computer, electronic and optical products",PRT,Portugal,PT_EXGR_DVA,2019,0.026,0
EXGR_DVA_PSH,"Domestic value added in gross exports, destination partner shares",KOR,Korea,C26,"Manufacture of computer, electronic and optical products",F,Africa,PT_EXGR_DVA,2019,0.22,0
EXGR_DVA_PSH,"Domestic value added in gross exports, destination partner shares",KOR,Korea,C26,"Manufacture of computer, electronic and optical products",ARG,Argentina,PT_EXGR_DVA,2019,0.021,0
EXGR_DVA_PSH,"Domestic value added in gross exports, destination partner shares",KOR,Korea,C26,"Manufacture of computer, electronic and optical products",CAN,Canada,PT_EXGR_DVA,2019,0.381,0
EXGR_DVA_PSH,"Domestic value added in gross exports, destination partner shares",KOR,Korea,C26,"Manufacture of computer, electronic and optical products",BGD,Bangladesh,PT_EXGR_DVA,2019,0.033,0
EXGR_DVA_PSH,"Domestic value added in gross exports, destination partner shares",KOR,Korea,C26,"Manufacture of computer, electronic and optical products",EA19,Euro area (19 countries),PT_EXGR_DVA,2019,3.21,0
EXGR_DVA_PSH,"Domestic value added in gross exports, destination partner shares",KOR,Korea,C26,"Manufacture of computer, electronic and optical products",NLD,Netherlands,PT_EXGR_DVA,2019,0.165,0
EXGR_DVA_PSH,"Domestic value added in gross exports, destination partner shares",KOR,Korea,C26,"Manufacture of computer, electronic and optical products",TUN,Tunisia,PT_EXGR_DVA,2019,0.019,0
EXGR_DVA_PSH,"Domestic value added in gross exports, destination partner shares",KOR,Korea,C26,"Manufacture of computer, electronic and optical products",TWN,Chinese Taipei,PT_EXGR_DVA,2019,4.715,0
EXGR_DVA_PSH,"Domestic value added in gross exports, destination partner shares",KOR,Korea,C26,"Manufacture of computer, electronic and optical products",NOR,Norway,PT_EXGR_DVA,2019,0.072,0
EXGR_DVA_PSH,"Domestic value added in gross exports, destination partner shares",KOR,Korea,C26,"Manufacture of computer, electronic and optical products",RUS,Russia,PT_EXGR_DVA,2019,0.351,0
EXGR_DVA_PSH,"Domestic value added in gross exports, destination partner shares",KOR,Korea,C26,"Manufacture of computer, electronic and optical products",BGR,Bulgaria,PT_EXGR_DVA,2019,0.009,0
EXGR_DVA_PSH,"Domestic value added in gross exports, destination partner shares",KOR,Korea,C26,"Manufacture of computer, electronic and optical products",AUT,Austria,PT_EXGR_DVA,2019,0.072,0
EXGR_DVA_PSH,"Domestic value added in gross exports, destination partner shares",KOR,Korea,C26,"Manufacture of computer, electronic and optical products",LVA,Latvia,PT_EXGR_DVA,2019,0.004,0
EXGR_DVA_PSH,"Domestic value added in gross exports, destination partner shares",KOR,Korea,C26,"Manufacture of computer, electronic and optical products",POL,Poland,PT_EXGR_DVA,2019,0.303,0
EXGR_DVA_PSH,"Domestic value added in gross exports, destination partner shares",KOR,Korea,C26,"Manufacture of computer, electronic and optical products",MYS,Malaysia,PT_EXGR_DVA,2019,0.727,0
EXGR_DVA_PSH,"Domestic value added in gross exports, destination partner shares",KOR,Korea,C26,"Manufacture of computer, electronic and optical products",BEL,Belgium,PT_EXGR_DVA,2019,0.026,0
EXGR_DVA_PSH,"Domestic value added in gross exports, destination partner shares",KOR,Korea,C26,"Manufacture of computer, electronic and optical products",CRI,Costa Rica,PT_EXGR_DVA,2019,0.004,0
EXGR_DVA_PSH,"Domestic value added in gross exports, destination partner shares",KOR,Korea,C26,"Manufacture of computer, electronic and optical products",LUX,Luxembourg,PT_EXGR_DVA,2019,0.004,0
EXGR_DVA_PSH,"Domestic value added in gross exports, destination partner shares",KOR,Korea,C26,"Manufacture of computer, electronic and optical products",ZAF,South Africa,PT_EXGR_DVA,2019,0.044,0
EXGR_DVA_PSH,"Domestic value added in gross exports, destination partner shares",KOR,Korea,C26,"Manufacture of computer, electronic and optical products",S2_S8,Eastern and South-eastern Asia,PT_EXGR_DVA,2019,77.45,0
EXGR_DVA_PSH,"Domestic value added in gross exports, destination partner shares",KOR,Korea,C26,"Manufacture of computer, electronic and optical products",HRV,Croatia,PT_EXGR_DVA,2019,0.002,0
EXGR_DVA_PSH,"Domestic value added in gross exports, destination partner shares",KOR,Korea,C26,"Manufacture of computer, electronic and optical products",A5_A7,South and Central America,PT_EXGR_DVA,2019,0.981,0
EXGR_DVA_PSH,"Domestic value added in gross exports, destination partner shares",KOR,Korea,C26,"Manufacture of computer, electronic and optical products",CHL,Chile,PT_EXGR_DVA,2019,0.021,0
EXGR_DVA_PSH,"Domestic value added in gross exports, destination partner shares",KOR,Korea,C26,"Manufacture of computer, electronic and optical products",ESP,Spain,PT_EXGR_DVA,2019,0.101,0
EXGR_DVA_PSH,"Domestic value added in gross exports, destination partner shares",KOR,Korea,C26,"Manufacture of computer, electronic and optical products",EST,Estonia,PT_EXGR_DVA,2019,0.024,0
EXGR_DVA_PSH,"Domestic value added in gross exports, destination partner shares",KOR,Korea,C26,"Manufacture of computer, electronic and optical products",CHN,China (People’s Republic of),PT_EXGR_DVA,2019,51.878,0
EXGR_DVA_PSH,"Domestic value added in gross exports, destination partner shares",KOR,Korea,C26,"Manufacture of computer, electronic and optical products",IND,India,PT_EXGR_DVA,2019,1.346,0
EXGR_DVA_PSH,"Domestic value added in gross exports, destination partner shares",KOR,Korea,C26,"Manufacture of computer, electronic and optical products",OECD,OECD,PT_EXGR_DVA,2019,19.985,0
EXGR_DVA_PSH,"Domestic value added in gross exports, destination partner shares",KOR,Korea,C26,"Manufacture of computer, electronic and optical products",ITA,Italy,PT_EXGR_DVA,2019,0.094,0
EXGR_DVA_PSH,"Domestic value added in gross exports, destination partner shares",KOR,Korea,C26,"Manufacture of computer, electronic and optical products",FRA,France,PT_EXGR_DVA,2019,0.335,0
EXGR_DVA_PSH,"Domestic value added in gross exports, destination partner shares",KOR,Korea,C26,"Manufacture of computer, electronic and optical products",PER,Peru,PT_EXGR_DVA,2019,0.015,0
EXGR_DVA_PSH,"Domestic value added in gross exports, destination partner shares",KOR,Korea,C26,"Manufacture of computer, electronic and optical products",APEC,APEC,PT_EXGR_DVA,2019,91.131,0
EXGR_DVA_PSH,"Domestic value added in gross exports, destination partner shares",KOR,Korea,C26,"Manufacture of computer, electronic and optical products",USA,United States,PT_EXGR_DVA,2019,8.923,0
EXGR_DVA_PSH,"Domestic value added in gross exports, destination partner shares",KOR,Korea,C26,"Manufacture of computer, electronic and optical products",SVK,Slovak Republic,PT_EXGR_DVA,2019,0.255,0
EXGR_DVA_PSH,"Domestic value added in gross exports, destination partner shares",KOR,Korea,C26,"Manufacture of computer, electronic and optical products",MLT,Malta,PT_EXGR_DVA,2019,0.005,0
EXGR_DVA_PSH,"Domestic value added in gross exports, destination partner shares",KOR,Korea,C26,"Manufacture of computer, electronic and optical products",SAU,Saudi Arabia,PT_EXGR_DVA,2019,0.189,0
EXGR_DVA_PSH,"Domestic value added in gross exports, destination partner shares",KOR,Korea,C26,"Manufacture of computer, electronic and optical products",NGA,Nigeria,PT_EXGR_DVA,2019,0.065,0
EXGR_DVA_PSH,"Domestic value added in gross exports, destination partner shares",KOR,Korea,C26,"Manufacture of computer, electronic and optical products",BLR,Belarus,PT_EXGR_DVA,2019,0.003,0
EXGR_DVA_PSH,"Domestic value added in gross exports, destination partner shares",KOR,Korea,C26,"Manufacture of computer, electronic and optical products",VNM,Viet Nam,PT_EXGR_DVA,2019,13.541,0
EXGR_DVA_PSH,"Domestic value added in gross exports, destination partner shares",KOR,Korea,C26,"Manufacture of computer, electronic and optical products",EU28XEU15,European Union 28 excluding European Union 15 countries,PT_EXGR_DVA,2019,1.086,0
EXGR_DVA_PSH,"Domestic value added in gross exports, destination partner shares",KOR,Korea,C26,"Manufacture of computer, electronic and optical products",IRL,Ireland,PT_EXGR_DVA,2019,0.174,0
EXGR_DVA_PSH,"Domestic value added in gross exports, destination partner shares",KOR,Korea,C26,"Manufacture of computer, electronic and optical products",NZL,New Zealand,PT_EXGR_DVA,2019,0.02,0
EXGR_DVA_PSH,"Domestic value added in gross exports, destination partner shares",KOR,Korea,C26,"Manufacture of computer, electronic and optical products",MAR,Morocco,PT_EXGR_DVA,2019,0.019,0
EXGR_DVA_PSH,"Domestic value added in gross exports, destination partner shares",KOR,Korea,C26,"Manufacture of computer, electronic and optical products",SWE,Sweden,PT_EXGR_DVA,2019,0.041,0
EXGR_DVA_PSH,"Domestic value added in gross exports, destination partner shares",KOR,Korea,C26,"Manufacture of computer, electronic and optical products",DEU,Germany,PT_EXGR_DVA,2019,1.694,0
EXGR_DVA_PSH,"Domestic value added in gross exports, destination partner shares",KOR,Korea,C26,"Manufacture of computer, electronic and optical products",ASEAN,ASEAN,PT_EXGR_DVA,2019,18.905,0
EXGR_DVA_PSH,"Domestic value added in gross exports, destination partner shares",KOR,Korea,C26,"Manufacture of computer, electronic and optical products",CZE,Czechia,PT_EXGR_DVA,2019,0.194,0
EXGR_DVA_PSH,"Domestic value added in gross exports, destination partner shares",KOR,Korea,C26,"Manufacture of computer, electronic and optical products",G20,G20,PT_EXGR_DVA,2019,74.781,0
EXGR_DVA_PSH,"Domestic value added in gross exports, destination partner shares",KOR,Korea,C26,"Manufacture of computer, electronic and optical products",SGP,Singapore,PT_EXGR_DVA,2019,1.925,0
EXGR_DVA_PSH,"Domestic value added in gross exports, destination partner shares",KOR,Korea,C26,"Manufacture of computer, electronic and optical products",EU27_2020,European Union (27 countries from 01/02/2020),PT_EXGR_DVA,2019,4.037,0
EXGR_DVA_PSH,"Domestic value added in gross exports, destination partner shares",KOR,Korea,C26,"Manufacture of computer, electronic and optical products",EU28,European Union (28 countries),PT_EXGR_DVA,2019,4.306,0
EXGR_DVA_PSH,"Domestic value added in gross exports, destination partner shares",KOR,Korea,C26,"Manufacture of computer, electronic and optical products",TUR,Türkiye,PT_EXGR_DVA,2019,0.153,0
EXGR_DVA_PSH,"Domestic value added in gross exports, destination partner shares",KOR,Korea,C26,"Manufacture of computer, electronic and optical products",UKR,Ukraine,PT_EXGR_DVA,2019,0.025,0
EXGR_DVA_PSH,"Domestic value added in gross exports, destination partner shares",KOR,Korea,C26,"Manufacture of computer, electronic and optical products",DNK,Denmark,PT_EXGR_DVA,2019,0.016,0
EXGR_DVA_PSH,"Domestic value added in gross exports, destination partner shares",KOR,Korea,C26,"Manufacture of computer, electronic and optical products",CHE,Switzerland,PT_EXGR_DVA,2019,0.081,0
EXGR_DVA_PSH,"Domestic value added in gross exports, destination partner shares",KOR,Korea,C26,"Manufacture of computer, electronic and optical products",COL,Colombia,PT_EXGR_DVA,2020,0.025,0
EXGR_DVA_PSH,"Domestic value added in gross exports, destination partner shares",KOR,Korea,C26,"Manufacture of computer, electronic and optical products",TUN,Tunisia,PT_EXGR_DVA,2020,0.01,0
EXGR_DVA_PSH,"Domestic value added in gross exports, destination partner shares",KOR,Korea,C26,"Manufacture of computer, electronic and optical products",MLT,Malta,PT_EXGR_DVA,2020,0.008,0
EXGR_DVA_PSH,"Domestic value added in gross exports, destination partner shares",KOR,Korea,C26,"Manufacture of computer, electronic and optical products",MMR,Myanmar,PT_EXGR_DVA,2020,0.007,0
EXGR_DVA_PSH,"Domestic value added in gross exports, destination partner shares",KOR,Korea,C26,"Manufacture of computer, electronic and optical products",PAK,Pakistan,PT_EXGR_DVA,2019,0.008,0
EXGR_DVA_PSH,"Domestic value added in gross exports, destination partner shares",KOR,Korea,C26,"Manufacture of computer, electronic and optical products",GRC,Greece,PT_EXGR_DVA,2019,0.005,0
EXGR_DVA_PSH,"Domestic value added in gross exports, destination partner shares",KOR,Korea,C26,"Manufacture of computer, electronic and optical products",MMR,Myanmar,PT_EXGR_DVA,2019,0.005,0
EXGR_DVA_PSH,"Domestic value added in gross exports, destination partner shares",KOR,Korea,C26,"Manufacture of computer, electronic and optical products",CRI,Costa Rica,PT_EXGR_DVA,2020,0.005,0
EXGR_DVA_PSH,"Domestic value added in gross exports, destination partner shares",KOR,Korea,C26,"Manufacture of computer, electronic and optical products",JOR,Jordan,PT_EXGR_DVA,2019,0.004,0
EXGR_DVA_PSH,"Domestic value added in gross exports, destination partner shares",KOR,Korea,C26,"Manufacture of computer, electronic and optical products",ISL,Iceland,PT_EXGR_DVA,2019,0.004,0
EXGR_DVA_PSH,"Domestic value added in gross exports, destination partner shares",KOR,Korea,C26,"Manufacture of computer, electronic and optical products",KHM,Cambodia,PT_EXGR_DVA,2020,0.004,0
EXGR_DVA_PSH,"Domestic value added in gross exports, destination partner shares",KOR,Korea,C26,"Manufacture of computer, electronic and optical products",BGR,Bulgaria,PT_EXGR_DVA,2020,0.004,0
EXGR_DVA_PSH,"Domestic value added in gross exports, destination partner shares",KOR,Korea,C26,"Manufacture of computer, electronic and optical products",GRC,Greece,PT_EXGR_DVA,2020,0.004,0
EXGR_DVA_PSH,"Domestic value added in gross exports, destination partner shares",KOR,Korea,C26,"Manufacture of computer, electronic and optical products",BLR,Belarus,PT_EXGR_DVA,2020,0.004,0
EXGR_DVA_PSH,"Domestic value added in gross exports, destination partner shares",KOR,Korea,C26,"Manufacture of computer, electronic and optical products",KHM,Cambodia,PT_EXGR_DVA,2019,0.003,0
EXGR_DVA_PSH,"Domestic value added in gross exports, destination partner shares",KOR,Korea,C26,"Manufacture of computer, electronic and optical products",HRV,Croatia,PT_EXGR_DVA,2020,0.003,0
EXGR_DVA_PSH,"Domestic value added in gross exports, destination partner shares",KOR,Korea,C26,"Manufacture of computer, electronic and optical products",LTU,Lithuania,PT_EXGR_DVA,2019,0.002,0
EXGR_DVA_PSH,"Domestic value added in gross exports, destination partner shares",KOR,Korea,C26,"Manufacture of computer, electronic and optical products",LTU,Lithuania,PT_EXGR_DVA,2020,0.002,0
EXGR_DVA_PSH,"Domestic value added in gross exports, destination partner shares",KOR,Korea,C26,"Manufacture of computer, electronic and optical products",ISL,Iceland,PT_EXGR_DVA,2020,0.002,0
EXGR_DVA_PSH,"Domestic value added in gross exports, destination partner shares",KOR,Korea,C26,"Manufacture of computer, electronic and optical products",CYP,Cyprus,PT_EXGR_DVA,2019,0.001,0
EXGR_DVA_PSH,"Domestic value added in gross exports, destination partner shares",KOR,Korea,C26,"Manufacture of computer, electronic and optical products",CIV,Côte d’Ivoire,PT_EXGR_DVA,2019,0.001,0
EXGR_DVA_PSH,"Domestic value added in gross exports, destination partner shares",KOR,Korea,C26,"Manufacture of computer, electronic and optical products",COD,Democratic Republic of the Congo,PT_EXGR_DVA,2019,0.001,0
EXGR_DVA_PSH,"Domestic value added in gross exports, destination partner shares",KOR,Korea,C26,"Manufacture of computer, electronic and optical products",CMR,Cameroon,PT_EXGR_DVA,2019,0.001,0
EXGR_DVA_PSH,"Domestic value added in gross exports, destination partner shares",KOR,Korea,C26,"Manufacture of computer, electronic and optical products",AGO,Angola,PT_EXGR_DVA,2019,0.001,0
EXGR_DVA_PSH,"Domestic value added in gross exports, destination partner shares",KOR,Korea,C26,"Manufacture of computer, electronic and optical products",BRN,Brunei Darussalam,PT_EXGR_DVA,2019,0.001,0
EXGR_DVA_PSH,"Domestic value added in gross exports, destination partner shares",KOR,Korea,C26,"Manufacture of computer, electronic and optical products",LAO,Lao People’s Democratic Republic,PT_EXGR_DVA,2019,0.001,0
EXGR_DVA_PSH,"Domestic value added in gross exports, destination partner shares",KOR,Korea,C26,"Manufacture of computer, electronic and optical products",BRN,Brunei Darussalam,PT_EXGR_DVA,2020,0.001,0
EXGR_DVA_PSH,"Domestic value added in gross exports, destination partner shares",KOR,Korea,C26,"Manufacture of computer, electronic and optical products",CMR,Cameroon,PT_EXGR_DVA,2020,0.001,0
EXGR_DVA_PSH,"Domestic value added in gross exports, destination partner shares",KOR,Korea,C26,"Manufacture of computer, electronic and optical products",AGO,Angola,PT_EXGR_DVA,2020,0.001,0
EXGR_DVA_PSH,"Domestic value added in gross exports, destination partner shares",KOR,Korea,C26,"Manufacture of computer, electronic and optical products",LAO,Lao People’s Democratic Republic,PT_EXGR_DVA,2020,0.001,0
EXGR_DVA_PSH,"Domestic value added in gross exports, destination partner shares",KOR,Korea,C26,"Manufacture of computer, electronic and optical products",EST,Estonia,PT_EXGR_DVA,2020,0.012,0
EXGR_DVA_PSH,"Domestic value added in gross exports, destination partner shares",KOR,Korea,C26,"Manufacture of computer, electronic and optical products",BEL,Belgium,PT_EXGR_DVA,2020,0.027,0
EXGR_DVA_PSH,"Domestic value added in gross exports, destination partner shares",KOR,Korea,C26,"Manufacture of computer, electronic and optical products",W,World,PT_EXGR_DVA,2019,100,0
EXGR_DVA_PSH,"Domestic value added in gross exports, destination partner shares",KOR,Korea,C26,"Manufacture of computer, electronic and optical products",W,World,PT_EXGR_DVA,2020,100,0
EXGR_DVA_PSH,"Domestic value added in gross exports, destination partner shares",KOR,Korea,C26,"Manufacture of computer, electronic and optical products",KOR,Korea,PT_EXGR_DVA,2019,0,0
EXGR_DVA_PSH,"Domestic value added in gross exports, destination partner shares",KOR,Korea,C26,"Manufacture of computer, electronic and optical products",SEN,Senegal,PT_EXGR_DVA,2019,0,0
EXGR_DVA_PSH,"Domestic value added in gross exports, destination partner shares",KOR,Korea,C26,"Manufacture of computer, electronic and optical products",STP,Sao Tome and Principe,PT_EXGR_DVA,2019,0,0
EXGR_DVA_PSH,"Domestic value added in gross exports, destination partner shares",KOR,Korea,C26,"Manufacture of computer, electronic and optical products",KOR,Korea,PT_EXGR_DVA,2020,0,0
EXGR_DVA_PSH,"Domestic value added in gross exports, destination partner shares",KOR,Korea,C26,"Manufacture of computer, electronic and optical products",STP,Sao Tome and Principe,PT_EXGR_DVA,2020,0,0
EXGR_DVA_PSH,"Domestic value added in gross exports, destination partner shares",KOR,Korea,C26,"Manufacture of computer, electronic and optical products",GBR,United Kingdom,PT_EXGR_DVA,2017,0.241,0
EXGR_DVA_PSH,"Domestic value added in gross exports, destination partner shares",KOR,Korea,C26,"Manufacture of computer, electronic and optical products",COL,Colombia,PT_EXGR_DVA,2017,0.045,0
EXGR_DVA_PSH,"Domestic value added in gross exports, destination partner shares",KOR,Korea,C26,"Manufacture of computer, electronic and optical products",WXOECD,Non-OECD economies,PT_EXGR_DVA,2017,79.594,0
EXGR_DVA_PSH,"Domestic value added in gross exports, destination partner shares",KOR,Korea,C26,"Manufacture of computer, electronic and optical products",W_O,Other countries,PT_EXGR_DVA,2017,5.097,0
EXGR_DVA_PSH,"Domestic value added in gross exports, destination partner shares",KOR,Korea,C26,"Manufacture of computer, electronic and optical products",HUN,Hungary,PT_EXGR_DVA,2017,0.137,0
EXGR_DVA_PSH,"Domestic value added in gross exports, destination partner shares",KOR,Korea,C26,"Manufacture of computer, electronic and optical products",E,Europe,PT_EXGR_DVA,2017,6.085,0
EXGR_DVA_PSH,"Domestic value added in gross exports, destination partner shares",KOR,Korea,C26,"Manufacture of computer, electronic and optical products",BRA,Brazil,PT_EXGR_DVA,2017,1.352,0
EXGR_DVA_PSH,"Domestic value added in gross exports, destination partner shares",KOR,Korea,C26,"Manufacture of computer, electronic and optical products",NAFTA,NAFTA,PT_EXGR_DVA,2017,11.638,0
EXGR_DVA_PSH,"Domestic value added in gross exports, destination partner shares",KOR,Korea,C26,"Manufacture of computer, electronic and optical products",FIN,Finland,PT_EXGR_DVA,2017,0.236,0
EXGR_DVA_PSH,"Domestic value added in gross exports, destination partner shares",KOR,Korea,C26,"Manufacture of computer, electronic and optical products",EGY,Egypt,PT_EXGR_DVA,2017,0.149,0
EXGR_DVA_PSH,"Domestic value added in gross exports, destination partner shares",KOR,Korea,C26,"Manufacture of computer, electronic and optical products",AUS,Australia,PT_EXGR_DVA,2017,0.334,0
EXGR_DVA_PSH,"Domestic value added in gross exports, destination partner shares",KOR,Korea,C26,"Manufacture of computer, electronic and optical products",EU15,European Union (15 countries),PT_EXGR_DVA,2017,3.708,0
EXGR_DVA_PSH,"Domestic value added in gross exports, destination partner shares",KOR,Korea,C26,"Manufacture of computer, electronic and optical products",ARE,United Arab Emirates,PT_EXGR_DVA,2017,0.419,0
EXGR_DVA_PSH,"Domestic value added in gross exports, destination partner shares",KOR,Korea,C26,"Manufacture of computer, electronic and optical products",PAK,Pakistan,PT_EXGR_DVA,2017,0.011,0
EXGR_DVA_PSH,"Domestic value added in gross exports, destination partner shares",KOR,Korea,C26,"Manufacture of computer, electronic and optical products",MEX,Mexico,PT_EXGR_DVA,2017,3.312,0
EXGR_DVA_PSH,"Domestic value added in gross exports, destination partner shares",KOR,Korea,C26,"Manufacture of computer, electronic and optical products",SEN,Senegal,PT_EXGR_DVA,2017,0,0
EXGR_DVA_PSH,"Domestic value added in gross exports, destination partner shares",KOR,Korea,C26,"Manufacture of computer, electronic and optical products",PHL,Philippines,PT_EXGR_DVA,2017,1.868,0
EXGR_DVA_PSH,"Domestic value added in gross exports, destination partner shares",KOR,Korea,C26,"Manufacture of computer, electronic and optical products",S2,Eastern Asia,PT_EXGR_DVA,2017,56.361,0
EXGR_DVA_PSH,"Domestic value added in gross exports, destination partner shares",KOR,Korea,C26,"Manufacture of computer, electronic and optical products",IDN,Indonesia,PT_EXGR_DVA,2017,0.387,0
EXGR_DVA_PSH,"Domestic value added in gross exports, destination partner shares",KOR,Korea,C26,"Manufacture of computer, electronic and optical products",KAZ,Kazakhstan,PT_EXGR_DVA,2017,0.029,0
EXGR_DVA_PSH,"Domestic value added in gross exports, destination partner shares",KOR,Korea,C26,"Manufacture of computer, electronic and optical products",HKG,Hong Kong (China),PT_EXGR_DVA,2017,0.046,0
EXGR_DVA_PSH,"Domestic value added in gross exports, destination partner shares",KOR,Korea,C26,"Manufacture of computer, electronic and optical products",WXD,Rest of the world,PT_EXGR_DVA,2017,1.738,0
EXGR_DVA_PSH,"Domestic value added in gross exports, destination partner shares",KOR,Korea,C26,"Manufacture of computer, electronic and optical products",SVN,Slovenia,PT_EXGR_DVA,2017,0.034,0
EXGR_DVA_PSH,"Domestic value added in gross exports, destination partner shares",KOR,Korea,C26,"Manufacture of computer, electronic and optical products",ROU,Romania,PT_EXGR_DVA,2017,0.023,0
EXGR_DVA_PSH,"Domestic value added in gross exports, destination partner shares",KOR,Korea,C26,"Manufacture of computer, electronic and optical products",ISR,Israel,PT_EXGR_DVA,2017,0.124,0
EXGR_DVA_PSH,"Domestic value added in gross exports, destination partner shares",KOR,Korea,C26,"Manufacture of computer, electronic and optical products",THA,Thailand,PT_EXGR_DVA,2017,0.789,0
EXGR_DVA_PSH,"Domestic value added in gross exports, destination partner shares",KOR,Korea,C26,"Manufacture of computer, electronic and optical products",PRT,Portugal,PT_EXGR_DVA,2017,0.02,0
EXGR_DVA_PSH,"Domestic value added in gross exports, destination partner shares",KOR,Korea,C26,"Manufacture of computer, electronic and optical products",F,Africa,PT_EXGR_DVA,2017,0.329,0
EXGR_DVA_PSH,"Domestic value added in gross exports, destination partner shares",KOR,Korea,C26,"Manufacture of computer, electronic and optical products",ARG,Argentina,PT_EXGR_DVA,2017,0.101,0
EXGR_DVA_PSH,"Domestic value added in gross exports, destination partner shares",KOR,Korea,C26,"Manufacture of computer, electronic and optical products",CAN,Canada,PT_EXGR_DVA,2017,0.323,0
EXGR_DVA_PSH,"Domestic value added in gross exports, destination partner shares",KOR,Korea,C26,"Manufacture of computer, electronic and optical products",BGD,Bangladesh,PT_EXGR_DVA,2017,0.035,0
EXGR_DVA_PSH,"Domestic value added in gross exports, destination partner shares",KOR,Korea,C26,"Manufacture of computer, electronic and optical products",EA19,Euro area (19 countries),PT_EXGR_DVA,2017,4.179,0
EXGR_DVA_PSH,"Domestic value added in gross exports, destination partner shares",KOR,Korea,C26,"Manufacture of computer, electronic and optical products",NLD,Netherlands,PT_EXGR_DVA,2017,0.111,0
EXGR_DVA_PSH,"Domestic value added in gross exports, destination partner shares",KOR,Korea,C26,"Manufacture of computer, electronic and optical products",TUN,Tunisia,PT_EXGR_DVA,2017,0.038,0
EXGR_DVA_PSH,"Domestic value added in gross exports, destination partner shares",KOR,Korea,C26,"Manufacture of computer, electronic and optical products",TWN,Chinese Taipei,PT_EXGR_DVA,2017,4.295,0
EXGR_DVA_PSH,"Domestic value added in gross exports, destination partner shares",KOR,Korea,C26,"Manufacture of computer, electronic and optical products",NOR,Norway,PT_EXGR_DVA,2017,0.17,0
EXGR_DVA_PSH,"Domestic value added in gross exports, destination partner shares",KOR,Korea,C26,"Manufacture of computer, electronic and optical products",RUS,Russia,PT_EXGR_DVA,2017,0.411,0
EXGR_DVA_PSH,"Domestic value added in gross exports, destination partner shares",KOR,Korea,C26,"Manufacture of computer, electronic and optical products",BGR,Bulgaria,PT_EXGR_DVA,2017,0.008,0
EXGR_DVA_PSH,"Domestic value added in gross exports, destination partner shares",KOR,Korea,C26,"Manufacture of computer, electronic and optical products",AUT,Austria,PT_EXGR_DVA,2017,0.11,0
EXGR_DVA_PSH,"Domestic value added in gross exports, destination partner shares",KOR,Korea,C26,"Manufacture of computer, electronic and optical products",POL,Poland,PT_EXGR_DVA,2017,0.442,0
EXGR_DVA_PSH,"Domestic value added in gross exports, destination partner shares",KOR,Korea,C26,"Manufacture of computer, electronic and optical products",MYS,Malaysia,PT_EXGR_DVA,2017,0.734,0
EXGR_DVA_PSH,"Domestic value added in gross exports, destination partner shares",KOR,Korea,C26,"Manufacture of computer, electronic and optical products",ZAF,South Africa,PT_EXGR_DVA,2017,0.052,0
EXGR_DVA_PSH,"Domestic value added in gross exports, destination partner shares",KOR,Korea,C26,"Manufacture of computer, electronic and optical products",S2_S8,Eastern and South-eastern Asia,PT_EXGR_DVA,2017,75.294,0
EXGR_DVA_PSH,"Domestic value added in gross exports, destination partner shares",KOR,Korea,C26,"Manufacture of computer, electronic and optical products",A5_A7,South and Central America,PT_EXGR_DVA,2017,1.556,0
EXGR_DVA_PSH,"Domestic value added in gross exports, destination partner shares",KOR,Korea,C26,"Manufacture of computer, electronic and optical products",CHL,Chile,PT_EXGR_DVA,2017,0.028,0
EXGR_DVA_PSH,"Domestic value added in gross exports, destination partner shares",KOR,Korea,C26,"Manufacture of computer, electronic and optical products",ESP,Spain,PT_EXGR_DVA,2017,0.097,0
EXGR_DVA_PSH,"Domestic value added in gross exports, destination partner shares",KOR,Korea,C26,"Manufacture of computer, electronic and optical products",EST,Estonia,PT_EXGR_DVA,2017,0.008,0
EXGR_DVA_PSH,"Domestic value added in gross exports, destination partner shares",KOR,Korea,C26,"Manufacture of computer, electronic and optical products",CHN,China (People’s Republic of),PT_EXGR_DVA,2017,49.865,0
EXGR_DVA_PSH,"Domestic value added in gross exports, destination partner shares",KOR,Korea,C26,"Manufacture of computer, electronic and optical products",IND,India,PT_EXGR_DVA,2017,1.717,0
EXGR_DVA_PSH,"Domestic value added in gross exports, destination partner shares",KOR,Korea,C26,"Manufacture of computer, electronic and optical products",OECD,OECD,PT_EXGR_DVA,2017,20.406,0
EXGR_DVA_PSH,"Domestic value added in gross exports, destination partner shares",KOR,Korea,C26,"Manufacture of computer, electronic and optical products",AGO,Angola,PT_EXGR_DVA,2017,0.007,0
EXGR_DVA_PSH,"Domestic value added in gross exports, destination partner shares",KOR,Korea,C26,"Manufacture of computer, electronic and optical products",ITA,Italy,PT_EXGR_DVA,2017,0.122,0
EXGR_DVA_PSH,"Domestic value added in gross exports, destination partner shares",KOR,Korea,C26,"Manufacture of computer, electronic and optical products",MMR,Myanmar,PT_EXGR_DVA,2017,0.015,0
EXGR_DVA_PSH,"Domestic value added in gross exports, destination partner shares",KOR,Korea,C26,"Manufacture of computer, electronic and optical products",FRA,France,PT_EXGR_DVA,2017,0.386,0
EXGR_DVA_PSH,"Domestic value added in gross exports, destination partner shares",KOR,Korea,C26,"Manufacture of computer, electronic and optical products",PER,Peru,PT_EXGR_DVA,2017,0.025,0
EXGR_DVA_PSH,"Domestic value added in gross exports, destination partner shares",KOR,Korea,C26,"Manufacture of computer, electronic and optical products",APEC,APEC,PT_EXGR_DVA,2017,87.74,0
EXGR_DVA_PSH,"Domestic value added in gross exports, destination partner shares",KOR,Korea,C26,"Manufacture of computer, electronic and optical products",USA,United States,PT_EXGR_DVA,2017,8.003,0
EXGR_DVA_PSH,"Domestic value added in gross exports, destination partner shares",KOR,Korea,C26,"Manufacture of computer, electronic and optical products",SVK,Slovak Republic,PT_EXGR_DVA,2017,0.709,0
EXGR_DVA_PSH,"Domestic value added in gross exports, destination partner shares",KOR,Korea,C26,"Manufacture of computer, electronic and optical products",SAU,Saudi Arabia,PT_EXGR_DVA,2017,0.216,0
EXGR_DVA_PSH,"Domestic value added in gross exports, destination partner shares",KOR,Korea,C26,"Manufacture of computer, electronic and optical products",NGA,Nigeria,PT_EXGR_DVA,2017,0.049,0
EXGR_DVA_PSH,"Domestic value added in gross exports, destination partner shares",KOR,Korea,C26,"Manufacture of computer, electronic and optical products",VNM,Viet Nam,PT_EXGR_DVA,2017,12.19,0
EXGR_DVA_PSH,"Domestic value added in gross exports, destination partner shares",KOR,Korea,C26,"Manufacture of computer, electronic and optical products",EU28XEU15,European Union 28 excluding European Union 15 countries,PT_EXGR_DVA,2017,1.673,0
EXGR_DVA_PSH,"Domestic value added in gross exports, destination partner shares",KOR,Korea,C26,"Manufacture of computer, electronic and optical products",IRL,Ireland,PT_EXGR_DVA,2017,0.06,0
EXGR_DVA_PSH,"Domestic value added in gross exports, destination partner shares",KOR,Korea,C26,"Manufacture of computer, electronic and optical products",ISL,Iceland,PT_EXGR_DVA,2017,0.019,0
EXGR_DVA_PSH,"Domestic value added in gross exports, destination partner shares",KOR,Korea,C26,"Manufacture of computer, electronic and optical products",NZL,New Zealand,PT_EXGR_DVA,2017,0.029,0
EXGR_DVA_PSH,"Domestic value added in gross exports, destination partner shares",KOR,Korea,C26,"Manufacture of computer, electronic and optical products",CIV,Côte d’Ivoire,PT_EXGR_DVA,2017,0.002,0
EXGR_DVA_PSH,"Domestic value added in gross exports, destination partner shares",KOR,Korea,C26,"Manufacture of computer, electronic and optical products",MAR,Morocco,PT_EXGR_DVA,2017,0.03,0
EXGR_DVA_PSH,"Domestic value added in gross exports, destination partner shares",KOR,Korea,C26,"Manufacture of computer, electronic and optical products",SWE,Sweden,PT_EXGR_DVA,2017,0.033,0
EXGR_DVA_PSH,"Domestic value added in gross exports, destination partner shares",KOR,Korea,C26,"Manufacture of computer, electronic and optical products",DEU,Germany,PT_EXGR_DVA,2017,2.242,0
EXGR_DVA_PSH,"Domestic value added in gross exports, destination partner shares",KOR,Korea,C26,"Manufacture of computer, electronic and optical products",ASEAN,ASEAN,PT_EXGR_DVA,2017,18.934,0
EXGR_DVA_PSH,"Domestic value added in gross exports, destination partner shares",KOR,Korea,C26,"Manufacture of computer, electronic and optical products",CZE,Czechia,PT_EXGR_DVA,2017,0.301,0
EXGR_DVA_PSH,"Domestic value added in gross exports, destination partner shares",KOR,Korea,C26,"Manufacture of computer, electronic and optical products",G20,G20,PT_EXGR_DVA,2017,74.047,0
EXGR_DVA_PSH,"Domestic value added in gross exports, destination partner shares",KOR,Korea,C26,"Manufacture of computer, electronic and optical products",SGP,Singapore,PT_EXGR_DVA,2017,2.945,0
EXGR_DVA_PSH,"Domestic value added in gross exports, destination partner shares",KOR,Korea,C26,"Manufacture of computer, electronic and optical products",EU27_2020,European Union (27 countries from 01/02/2020),PT_EXGR_DVA,2017,5.139,0
EXGR_DVA_PSH,"Domestic value added in gross exports, destination partner shares",KOR,Korea,C26,"Manufacture of computer, electronic and optical products",EU28,European Union (28 countries),PT_EXGR_DVA,2017,5.38,0
EXGR_DVA_PSH,"Domestic value added in gross exports, destination partner shares",KOR,Korea,C26,"Manufacture of computer, electronic and optical products",TUR,Türkiye,PT_EXGR_DVA,2017,0.44,0
EXGR_DVA_PSH,"Domestic value added in gross exports, destination partner shares",KOR,Korea,C26,"Manufacture of computer, electronic and optical products",UKR,Ukraine,PT_EXGR_DVA,2017,0.023,0
EXGR_DVA_PSH,"Domestic value added in gross exports, destination partner shares",KOR,Korea,C26,"Manufacture of computer, electronic and optical products",DNK,Denmark,PT_EXGR_DVA,2017,0.015,0
EXGR_DVA_PSH,"Domestic value added in gross exports, destination partner shares",KOR,Korea,C26,"Manufacture of computer, electronic and optical products",CHE,Switzerland,PT_EXGR_DVA,2017,0.077,0
EXGR_DVA_PSH,"Domestic value added in gross exports, destination partner shares",KOR,Korea,C26,"Manufacture of computer, electronic and optical products",BEL,Belgium,PT_EXGR_DVA,2017,0.029,0
EXGR_DVA_PSH,"Domestic value added in gross exports, destination partner shares",KOR,Korea,C26,"Manufacture of computer, electronic and optical products",CRI,Costa Rica,PT_EXGR_DVA,2017,0.006,0
EXGR_DVA_PSH,"Domestic value added in gross exports, destination partner shares",KOR,Korea,C26,"Manufacture of computer, electronic and optical products",GRC,Greece,PT_EXGR_DVA,2017,0.006,0
EXGR_DVA_PSH,"Domestic value added in gross exports, destination partner shares",KOR,Korea,C26,"Manufacture of computer, electronic and optical products",JOR,Jordan,PT_EXGR_DVA,2017,0.006,0
EXGR_DVA_PSH,"Domestic value added in gross exports, destination partner shares",KOR,Korea,C26,"Manufacture of computer, electronic and optical products",BLR,Belarus,PT_EXGR_DVA,2017,0.005,0
EXGR_DVA_PSH,"Domestic value added in gross exports, destination partner shares",KOR,Korea,C26,"Manufacture of computer, electronic and optical products",MLT,Malta,PT_EXGR_DVA,2017,0.004,0
EXGR_DVA_PSH,"Domestic value added in gross exports, destination partner shares",KOR,Korea,C26,"Manufacture of computer, electronic and optical products",LTU,Lithuania,PT_EXGR_DVA,2017,0.003,0
EXGR_DVA_PSH,"Domestic value added in gross exports, destination partner shares",KOR,Korea,C26,"Manufacture of computer, electronic and optical products",KHM,Cambodia,PT_EXGR_DVA,2017,0.003,0
EXGR_DVA_PSH,"Domestic value added in gross exports, destination partner shares",KOR,Korea,C26,"Manufacture of computer, electronic and optical products",LVA,Latvia,PT_EXGR_DVA,2017,0.002,0
EXGR_DVA_PSH,"Domestic value added in gross exports, destination partner shares",KOR,Korea,C26,"Manufacture of computer, electronic and optical products",HRV,Croatia,PT_EXGR_DVA,2017,0.002,0
EXGR_DVA_PSH,"Domestic value added in gross exports, destination partner shares",KOR,Korea,C26,"Manufacture of computer, electronic and optical products",BRN,Brunei Darussalam,PT_EXGR_DVA,2017,0.002,0
EXGR_DVA_PSH,"Domestic value added in gross exports, destination partner shares",KOR,Korea,C26,"Manufacture of computer, electronic and optical products",LAO,Lao People’s Democratic Republic,PT_EXGR_DVA,2017,0.001,0
EXGR_DVA_PSH,"Domestic value added in gross exports, destination partner shares",KOR,Korea,C26,"Manufacture of computer, electronic and optical products",CMR,Cameroon,PT_EXGR_DVA,2017,0.001,0
EXGR_DVA_PSH,"Domestic value added in gross exports, destination partner shares",KOR,Korea,C26,"Manufacture of computer, electronic and optical products",COD,Democratic Republic of the Congo,PT_EXGR_DVA,2017,0.001,0
EXGR_DVA_PSH,"Domestic value added in gross exports, destination partner shares",KOR,Korea,C26,"Manufacture of computer, electronic and optical products",LUX,Luxembourg,PT_EXGR_DVA,2017,0.001,0
EXGR_DVA_PSH,"Domestic value added in gross exports, destination partner shares",KOR,Korea,C26,"Manufacture of computer, electronic and optical products",JPN,Japan,PT_EXGR_DVA,2017,2.155,0
EXGR_DVA_PSH,"Domestic value added in gross exports, destination partner shares",KOR,Korea,C26,"Manufacture of computer, electronic and optical products",W,World,PT_EXGR_DVA,2017,100,0
EXGR_DVA_PSH,"Domestic value added in gross exports, destination partner shares",KOR,Korea,C26,"Manufacture of computer, electronic and optical products",CYP,Cyprus,PT_EXGR_DVA,2017,0,0
EXGR_DVA_PSH,"Domestic value added in gross exports, destination partner shares",KOR,Korea,C26,"Manufacture of computer, electronic and optical products",KOR,Korea,PT_EXGR_DVA,2017,0,0
EXGR_DVA_PSH,"Domestic value added in gross exports, destination partner shares",KOR,Korea,C26,"Manufacture of computer, electronic and optical products",STP,Sao Tome and Principe,PT_EXGR_DVA,2017,0,0
EXGR_DVA_PSH,"Domestic value added in gross exports, destination partner shares",KOR,Korea,C26,"Manufacture of computer, electronic and optical products",GBR,United Kingdom,PT_EXGR_DVA,2015,0.351,0
EXGR_DVA_PSH,"Domestic value added in gross exports, destination partner shares",KOR,Korea,C26,"Manufacture of computer, electronic and optical products",COL,Colombia,PT_EXGR_DVA,2015,0.05,0
EXGR_DVA_PSH,"Domestic value added in gross exports, destination partner shares",KOR,Korea,C26,"Manufacture of computer, electronic and optical products",WXOECD,Non-OECD economies,PT_EXGR_DVA,2015,77.963,0
EXGR_DVA_PSH,"Domestic value added in gross exports, destination partner shares",KOR,Korea,C26,"Manufacture of computer, electronic and optical products",W_O,Other countries,PT_EXGR_DVA,2015,5.478,0
EXGR_DVA_PSH,"Domestic value added in gross exports, destination partner shares",KOR,Korea,C26,"Manufacture of computer, electronic and optical products",COD,Democratic Republic of the Congo,PT_EXGR_DVA,2015,0.001,0
EXGR_DVA_PSH,"Domestic value added in gross exports, destination partner shares",KOR,Korea,C26,"Manufacture of computer, electronic and optical products",HUN,Hungary,PT_EXGR_DVA,2015,0.292,0
EXGR_DVA_PSH,"Domestic value added in gross exports, destination partner shares",KOR,Korea,C26,"Manufacture of computer, electronic and optical products",E,Europe,PT_EXGR_DVA,2015,5.152,0
EXGR_DVA_PSH,"Domestic value added in gross exports, destination partner shares",KOR,Korea,C26,"Manufacture of computer, electronic and optical products",BRA,Brazil,PT_EXGR_DVA,2015,1.156,0
EXGR_DVA_PSH,"Domestic value added in gross exports, destination partner shares",KOR,Korea,C26,"Manufacture of computer, electronic and optical products",JPN,Japan,PT_EXGR_DVA,2015,3.012,0
EXGR_DVA_PSH,"Domestic value added in gross exports, destination partner shares",KOR,Korea,C26,"Manufacture of computer, electronic and optical products",NAFTA,NAFTA,PT_EXGR_DVA,2015,12.767,0
EXGR_DVA_PSH,"Domestic value added in gross exports, destination partner shares",KOR,Korea,C26,"Manufacture of computer, electronic and optical products",FIN,Finland,PT_EXGR_DVA,2015,0.107,0
EXGR_DVA_PSH,"Domestic value added in gross exports, destination partner shares",KOR,Korea,C26,"Manufacture of computer, electronic and optical products",LTU,Lithuania,PT_EXGR_DVA,2015,0.001,0
EXGR_DVA_PSH,"Domestic value added in gross exports, destination partner shares",KOR,Korea,C26,"Manufacture of computer, electronic and optical products",KHM,Cambodia,PT_EXGR_DVA,2015,0.009,0
EXGR_DVA_PSH,"Domestic value added in gross exports, destination partner shares",KOR,Korea,C26,"Manufacture of computer, electronic and optical products",EGY,Egypt,PT_EXGR_DVA,2015,0.136,0
EXGR_DVA_PSH,"Domestic value added in gross exports, destination partner shares",KOR,Korea,C26,"Manufacture of computer, electronic and optical products",AUS,Australia,PT_EXGR_DVA,2015,0.26,0
EXGR_DVA_PSH,"Domestic value added in gross exports, destination partner shares",KOR,Korea,C26,"Manufacture of computer, electronic and optical products",EU15,European Union (15 countries),PT_EXGR_DVA,2015,2.98,0
EXGR_DVA_PSH,"Domestic value added in gross exports, destination partner shares",KOR,Korea,C26,"Manufacture of computer, electronic and optical products",ARE,United Arab Emirates,PT_EXGR_DVA,2015,0.252,0
EXGR_DVA_PSH,"Domestic value added in gross exports, destination partner shares",KOR,Korea,C26,"Manufacture of computer, electronic and optical products",PAK,Pakistan,PT_EXGR_DVA,2015,0.009,0
EXGR_DVA_PSH,"Domestic value added in gross exports, destination partner shares",KOR,Korea,C26,"Manufacture of computer, electronic and optical products",MEX,Mexico,PT_EXGR_DVA,2015,3.502,0
EXGR_DVA_PSH,"Domestic value added in gross exports, destination partner shares",KOR,Korea,C26,"Manufacture of computer, electronic and optical products",SEN,Senegal,PT_EXGR_DVA,2015,0,0
EXGR_DVA_PSH,"Domestic value added in gross exports, destination partner shares",KOR,Korea,C26,"Manufacture of computer, electronic and optical products",PHL,Philippines,PT_EXGR_DVA,2015,0.806,0
EXGR_DVA_PSH,"Domestic value added in gross exports, destination partner shares",KOR,Korea,C26,"Manufacture of computer, electronic and optical products",S2,Eastern Asia,PT_EXGR_DVA,2015,62.959,0
EXGR_DVA_PSH,"Domestic value added in gross exports, destination partner shares",KOR,Korea,C26,"Manufacture of computer, electronic and optical products",IDN,Indonesia,PT_EXGR_DVA,2015,0.396,0
EXGR_DVA_PSH,"Domestic value added in gross exports, destination partner shares",KOR,Korea,C26,"Manufacture of computer, electronic and optical products",KAZ,Kazakhstan,PT_EXGR_DVA,2015,0.038,0
EXGR_DVA_PSH,"Domestic value added in gross exports, destination partner shares",KOR,Korea,C26,"Manufacture of computer, electronic and optical products",BRN,Brunei Darussalam,PT_EXGR_DVA,2015,0.003,0
EXGR_DVA_PSH,"Domestic value added in gross exports, destination partner shares",KOR,Korea,C26,"Manufacture of computer, electronic and optical products",HKG,Hong Kong (China),PT_EXGR_DVA,2015,0.031,0
EXGR_DVA_PSH,"Domestic value added in gross exports, destination partner shares",KOR,Korea,C26,"Manufacture of computer, electronic and optical products",WXD,Rest of the world,PT_EXGR_DVA,2015,1.933,0
EXGR_DVA_PSH,"Domestic value added in gross exports, destination partner shares",KOR,Korea,C26,"Manufacture of computer, electronic and optical products",SVN,Slovenia,PT_EXGR_DVA,2015,0.038,0
EXGR_DVA_PSH,"Domestic value added in gross exports, destination partner shares",KOR,Korea,C26,"Manufacture of computer, electronic and optical products",ROU,Romania,PT_EXGR_DVA,2015,0.023,0
EXGR_DVA_PSH,"Domestic value added in gross exports, destination partner shares",KOR,Korea,C26,"Manufacture of computer, electronic and optical products",ISR,Israel,PT_EXGR_DVA,2015,0.129,0
EXGR_DVA_PSH,"Domestic value added in gross exports, destination partner shares",KOR,Korea,C26,"Manufacture of computer, electronic and optical products",THA,Thailand,PT_EXGR_DVA,2015,0.617,0
EXGR_DVA_PSH,"Domestic value added in gross exports, destination partner shares",KOR,Korea,C26,"Manufacture of computer, electronic and optical products",PRT,Portugal,PT_EXGR_DVA,2015,0.021,0
EXGR_DVA_PSH,"Domestic value added in gross exports, destination partner shares",KOR,Korea,C26,"Manufacture of computer, electronic and optical products",F,Africa,PT_EXGR_DVA,2015,0.268,0
EXGR_DVA_PSH,"Domestic value added in gross exports, destination partner shares",KOR,Korea,C26,"Manufacture of computer, electronic and optical products",ARG,Argentina,PT_EXGR_DVA,2015,0.186,0
EXGR_DVA_PSH,"Domestic value added in gross exports, destination partner shares",KOR,Korea,C26,"Manufacture of computer, electronic and optical products",CAN,Canada,PT_EXGR_DVA,2015,0.395,0
EXGR_DVA_PSH,"Domestic value added in gross exports, destination partner shares",KOR,Korea,C26,"Manufacture of computer, electronic and optical products",BGD,Bangladesh,PT_EXGR_DVA,2015,0.012,0
EXGR_DVA_PSH,"Domestic value added in gross exports, destination partner shares",KOR,Korea,C26,"Manufacture of computer, electronic and optical products",EA19,Euro area (19 countries),PT_EXGR_DVA,2015,3.149,0
EXGR_DVA_PSH,"Domestic value added in gross exports, destination partner shares",KOR,Korea,C26,"Manufacture of computer, electronic and optical products",NLD,Netherlands,PT_EXGR_DVA,2015,0.112,0
EXGR_DVA_PSH,"Domestic value added in gross exports, destination partner shares",KOR,Korea,C26,"Manufacture of computer, electronic and optical products",TUN,Tunisia,PT_EXGR_DVA,2015,0.013,0
EXGR_DVA_PSH,"Domestic value added in gross exports, destination partner shares",KOR,Korea,C26,"Manufacture of computer, electronic and optical products",TWN,Chinese Taipei,PT_EXGR_DVA,2015,3.3,0
EXGR_DVA_PSH,"Domestic value added in gross exports, destination partner shares",KOR,Korea,C26,"Manufacture of computer, electronic and optical products",NOR,Norway,PT_EXGR_DVA,2015,0.135,0
EXGR_DVA_PSH,"Domestic value added in gross exports, destination partner shares",KOR,Korea,C26,"Manufacture of computer, electronic and optical products",RUS,Russia,PT_EXGR_DVA,2015,0.34,0
EXGR_DVA_PSH,"Domestic value added in gross exports, destination partner shares",KOR,Korea,C26,"Manufacture of computer, electronic and optical products",BGR,Bulgaria,PT_EXGR_DVA,2015,0.006,0
EXGR_DVA_PSH,"Domestic value added in gross exports, destination partner shares",KOR,Korea,C26,"Manufacture of computer, electronic and optical products",AUT,Austria,PT_EXGR_DVA,2015,0.116,0
EXGR_DVA_PSH,"Domestic value added in gross exports, destination partner shares",KOR,Korea,C26,"Manufacture of computer, electronic and optical products",POL,Poland,PT_EXGR_DVA,2015,0.454,0
EXGR_DVA_PSH,"Domestic value added in gross exports, destination partner shares",KOR,Korea,C26,"Manufacture of computer, electronic and optical products",MYS,Malaysia,PT_EXGR_DVA,2015,0.97,0
EXGR_DVA_PSH,"Domestic value added in gross exports, destination partner shares",KOR,Korea,C26,"Manufacture of computer, electronic and optical products",BEL,Belgium,PT_EXGR_DVA,2015,0.026,0
EXGR_DVA_PSH,"Domestic value added in gross exports, destination partner shares",KOR,Korea,C26,"Manufacture of computer, electronic and optical products",CRI,Costa Rica,PT_EXGR_DVA,2015,0.051,0
EXGR_DVA_PSH,"Domestic value added in gross exports, destination partner shares",KOR,Korea,C26,"Manufacture of computer, electronic and optical products",LUX,Luxembourg,PT_EXGR_DVA,2015,0.011,0
EXGR_DVA_PSH,"Domestic value added in gross exports, destination partner shares",KOR,Korea,C26,"Manufacture of computer, electronic and optical products",ZAF,South Africa,PT_EXGR_DVA,2015,0.061,0
EXGR_DVA_PSH,"Domestic value added in gross exports, destination partner shares",KOR,Korea,C26,"Manufacture of computer, electronic and optical products",S2_S8,Eastern and South-eastern Asia,PT_EXGR_DVA,2015,74.803,0
EXGR_DVA_PSH,"Domestic value added in gross exports, destination partner shares",KOR,Korea,C26,"Manufacture of computer, electronic and optical products",GRC,Greece,PT_EXGR_DVA,2015,0.005,0
EXGR_DVA_PSH,"Domestic value added in gross exports, destination partner shares",KOR,Korea,C26,"Manufacture of computer, electronic and optical products",A5_A7,South and Central America,PT_EXGR_DVA,2015,1.532,0
EXGR_DVA_PSH,"Domestic value added in gross exports, destination partner shares",KOR,Korea,C26,"Manufacture of computer, electronic and optical products",CHL,Chile,PT_EXGR_DVA,2015,0.041,0
EXGR_DVA_PSH,"Domestic value added in gross exports, destination partner shares",KOR,Korea,C26,"Manufacture of computer, electronic and optical products",ESP,Spain,PT_EXGR_DVA,2015,0.131,0
EXGR_DVA_PSH,"Domestic value added in gross exports, destination partner shares",KOR,Korea,C26,"Manufacture of computer, electronic and optical products",EST,Estonia,PT_EXGR_DVA,2015,0.006,0
EXGR_DVA_PSH,"Domestic value added in gross exports, destination partner shares",KOR,Korea,C26,"Manufacture of computer, electronic and optical products",CHN,China (People’s Republic of),PT_EXGR_DVA,2015,56.615,0
EXGR_DVA_PSH,"Domestic value added in gross exports, destination partner shares",KOR,Korea,C26,"Manufacture of computer, electronic and optical products",IND,India,PT_EXGR_DVA,2015,1.428,0
EXGR_DVA_PSH,"Domestic value added in gross exports, destination partner shares",KOR,Korea,C26,"Manufacture of computer, electronic and optical products",OECD,OECD,PT_EXGR_DVA,2015,22.037,0
EXGR_DVA_PSH,"Domestic value added in gross exports, destination partner shares",KOR,Korea,C26,"Manufacture of computer, electronic and optical products",AGO,Angola,PT_EXGR_DVA,2015,0.012,0
EXGR_DVA_PSH,"Domestic value added in gross exports, destination partner shares",KOR,Korea,C26,"Manufacture of computer, electronic and optical products",ITA,Italy,PT_EXGR_DVA,2015,0.11,0
EXGR_DVA_PSH,"Domestic value added in gross exports, destination partner shares",KOR,Korea,C26,"Manufacture of computer, electronic and optical products",MMR,Myanmar,PT_EXGR_DVA,2015,0.006,0
EXGR_DVA_PSH,"Domestic value added in gross exports, destination partner shares",KOR,Korea,C26,"Manufacture of computer, electronic and optical products",FRA,France,PT_EXGR_DVA,2015,0.396,0
EXGR_DVA_PSH,"Domestic value added in gross exports, destination partner shares",KOR,Korea,C26,"Manufacture of computer, electronic and optical products",PER,Peru,PT_EXGR_DVA,2015,0.048,0
EXGR_DVA_PSH,"Domestic value added in gross exports, destination partner shares",KOR,Korea,C26,"Manufacture of computer, electronic and optical products",APEC,APEC,PT_EXGR_DVA,2015,88.279,0
EXGR_DVA_PSH,"Domestic value added in gross exports, destination partner shares",KOR,Korea,C26,"Manufacture of computer, electronic and optical products",USA,United States,PT_EXGR_DVA,2015,8.869,0
EXGR_DVA_PSH,"Domestic value added in gross exports, destination partner shares",KOR,Korea,C26,"Manufacture of computer, electronic and optical products",SVK,Slovak Republic,PT_EXGR_DVA,2015,0.516,0
EXGR_DVA_PSH,"Domestic value added in gross exports, destination partner shares",KOR,Korea,C26,"Manufacture of computer, electronic and optical products",MLT,Malta,PT_EXGR_DVA,2015,0.011,0
EXGR_DVA_PSH,"Domestic value added in gross exports, destination partner shares",KOR,Korea,C26,"Manufacture of computer, electronic and optical products",SAU,Saudi Arabia,PT_EXGR_DVA,2015,0.423,0
EXGR_DVA_PSH,"Domestic value added in gross exports, destination partner shares",KOR,Korea,C26,"Manufacture of computer, electronic and optical products",NGA,Nigeria,PT_EXGR_DVA,2015,0.02,0
EXGR_DVA_PSH,"Domestic value added in gross exports, destination partner shares",KOR,Korea,C26,"Manufacture of computer, electronic and optical products",VNM,Viet Nam,PT_EXGR_DVA,2015,6.306,0
EXGR_DVA_PSH,"Domestic value added in gross exports, destination partner shares",KOR,Korea,C26,"Manufacture of computer, electronic and optical products",EU28XEU15,European Union 28 excluding European Union 15 countries,PT_EXGR_DVA,2015,1.57,0
EXGR_DVA_PSH,"Domestic value added in gross exports, destination partner shares",KOR,Korea,C26,"Manufacture of computer, electronic and optical products",IRL,Ireland,PT_EXGR_DVA,2015,0.018,0
EXGR_DVA_PSH,"Domestic value added in gross exports, destination partner shares",KOR,Korea,C26,"Manufacture of computer, electronic and optical products",ISL,Iceland,PT_EXGR_DVA,2015,0.016,0
EXGR_DVA_PSH,"Domestic value added in gross exports, destination partner shares",KOR,Korea,C26,"Manufacture of computer, electronic and optical products",NZL,New Zealand,PT_EXGR_DVA,2015,0.036,0
EXGR_DVA_PSH,"Domestic value added in gross exports, destination partner shares",KOR,Korea,C26,"Manufacture of computer, electronic and optical products",MAR,Morocco,PT_EXGR_DVA,2015,0.02,0
EXGR_DVA_PSH,"Domestic value added in gross exports, destination partner shares",KOR,Korea,C26,"Manufacture of computer, electronic and optical products",SWE,Sweden,PT_EXGR_DVA,2015,0.045,0
EXGR_DVA_PSH,"Domestic value added in gross exports, destination partner shares",KOR,Korea,C26,"Manufacture of computer, electronic and optical products",DEU,Germany,PT_EXGR_DVA,2015,1.52,0
EXGR_DVA_PSH,"Domestic value added in gross exports, destination partner shares",KOR,Korea,C26,"Manufacture of computer, electronic and optical products",ASEAN,ASEAN,PT_EXGR_DVA,2015,11.844,0
EXGR_DVA_PSH,"Domestic value added in gross exports, destination partner shares",KOR,Korea,C26,"Manufacture of computer, electronic and optical products",CZE,Czechia,PT_EXGR_DVA,2015,0.216,0
EXGR_DVA_PSH,"Domestic value added in gross exports, destination partner shares",KOR,Korea,C26,"Manufacture of computer, electronic and optical products",G20,G20,PT_EXGR_DVA,2015,82.146,0
EXGR_DVA_PSH,"Domestic value added in gross exports, destination partner shares",KOR,Korea,C26,"Manufacture of computer, electronic and optical products",SGP,Singapore,PT_EXGR_DVA,2015,2.731,0
EXGR_DVA_PSH,"Domestic value added in gross exports, destination partner shares",KOR,Korea,C26,"Manufacture of computer, electronic and optical products",EU27_2020,European Union (27 countries from 01/02/2020),PT_EXGR_DVA,2015,4.199,0
EXGR_DVA_PSH,"Domestic value added in gross exports, destination partner shares",KOR,Korea,C26,"Manufacture of computer, electronic and optical products",EU28,European Union (28 countries),PT_EXGR_DVA,2015,4.55,0
EXGR_DVA_PSH,"Domestic value added in gross exports, destination partner shares",KOR,Korea,C26,"Manufacture of computer, electronic and optical products",TUR,Türkiye,PT_EXGR_DVA,2015,0.953,0
EXGR_DVA_PSH,"Domestic value added in gross exports, destination partner shares",KOR,Korea,C26,"Manufacture of computer, electronic and optical products",UKR,Ukraine,PT_EXGR_DVA,2015,0.029,0
EXGR_DVA_PSH,"Domestic value added in gross exports, destination partner shares",KOR,Korea,C26,"Manufacture of computer, electronic and optical products",DNK,Denmark,PT_EXGR_DVA,2015,0.013,0
EXGR_DVA_PSH,"Domestic value added in gross exports, destination partner shares",KOR,Korea,C26,"Manufacture of computer, electronic and optical products",CHE,Switzerland,PT_EXGR_DVA,2015,0.08,0
EXGR_DVA_PSH,"Domestic value added in gross exports, destination partner shares",KOR,Korea,C26,"Manufacture of computer, electronic and optical products",GBR,United Kingdom,PT_EXGR_DVA,2010,0.55,0
EXGR_DVA_PSH,"Domestic value added in gross exports, destination partner shares",KOR,Korea,C26,"Manufacture of computer, electronic and optical products",COL,Colombia,PT_EXGR_DVA,2010,0.052,0
EXGR_DVA_PSH,"Domestic value added in gross exports, destination partner shares",KOR,Korea,C26,"Manufacture of computer, electronic and optical products",WXOECD,Non-OECD economies,PT_EXGR_DVA,2010,66.131,0
EXGR_DVA_PSH,"Domestic value added in gross exports, destination partner shares",KOR,Korea,C26,"Manufacture of computer, electronic and optical products",W_O,Other countries,PT_EXGR_DVA,2010,5.371,0
EXGR_DVA_PSH,"Domestic value added in gross exports, destination partner shares",KOR,Korea,C26,"Manufacture of computer, electronic and optical products",HUN,Hungary,PT_EXGR_DVA,2010,1.443,0
EXGR_DVA_PSH,"Domestic value added in gross exports, destination partner shares",KOR,Korea,C26,"Manufacture of computer, electronic and optical products",E,Europe,PT_EXGR_DVA,2010,13.795,0
EXGR_DVA_PSH,"Domestic value added in gross exports, destination partner shares",KOR,Korea,C26,"Manufacture of computer, electronic and optical products",BRA,Brazil,PT_EXGR_DVA,2010,2.178,0
EXGR_DVA_PSH,"Domestic value added in gross exports, destination partner shares",KOR,Korea,C26,"Manufacture of computer, electronic and optical products",JPN,Japan,PT_EXGR_DVA,2010,4.639,0
EXGR_DVA_PSH,"Domestic value added in gross exports, destination partner shares",KOR,Korea,C26,"Manufacture of computer, electronic and optical products",NAFTA,NAFTA,PT_EXGR_DVA,2010,15.169,0
EXGR_DVA_PSH,"Domestic value added in gross exports, destination partner shares",KOR,Korea,C26,"Manufacture of computer, electronic and optical products",FIN,Finland,PT_EXGR_DVA,2010,0.229,0
EXGR_DVA_PSH,"Domestic value added in gross exports, destination partner shares",KOR,Korea,C26,"Manufacture of computer, electronic and optical products",EGY,Egypt,PT_EXGR_DVA,2010,0.06,0
EXGR_DVA_PSH,"Domestic value added in gross exports, destination partner shares",KOR,Korea,C26,"Manufacture of computer, electronic and optical products",AUS,Australia,PT_EXGR_DVA,2010,0.71,0
EXGR_DVA_PSH,"Domestic value added in gross exports, destination partner shares",KOR,Korea,C26,"Manufacture of computer, electronic and optical products",EU15,European Union (15 countries),PT_EXGR_DVA,2010,7.282,0
EXGR_DVA_PSH,"Domestic value added in gross exports, destination partner shares",KOR,Korea,C26,"Manufacture of computer, electronic and optical products",ARE,United Arab Emirates,PT_EXGR_DVA,2010,0.269,0
EXGR_DVA_PSH,"Domestic value added in gross exports, destination partner shares",KOR,Korea,C26,"Manufacture of computer, electronic and optical products",PAK,Pakistan,PT_EXGR_DVA,2010,0.02,0
EXGR_DVA_PSH,"Domestic value added in gross exports, destination partner shares",KOR,Korea,C26,"Manufacture of computer, electronic and optical products",MEX,Mexico,PT_EXGR_DVA,2010,4.936,0
EXGR_DVA_PSH,"Domestic value added in gross exports, destination partner shares",KOR,Korea,C26,"Manufacture of computer, electronic and optical products",SEN,Senegal,PT_EXGR_DVA,2010,0.008,0
EXGR_DVA_PSH,"Domestic value added in gross exports, destination partner shares",KOR,Korea,C26,"Manufacture of computer, electronic and optical products",PHL,Philippines,PT_EXGR_DVA,2010,1.235,0
EXGR_DVA_PSH,"Domestic value added in gross exports, destination partner shares",KOR,Korea,C26,"Manufacture of computer, electronic and optical products",S2,Eastern Asia,PT_EXGR_DVA,2010,54.074,0
EXGR_DVA_PSH,"Domestic value added in gross exports, destination partner shares",KOR,Korea,C26,"Manufacture of computer, electronic and optical products",IDN,Indonesia,PT_EXGR_DVA,2010,0.797,0
EXGR_DVA_PSH,"Domestic value added in gross exports, destination partner shares",KOR,Korea,C26,"Manufacture of computer, electronic and optical products",KAZ,Kazakhstan,PT_EXGR_DVA,2010,0.054,0
EXGR_DVA_PSH,"Domestic value added in gross exports, destination partner shares",KOR,Korea,C26,"Manufacture of computer, electronic and optical products",HKG,Hong Kong (China),PT_EXGR_DVA,2010,0.036,0
EXGR_DVA_PSH,"Domestic value added in gross exports, destination partner shares",KOR,Korea,C26,"Manufacture of computer, electronic and optical products",WXD,Rest of the world,PT_EXGR_DVA,2010,2.035,0
EXGR_DVA_PSH,"Domestic value added in gross exports, destination partner shares",KOR,Korea,C26,"Manufacture of computer, electronic and optical products",SVN,Slovenia,PT_EXGR_DVA,2010,0.023,0
EXGR_DVA_PSH,"Domestic value added in gross exports, destination partner shares",KOR,Korea,C26,"Manufacture of computer, electronic and optical products",ROU,Romania,PT_EXGR_DVA,2010,0.032,0
EXGR_DVA_PSH,"Domestic value added in gross exports, destination partner shares",KOR,Korea,C26,"Manufacture of computer, electronic and optical products",ISR,Israel,PT_EXGR_DVA,2010,0.216,0
EXGR_DVA_PSH,"Domestic value added in gross exports, destination partner shares",KOR,Korea,C26,"Manufacture of computer, electronic and optical products",THA,Thailand,PT_EXGR_DVA,2010,0.887,0
EXGR_DVA_PSH,"Domestic value added in gross exports, destination partner shares",KOR,Korea,C26,"Manufacture of computer, electronic and optical products",PRT,Portugal,PT_EXGR_DVA,2010,0.054,0
EXGR_DVA_PSH,"Domestic value added in gross exports, destination partner shares",KOR,Korea,C26,"Manufacture of computer, electronic and optical products",F,Africa,PT_EXGR_DVA,2010,0.461,0
EXGR_DVA_PSH,"Domestic value added in gross exports, destination partner shares",KOR,Korea,C26,"Manufacture of computer, electronic and optical products",ARG,Argentina,PT_EXGR_DVA,2010,0.214,0
EXGR_DVA_PSH,"Domestic value added in gross exports, destination partner shares",KOR,Korea,C26,"Manufacture of computer, electronic and optical products",CAN,Canada,PT_EXGR_DVA,2010,0.849,0
EXGR_DVA_PSH,"Domestic value added in gross exports, destination partner shares",KOR,Korea,C26,"Manufacture of computer, electronic and optical products",BGD,Bangladesh,PT_EXGR_DVA,2010,0.021,0
EXGR_DVA_PSH,"Domestic value added in gross exports, destination partner shares",KOR,Korea,C26,"Manufacture of computer, electronic and optical products",EA19,Euro area (19 countries),PT_EXGR_DVA,2010,8.113,0
EXGR_DVA_PSH,"Domestic value added in gross exports, destination partner shares",KOR,Korea,C26,"Manufacture of computer, electronic and optical products",NLD,Netherlands,PT_EXGR_DVA,2010,0.055,0
EXGR_DVA_PSH,"Domestic value added in gross exports, destination partner shares",KOR,Korea,C26,"Manufacture of computer, electronic and optical products",TUN,Tunisia,PT_EXGR_DVA,2010,0.029,0
EXGR_DVA_PSH,"Domestic value added in gross exports, destination partner shares",KOR,Korea,C26,"Manufacture of computer, electronic and optical products",TWN,Chinese Taipei,PT_EXGR_DVA,2010,7.336,0
EXGR_DVA_PSH,"Domestic value added in gross exports, destination partner shares",KOR,Korea,C26,"Manufacture of computer, electronic and optical products",NOR,Norway,PT_EXGR_DVA,2010,0.121,0
EXGR_DVA_PSH,"Domestic value added in gross exports, destination partner shares",KOR,Korea,C26,"Manufacture of computer, electronic and optical products",RUS,Russia,PT_EXGR_DVA,2010,1.022,0
EXGR_DVA_PSH,"Domestic value added in gross exports, destination partner shares",KOR,Korea,C26,"Manufacture of computer, electronic and optical products",BGR,Bulgaria,PT_EXGR_DVA,2010,0.024,0
EXGR_DVA_PSH,"Domestic value added in gross exports, destination partner shares",KOR,Korea,C26,"Manufacture of computer, electronic and optical products",AUT,Austria,PT_EXGR_DVA,2010,0.186,0
EXGR_DVA_PSH,"Domestic value added in gross exports, destination partner shares",KOR,Korea,C26,"Manufacture of computer, electronic and optical products",LVA,Latvia,PT_EXGR_DVA,2010,0.005,0
EXGR_DVA_PSH,"Domestic value added in gross exports, destination partner shares",KOR,Korea,C26,"Manufacture of computer, electronic and optical products",POL,Poland,PT_EXGR_DVA,2010,1.76,0
EXGR_DVA_PSH,"Domestic value added in gross exports, destination partner shares",KOR,Korea,C26,"Manufacture of computer, electronic and optical products",MYS,Malaysia,PT_EXGR_DVA,2010,2.312,0
EXGR_DVA_PSH,"Domestic value added in gross exports, destination partner shares",KOR,Korea,C26,"Manufacture of computer, electronic and optical products",BEL,Belgium,PT_EXGR_DVA,2010,0.026,0
EXGR_DVA_PSH,"Domestic value added in gross exports, destination partner shares",KOR,Korea,C26,"Manufacture of computer, electronic and optical products",LUX,Luxembourg,PT_EXGR_DVA,2010,0.006,0
EXGR_DVA_PSH,"Domestic value added in gross exports, destination partner shares",KOR,Korea,C26,"Manufacture of computer, electronic and optical products",ZAF,South Africa,PT_EXGR_DVA,2010,0.22,0
EXGR_DVA_PSH,"Domestic value added in gross exports, destination partner shares",KOR,Korea,C26,"Manufacture of computer, electronic and optical products",S2_S8,Eastern and South-eastern Asia,PT_EXGR_DVA,2010,62.595,0
EXGR_DVA_PSH,"Domestic value added in gross exports, destination partner shares",KOR,Korea,C26,"Manufacture of computer, electronic and optical products",HRV,Croatia,PT_EXGR_DVA,2010,0.04,0
EXGR_DVA_PSH,"Domestic value added in gross exports, destination partner shares",KOR,Korea,C26,"Manufacture of computer, electronic and optical products",GRC,Greece,PT_EXGR_DVA,2010,0.047,0
EXGR_DVA_PSH,"Domestic value added in gross exports, destination partner shares",KOR,Korea,C26,"Manufacture of computer, electronic and optical products",A5_A7,South and Central America,PT_EXGR_DVA,2010,2.609,0
EXGR_DVA_PSH,"Domestic value added in gross exports, destination partner shares",KOR,Korea,C26,"Manufacture of computer, electronic and optical products",CHL,Chile,PT_EXGR_DVA,2010,0.12,0
EXGR_DVA_PSH,"Domestic value added in gross exports, destination partner shares",KOR,Korea,C26,"Manufacture of computer, electronic and optical products",ESP,Spain,PT_EXGR_DVA,2010,0.35,0
EXGR_DVA_PSH,"Domestic value added in gross exports, destination partner shares",KOR,Korea,C26,"Manufacture of computer, electronic and optical products",EST,Estonia,PT_EXGR_DVA,2010,0.013,0
EXGR_DVA_PSH,"Domestic value added in gross exports, destination partner shares",KOR,Korea,C26,"Manufacture of computer, electronic and optical products",CHN,China (People’s Republic of),PT_EXGR_DVA,2010,42.063,0
EXGR_DVA_PSH,"Domestic value added in gross exports, destination partner shares",KOR,Korea,C26,"Manufacture of computer, electronic and optical products",IND,India,PT_EXGR_DVA,2010,1.136,0
EXGR_DVA_PSH,"Domestic value added in gross exports, destination partner shares",KOR,Korea,C26,"Manufacture of computer, electronic and optical products",OECD,OECD,PT_EXGR_DVA,2010,33.869,0
EXGR_DVA_PSH,"Domestic value added in gross exports, destination partner shares",KOR,Korea,C26,"Manufacture of computer, electronic and optical products",AGO,Angola,PT_EXGR_DVA,2010,0.013,0
EXGR_DVA_PSH,"Domestic value added in gross exports, destination partner shares",KOR,Korea,C26,"Manufacture of computer, electronic and optical products",ITA,Italy,PT_EXGR_DVA,2010,0.508,0
EXGR_DVA_PSH,"Domestic value added in gross exports, destination partner shares",KOR,Korea,C26,"Manufacture of computer, electronic and optical products",FRA,France,PT_EXGR_DVA,2010,1.209,0
EXGR_DVA_PSH,"Domestic value added in gross exports, destination partner shares",KOR,Korea,C26,"Manufacture of computer, electronic and optical products",JOR,Jordan,PT_EXGR_DVA,2010,0.028,0
EXGR_DVA_PSH,"Domestic value added in gross exports, destination partner shares",KOR,Korea,C26,"Manufacture of computer, electronic and optical products",PER,Peru,PT_EXGR_DVA,2010,0.041,0
EXGR_DVA_PSH,"Domestic value added in gross exports, destination partner shares",KOR,Korea,C26,"Manufacture of computer, electronic and optical products",APEC,APEC,PT_EXGR_DVA,2010,79.696,0
EXGR_DVA_PSH,"Domestic value added in gross exports, destination partner shares",KOR,Korea,C26,"Manufacture of computer, electronic and optical products",USA,United States,PT_EXGR_DVA,2010,9.384,0
EXGR_DVA_PSH,"Domestic value added in gross exports, destination partner shares",KOR,Korea,C26,"Manufacture of computer, electronic and optical products",SVK,Slovak Republic,PT_EXGR_DVA,2010,1.387,0
EXGR_DVA_PSH,"Domestic value added in gross exports, destination partner shares",KOR,Korea,C26,"Manufacture of computer, electronic and optical products",CMR,Cameroon,PT_EXGR_DVA,2010,0.001,0
EXGR_DVA_PSH,"Domestic value added in gross exports, destination partner shares",KOR,Korea,C26,"Manufacture of computer, electronic and optical products",MLT,Malta,PT_EXGR_DVA,2010,0.053,0
EXGR_DVA_PSH,"Domestic value added in gross exports, destination partner shares",KOR,Korea,C26,"Manufacture of computer, electronic and optical products",SAU,Saudi Arabia,PT_EXGR_DVA,2010,0.515,0
EXGR_DVA_PSH,"Domestic value added in gross exports, destination partner shares",KOR,Korea,C26,"Manufacture of computer, electronic and optical products",NGA,Nigeria,PT_EXGR_DVA,2010,0.063,0
EXGR_DVA_PSH,"Domestic value added in gross exports, destination partner shares",KOR,Korea,C26,"Manufacture of computer, electronic and optical products",BLR,Belarus,PT_EXGR_DVA,2010,0.011,0
EXGR_DVA_PSH,"Domestic value added in gross exports, destination partner shares",KOR,Korea,C26,"Manufacture of computer, electronic and optical products",VNM,Viet Nam,PT_EXGR_DVA,2010,0.952,0
EXGR_DVA_PSH,"Domestic value added in gross exports, destination partner shares",KOR,Korea,C26,"Manufacture of computer, electronic and optical products",EU28XEU15,European Union 28 excluding European Union 15 countries,PT_EXGR_DVA,2010,5.269,0
EXGR_DVA_PSH,"Domestic value added in gross exports, destination partner shares",KOR,Korea,C26,"Manufacture of computer, electronic and optical products",IRL,Ireland,PT_EXGR_DVA,2010,0.146,0
EXGR_DVA_PSH,"Domestic value added in gross exports, destination partner shares",KOR,Korea,C26,"Manufacture of computer, electronic and optical products",ISL,Iceland,PT_EXGR_DVA,2010,0.004,0
EXGR_DVA_PSH,"Domestic value added in gross exports, destination partner shares",KOR,Korea,C26,"Manufacture of computer, electronic and optical products",NZL,New Zealand,PT_EXGR_DVA,2010,0.044,0
EXGR_DVA_PSH,"Domestic value added in gross exports, destination partner shares",KOR,Korea,C26,"Manufacture of computer, electronic and optical products",CIV,Côte d’Ivoire,PT_EXGR_DVA,2010,0.002,0
EXGR_DVA_PSH,"Domestic value added in gross exports, destination partner shares",KOR,Korea,C26,"Manufacture of computer, electronic and optical products",MAR,Morocco,PT_EXGR_DVA,2010,0.062,0
EXGR_DVA_PSH,"Domestic value added in gross exports, destination partner shares",KOR,Korea,C26,"Manufacture of computer, electronic and optical products",SWE,Sweden,PT_EXGR_DVA,2010,0.095,0
EXGR_DVA_PSH,"Domestic value added in gross exports, destination partner shares",KOR,Korea,C26,"Manufacture of computer, electronic and optical products",DEU,Germany,PT_EXGR_DVA,2010,3.811,0
EXGR_DVA_PSH,"Domestic value added in gross exports, destination partner shares",KOR,Korea,C26,"Manufacture of computer, electronic and optical products",ASEAN,ASEAN,PT_EXGR_DVA,2010,8.521,0
EXGR_DVA_PSH,"Domestic value added in gross exports, destination partner shares",KOR,Korea,C26,"Manufacture of computer, electronic and optical products",CZE,Czechia,PT_EXGR_DVA,2010,0.484,0
EXGR_DVA_PSH,"Domestic value added in gross exports, destination partner shares",KOR,Korea,C26,"Manufacture of computer, electronic and optical products",G20,G20,PT_EXGR_DVA,2010,81.537,0
EXGR_DVA_PSH,"Domestic value added in gross exports, destination partner shares",KOR,Korea,C26,"Manufacture of computer, electronic and optical products",SGP,Singapore,PT_EXGR_DVA,2010,2.331,0
EXGR_DVA_PSH,"Domestic value added in gross exports, destination partner shares",KOR,Korea,C26,"Manufacture of computer, electronic and optical products",EU27_2020,European Union (27 countries from 01/02/2020),PT_EXGR_DVA,2010,12.001,0
EXGR_DVA_PSH,"Domestic value added in gross exports, destination partner shares",KOR,Korea,C26,"Manufacture of computer, electronic and optical products",EU28,European Union (28 countries),PT_EXGR_DVA,2010,12.551,0
EXGR_DVA_PSH,"Domestic value added in gross exports, destination partner shares",KOR,Korea,C26,"Manufacture of computer, electronic and optical products",TUR,Türkiye,PT_EXGR_DVA,2010,0.322,0
EXGR_DVA_PSH,"Domestic value added in gross exports, destination partner shares",KOR,Korea,C26,"Manufacture of computer, electronic and optical products",UKR,Ukraine,PT_EXGR_DVA,2010,0.017,0
EXGR_DVA_PSH,"Domestic value added in gross exports, destination partner shares",KOR,Korea,C26,"Manufacture of computer, electronic and optical products",DNK,Denmark,PT_EXGR_DVA,2010,0.011,0
EXGR_DVA_PSH,"Domestic value added in gross exports, destination partner shares",KOR,Korea,C26,"Manufacture of computer, electronic and optical products",CHE,Switzerland,PT_EXGR_DVA,2010,0.067,0
EXGR_DVA_PSH,"Domestic value added in gross exports, destination partner shares",KOR,Korea,C26,"Manufacture of computer, electronic and optical products",LTU,Lithuania,PT_EXGR_DVA,2010,0.004,0
EXGR_DVA_PSH,"Domestic value added in gross exports, destination partner shares",KOR,Korea,C26,"Manufacture of computer, electronic and optical products",KHM,Cambodia,PT_EXGR_DVA,2010,0.004,0
EXGR_DVA_PSH,"Domestic value added in gross exports, destination partner shares",KOR,Korea,C26,"Manufacture of computer, electronic and optical products",CRI,Costa Rica,PT_EXGR_DVA,2010,0.003,0
EXGR_DVA_PSH,"Domestic value added in gross exports, destination partner shares",KOR,Korea,C26,"Manufacture of computer, electronic and optical products",COD,Democratic Republic of the Congo,PT_EXGR_DVA,2010,0.002,0
EXGR_DVA_PSH,"Domestic value added in gross exports, destination partner shares",KOR,Korea,C26,"Manufacture of computer, electronic and optical products",CYP,Cyprus,PT_EXGR_DVA,2010,0.002,0
EXGR_DVA_PSH,"Domestic value added in gross exports, destination partner shares",KOR,Korea,C26,"Manufacture of computer, electronic and optical products",MMR,Myanmar,PT_EXGR_DVA,2010,0.002,0
EXGR_DVA_PSH,"Domestic value added in gross exports, destination partner shares",KOR,Korea,C26,"Manufacture of computer, electronic and optical products",JOR,Jordan,PT_EXGR_DVA,2015,0.006,0
EXGR_DVA_PSH,"Domestic value added in gross exports, destination partner shares",KOR,Korea,C26,"Manufacture of computer, electronic and optical products",LVA,Latvia,PT_EXGR_DVA,2015,0.004,0
EXGR_DVA_PSH,"Domestic value added in gross exports, destination partner shares",KOR,Korea,C26,"Manufacture of computer, electronic and optical products",BLR,Belarus,PT_EXGR_DVA,2015,0.003,0
EXGR_DVA_PSH,"Domestic value added in gross exports, destination partner shares",KOR,Korea,C26,"Manufacture of computer, electronic and optical products",CMR,Cameroon,PT_EXGR_DVA,2015,0.003,0
EXGR_DVA_PSH,"Domestic value added in gross exports, destination partner shares",KOR,Korea,C26,"Manufacture of computer, electronic and optical products",CIV,Côte d’Ivoire,PT_EXGR_DVA,2015,0.002,0
EXGR_DVA_PSH,"Domestic value added in gross exports, destination partner shares",KOR,Korea,C26,"Manufacture of computer, electronic and optical products",HRV,Croatia,PT_EXGR_DVA,2015,0.002,0
EXGR_DVA_PSH,"Domestic value added in gross exports, destination partner shares",KOR,Korea,C26,"Manufacture of computer, electronic and optical products",CYP,Cyprus,PT_EXGR_DVA,2015,0.001,0
EXGR_DVA_PSH,"Domestic value added in gross exports, destination partner shares",KOR,Korea,C26,"Manufacture of computer, electronic and optical products",LAO,Lao People’s Democratic Republic,PT_EXGR_DVA,2015,0.001,0
EXGR_DVA_PSH,"Domestic value added in gross exports, destination partner shares",KOR,Korea,C26,"Manufacture of computer, electronic and optical products",BRN,Brunei Darussalam,PT_EXGR_DVA,2010,0.001,0
EXGR_DVA_PSH,"Domestic value added in gross exports, destination partner shares",KOR,Korea,C26,"Manufacture of computer, electronic and optical products",W,World,PT_EXGR_DVA,2010,100,0
EXGR_DVA_PSH,"Domestic value added in gross exports, destination partner shares",KOR,Korea,C26,"Manufacture of computer, electronic and optical products",W,World,PT_EXGR_DVA,2015,100,0
EXGR_DVA_PSH,"Domestic value added in gross exports, destination partner shares",KOR,Korea,C26,"Manufacture of computer, electronic and optical products",KOR,Korea,PT_EXGR_DVA,2010,0,0
EXGR_DVA_PSH,"Domestic value added in gross exports, destination partner shares",KOR,Korea,C26,"Manufacture of computer, electronic and optical products",LAO,Lao People’s Democratic Republic,PT_EXGR_DVA,2010,0,0
EXGR_DVA_PSH,"Domestic value added in gross exports, destination partner shares",KOR,Korea,C26,"Manufacture of computer, electronic and optical products",STP,Sao Tome and Principe,PT_EXGR_DVA,2010,0,0
EXGR_DVA_PSH,"Domestic value added in gross exports, destination partner shares",KOR,Korea,C26,"Manufacture of computer, electronic and optical products",KOR,Korea,PT_EXGR_DVA,2015,0,0
EXGR_DVA_PSH,"Domestic value added in gross exports, destination partner shares",KOR,Korea,C26,"Manufacture of computer, electronic and optical products",STP,Sao Tome and Principe,PT_EXGR_DVA,2015,0,0
EXGR_DVA_PSH,"Domestic value added in gross exports, destination partner shares",KOR,Korea,C26,"Manufacture of computer, electronic and optical products",GBR,United Kingdom,PT_EXGR_DVA,2016,0.365,0
EXGR_DVA_PSH,"Domestic value added in gross exports, destination partner shares",KOR,Korea,C26,"Manufacture of computer, electronic and optical products",COL,Colombia,PT_EXGR_DVA,2016,0.042,0
EXGR_DVA_PSH,"Domestic value added in gross exports, destination partner shares",KOR,Korea,C26,"Manufacture of computer, electronic and optical products",WXOECD,Non-OECD economies,PT_EXGR_DVA,2016,78.668,0
EXGR_DVA_PSH,"Domestic value added in gross exports, destination partner shares",KOR,Korea,C26,"Manufacture of computer, electronic and optical products",W_O,Other countries,PT_EXGR_DVA,2016,5.08,0
EXGR_DVA_PSH,"Domestic value added in gross exports, destination partner shares",KOR,Korea,C26,"Manufacture of computer, electronic and optical products",HUN,Hungary,PT_EXGR_DVA,2016,0.152,0
EXGR_DVA_PSH,"Domestic value added in gross exports, destination partner shares",KOR,Korea,C26,"Manufacture of computer, electronic and optical products",E,Europe,PT_EXGR_DVA,2016,5.474,0
EXGR_DVA_PSH,"Domestic value added in gross exports, destination partner shares",KOR,Korea,C26,"Manufacture of computer, electronic and optical products",BRA,Brazil,PT_EXGR_DVA,2016,1.031,0
EXGR_DVA_PSH,"Domestic value added in gross exports, destination partner shares",KOR,Korea,C26,"Manufacture of computer, electronic and optical products",JPN,Japan,PT_EXGR_DVA,2016,2.271,0
EXGR_DVA_PSH,"Domestic value added in gross exports, destination partner shares",KOR,Korea,C26,"Manufacture of computer, electronic and optical products",NAFTA,NAFTA,PT_EXGR_DVA,2016,12.841,0
EXGR_DVA_PSH,"Domestic value added in gross exports, destination partner shares",KOR,Korea,C26,"Manufacture of computer, electronic and optical products",FIN,Finland,PT_EXGR_DVA,2016,0.137,0
EXGR_DVA_PSH,"Domestic value added in gross exports, destination partner shares",KOR,Korea,C26,"Manufacture of computer, electronic and optical products",KHM,Cambodia,PT_EXGR_DVA,2016,0.003,0
EXGR_DVA_PSH,"Domestic value added in gross exports, destination partner shares",KOR,Korea,C26,"Manufacture of computer, electronic and optical products",EGY,Egypt,PT_EXGR_DVA,2016,0.102,0
EXGR_DVA_PSH,"Domestic value added in gross exports, destination partner shares",KOR,Korea,C26,"Manufacture of computer, electronic and optical products",AUS,Australia,PT_EXGR_DVA,2016,0.321,0
EXGR_DVA_PSH,"Domestic value added in gross exports, destination partner shares",KOR,Korea,C26,"Manufacture of computer, electronic and optical products",EU15,European Union (15 countries),PT_EXGR_DVA,2016,3.303,0
EXGR_DVA_PSH,"Domestic value added in gross exports, destination partner shares",KOR,Korea,C26,"Manufacture of computer, electronic and optical products",ARE,United Arab Emirates,PT_EXGR_DVA,2016,0.279,0
EXGR_DVA_PSH,"Domestic value added in gross exports, destination partner shares",KOR,Korea,C26,"Manufacture of computer, electronic and optical products",PAK,Pakistan,PT_EXGR_DVA,2016,0.012,0
EXGR_DVA_PSH,"Domestic value added in gross exports, destination partner shares",KOR,Korea,C26,"Manufacture of computer, electronic and optical products",MEX,Mexico,PT_EXGR_DVA,2016,3.041,0
EXGR_DVA_PSH,"Domestic value added in gross exports, destination partner shares",KOR,Korea,C26,"Manufacture of computer, electronic and optical products",PHL,Philippines,PT_EXGR_DVA,2016,1.169,0
EXGR_DVA_PSH,"Domestic value added in gross exports, destination partner shares",KOR,Korea,C26,"Manufacture of computer, electronic and optical products",S2,Eastern Asia,PT_EXGR_DVA,2016,60.795,0
EXGR_DVA_PSH,"Domestic value added in gross exports, destination partner shares",KOR,Korea,C26,"Manufacture of computer, electronic and optical products",IDN,Indonesia,PT_EXGR_DVA,2016,0.376,0
EXGR_DVA_PSH,"Domestic value added in gross exports, destination partner shares",KOR,Korea,C26,"Manufacture of computer, electronic and optical products",KAZ,Kazakhstan,PT_EXGR_DVA,2016,0.035,0
EXGR_DVA_PSH,"Domestic value added in gross exports, destination partner shares",KOR,Korea,C26,"Manufacture of computer, electronic and optical products",BRN,Brunei Darussalam,PT_EXGR_DVA,2016,0.002,0
EXGR_DVA_PSH,"Domestic value added in gross exports, destination partner shares",KOR,Korea,C26,"Manufacture of computer, electronic and optical products",HKG,Hong Kong (China),PT_EXGR_DVA,2016,0.041,0
EXGR_DVA_PSH,"Domestic value added in gross exports, destination partner shares",KOR,Korea,C26,"Manufacture of computer, electronic and optical products",WXD,Rest of the world,PT_EXGR_DVA,2016,1.861,0
EXGR_DVA_PSH,"Domestic value added in gross exports, destination partner shares",KOR,Korea,C26,"Manufacture of computer, electronic and optical products",SVN,Slovenia,PT_EXGR_DVA,2016,0.029,0
EXGR_DVA_PSH,"Domestic value added in gross exports, destination partner shares",KOR,Korea,C26,"Manufacture of computer, electronic and optical products",ROU,Romania,PT_EXGR_DVA,2016,0.033,0
EXGR_DVA_PSH,"Domestic value added in gross exports, destination partner shares",KOR,Korea,C26,"Manufacture of computer, electronic and optical products",ISR,Israel,PT_EXGR_DVA,2016,0.101,0
EXGR_DVA_PSH,"Domestic value added in gross exports, destination partner shares",KOR,Korea,C26,"Manufacture of computer, electronic and optical products",THA,Thailand,PT_EXGR_DVA,2016,0.608,0
EXGR_DVA_PSH,"Domestic value added in gross exports, destination partner shares",KOR,Korea,C26,"Manufacture of computer, electronic and optical products",PRT,Portugal,PT_EXGR_DVA,2016,0.028,0
EXGR_DVA_PSH,"Domestic value added in gross exports, destination partner shares",KOR,Korea,C26,"Manufacture of computer, electronic and optical products",CYP,Cyprus,PT_EXGR_DVA,2016,0.001,0
EXGR_DVA_PSH,"Domestic value added in gross exports, destination partner shares",KOR,Korea,C26,"Manufacture of computer, electronic and optical products",F,Africa,PT_EXGR_DVA,2016,0.262,0
EXGR_DVA_PSH,"Domestic value added in gross exports, destination partner shares",KOR,Korea,C26,"Manufacture of computer, electronic and optical products",ARG,Argentina,PT_EXGR_DVA,2016,0.171,0
EXGR_DVA_PSH,"Domestic value added in gross exports, destination partner shares",KOR,Korea,C26,"Manufacture of computer, electronic and optical products",CAN,Canada,PT_EXGR_DVA,2016,0.334,0
EXGR_DVA_PSH,"Domestic value added in gross exports, destination partner shares",KOR,Korea,C26,"Manufacture of computer, electronic and optical products",BGD,Bangladesh,PT_EXGR_DVA,2016,0.042,0
EXGR_DVA_PSH,"Domestic value added in gross exports, destination partner shares",KOR,Korea,C26,"Manufacture of computer, electronic and optical products",EA19,Euro area (19 countries),PT_EXGR_DVA,2016,3.532,0
EXGR_DVA_PSH,"Domestic value added in gross exports, destination partner shares",KOR,Korea,C26,"Manufacture of computer, electronic and optical products",NLD,Netherlands,PT_EXGR_DVA,2016,0.111,0
EXGR_DVA_PSH,"Domestic value added in gross exports, destination partner shares",KOR,Korea,C26,"Manufacture of computer, electronic and optical products",TUN,Tunisia,PT_EXGR_DVA,2016,0.041,0
EXGR_DVA_PSH,"Domestic value added in gross exports, destination partner shares",KOR,Korea,C26,"Manufacture of computer, electronic and optical products",TWN,Chinese Taipei,PT_EXGR_DVA,2016,4.063,0
EXGR_DVA_PSH,"Domestic value added in gross exports, destination partner shares",KOR,Korea,C26,"Manufacture of computer, electronic and optical products",NOR,Norway,PT_EXGR_DVA,2016,0.167,0
EXGR_DVA_PSH,"Domestic value added in gross exports, destination partner shares",KOR,Korea,C26,"Manufacture of computer, electronic and optical products",RUS,Russia,PT_EXGR_DVA,2016,0.369,0
EXGR_DVA_PSH,"Domestic value added in gross exports, destination partner shares",KOR,Korea,C26,"Manufacture of computer, electronic and optical products",BGR,Bulgaria,PT_EXGR_DVA,2016,0.008,0
EXGR_DVA_PSH,"Domestic value added in gross exports, destination partner shares",KOR,Korea,C26,"Manufacture of computer, electronic and optical products",AUT,Austria,PT_EXGR_DVA,2016,0.121,0
EXGR_DVA_PSH,"Domestic value added in gross exports, destination partner shares",KOR,Korea,C26,"Manufacture of computer, electronic and optical products",POL,Poland,PT_EXGR_DVA,2016,0.448,0
EXGR_DVA_PSH,"Domestic value added in gross exports, destination partner shares",KOR,Korea,C26,"Manufacture of computer, electronic and optical products",MYS,Malaysia,PT_EXGR_DVA,2016,0.977,0
EXGR_DVA_PSH,"Domestic value added in gross exports, destination partner shares",KOR,Korea,C26,"Manufacture of computer, electronic and optical products",BEL,Belgium,PT_EXGR_DVA,2016,0.033,0
EXGR_DVA_PSH,"Domestic value added in gross exports, destination partner shares",KOR,Korea,C26,"Manufacture of computer, electronic and optical products",CRI,Costa Rica,PT_EXGR_DVA,2016,0.005,0
EXGR_DVA_PSH,"Domestic value added in gross exports, destination partner shares",KOR,Korea,C26,"Manufacture of computer, electronic and optical products",LUX,Luxembourg,PT_EXGR_DVA,2016,0.022,0
EXGR_DVA_PSH,"Domestic value added in gross exports, destination partner shares",KOR,Korea,C26,"Manufacture of computer, electronic and optical products",ZAF,South Africa,PT_EXGR_DVA,2016,0.058,0
EXGR_DVA_PSH,"Domestic value added in gross exports, destination partner shares",KOR,Korea,C26,"Manufacture of computer, electronic and optical products",S2_S8,Eastern and South-eastern Asia,PT_EXGR_DVA,2016,75.021,0
EXGR_DVA_PSH,"Domestic value added in gross exports, destination partner shares",KOR,Korea,C26,"Manufacture of computer, electronic and optical products",A5_A7,South and Central America,PT_EXGR_DVA,2016,1.322,0
EXGR_DVA_PSH,"Domestic value added in gross exports, destination partner shares",KOR,Korea,C26,"Manufacture of computer, electronic and optical products",CHL,Chile,PT_EXGR_DVA,2016,0.034,0
EXGR_DVA_PSH,"Domestic value added in gross exports, destination partner shares",KOR,Korea,C26,"Manufacture of computer, electronic and optical products",ESP,Spain,PT_EXGR_DVA,2016,0.103,0
EXGR_DVA_PSH,"Domestic value added in gross exports, destination partner shares",KOR,Korea,C26,"Manufacture of computer, electronic and optical products",EST,Estonia,PT_EXGR_DVA,2016,0.007,0
EXGR_DVA_PSH,"Domestic value added in gross exports, destination partner shares",KOR,Korea,C26,"Manufacture of computer, electronic and optical products",CHN,China (People’s Republic of),PT_EXGR_DVA,2016,54.42,0
EXGR_DVA_PSH,"Domestic value added in gross exports, destination partner shares",KOR,Korea,C26,"Manufacture of computer, electronic and optical products",IND,India,PT_EXGR_DVA,2016,1.423,0
EXGR_DVA_PSH,"Domestic value added in gross exports, destination partner shares",KOR,Korea,C26,"Manufacture of computer, electronic and optical products",OECD,OECD,PT_EXGR_DVA,2016,21.332,0
EXGR_DVA_PSH,"Domestic value added in gross exports, destination partner shares",KOR,Korea,C26,"Manufacture of computer, electronic and optical products",AGO,Angola,PT_EXGR_DVA,2016,0.003,0
EXGR_DVA_PSH,"Domestic value added in gross exports, destination partner shares",KOR,Korea,C26,"Manufacture of computer, electronic and optical products",ITA,Italy,PT_EXGR_DVA,2016,0.114,0
EXGR_DVA_PSH,"Domestic value added in gross exports, destination partner shares",KOR,Korea,C26,"Manufacture of computer, electronic and optical products",MMR,Myanmar,PT_EXGR_DVA,2016,0.013,0
EXGR_DVA_PSH,"Domestic value added in gross exports, destination partner shares",KOR,Korea,C26,"Manufacture of computer, electronic and optical products",FRA,France,PT_EXGR_DVA,2016,0.434,0
EXGR_DVA_PSH,"Domestic value added in gross exports, destination partner shares",KOR,Korea,C26,"Manufacture of computer, electronic and optical products",JOR,Jordan,PT_EXGR_DVA,2016,0.004,0
EXGR_DVA_PSH,"Domestic value added in gross exports, destination partner shares",KOR,Korea,C26,"Manufacture of computer, electronic and optical products",PER,Peru,PT_EXGR_DVA,2016,0.04,0
EXGR_DVA_PSH,"Domestic value added in gross exports, destination partner shares",KOR,Korea,C26,"Manufacture of computer, electronic and optical products",APEC,APEC,PT_EXGR_DVA,2016,88.66,0
EXGR_DVA_PSH,"Domestic value added in gross exports, destination partner shares",KOR,Korea,C26,"Manufacture of computer, electronic and optical products",USA,United States,PT_EXGR_DVA,2016,9.466,0
EXGR_DVA_PSH,"Domestic value added in gross exports, destination partner shares",KOR,Korea,C26,"Manufacture of computer, electronic and optical products",SVK,Slovak Republic,PT_EXGR_DVA,2016,0.588,0
EXGR_DVA_PSH,"Domestic value added in gross exports, destination partner shares",KOR,Korea,C26,"Manufacture of computer, electronic and optical products",MLT,Malta,PT_EXGR_DVA,2016,0.012,0
EXGR_DVA_PSH,"Domestic value added in gross exports, destination partner shares",KOR,Korea,C26,"Manufacture of computer, electronic and optical products",SAU,Saudi Arabia,PT_EXGR_DVA,2016,0.314,0
EXGR_DVA_PSH,"Domestic value added in gross exports, destination partner shares",KOR,Korea,C26,"Manufacture of computer, electronic and optical products",NGA,Nigeria,PT_EXGR_DVA,2016,0.025,0
EXGR_DVA_PSH,"Domestic value added in gross exports, destination partner shares",KOR,Korea,C26,"Manufacture of computer, electronic and optical products",BLR,Belarus,PT_EXGR_DVA,2016,0.004,0
EXGR_DVA_PSH,"Domestic value added in gross exports, destination partner shares",KOR,Korea,C26,"Manufacture of computer, electronic and optical products",VNM,Viet Nam,PT_EXGR_DVA,2016,8.628,0
EXGR_DVA_PSH,"Domestic value added in gross exports, destination partner shares",KOR,Korea,C26,"Manufacture of computer, electronic and optical products",EU28XEU15,European Union 28 excluding European Union 15 countries,PT_EXGR_DVA,2016,1.513,0
EXGR_DVA_PSH,"Domestic value added in gross exports, destination partner shares",KOR,Korea,C26,"Manufacture of computer, electronic and optical products",IRL,Ireland,PT_EXGR_DVA,2016,0.051,0
EXGR_DVA_PSH,"Domestic value added in gross exports, destination partner shares",KOR,Korea,C26,"Manufacture of computer, electronic and optical products",ISL,Iceland,PT_EXGR_DVA,2016,0.019,0
EXGR_DVA_PSH,"Domestic value added in gross exports, destination partner shares",KOR,Korea,C26,"Manufacture of computer, electronic and optical products",NZL,New Zealand,PT_EXGR_DVA,2016,0.053,0
EXGR_DVA_PSH,"Domestic value added in gross exports, destination partner shares",KOR,Korea,C26,"Manufacture of computer, electronic and optical products",MAR,Morocco,PT_EXGR_DVA,2016,0.028,0
EXGR_DVA_PSH,"Domestic value added in gross exports, destination partner shares",KOR,Korea,C26,"Manufacture of computer, electronic and optical products",SWE,Sweden,PT_EXGR_DVA,2016,0.032,0
EXGR_DVA_PSH,"Domestic value added in gross exports, destination partner shares",KOR,Korea,C26,"Manufacture of computer, electronic and optical products",DEU,Germany,PT_EXGR_DVA,2016,1.731,0
EXGR_DVA_PSH,"Domestic value added in gross exports, destination partner shares",KOR,Korea,C26,"Manufacture of computer, electronic and optical products",ASEAN,ASEAN,PT_EXGR_DVA,2016,14.225,0
EXGR_DVA_PSH,"Domestic value added in gross exports, destination partner shares",KOR,Korea,C26,"Manufacture of computer, electronic and optical products",CZE,Czechia,PT_EXGR_DVA,2016,0.229,0
EXGR_DVA_PSH,"Domestic value added in gross exports, destination partner shares",KOR,Korea,C26,"Manufacture of computer, electronic and optical products",G20,G20,PT_EXGR_DVA,2016,79.048,0
EXGR_DVA_PSH,"Domestic value added in gross exports, destination partner shares",KOR,Korea,C26,"Manufacture of computer, electronic and optical products",SGP,Singapore,PT_EXGR_DVA,2016,2.447,0
EXGR_DVA_PSH,"Domestic value added in gross exports, destination partner shares",KOR,Korea,C26,"Manufacture of computer, electronic and optical products",EU27_2020,European Union (27 countries from 01/02/2020),PT_EXGR_DVA,2016,4.451,0
EXGR_DVA_PSH,"Domestic value added in gross exports, destination partner shares",KOR,Korea,C26,"Manufacture of computer, electronic and optical products",EU28,European Union (28 countries),PT_EXGR_DVA,2016,4.816,0
EXGR_DVA_PSH,"Domestic value added in gross exports, destination partner shares",KOR,Korea,C26,"Manufacture of computer, electronic and optical products",TUR,Türkiye,PT_EXGR_DVA,2016,0.636,0
EXGR_DVA_PSH,"Domestic value added in gross exports, destination partner shares",KOR,Korea,C26,"Manufacture of computer, electronic and optical products",UKR,Ukraine,PT_EXGR_DVA,2016,0.017,0
EXGR_DVA_PSH,"Domestic value added in gross exports, destination partner shares",KOR,Korea,C26,"Manufacture of computer, electronic and optical products",DNK,Denmark,PT_EXGR_DVA,2016,0.014,0
EXGR_DVA_PSH,"Domestic value added in gross exports, destination partner shares",KOR,Korea,C26,"Manufacture of computer, electronic and optical products",CHE,Switzerland,PT_EXGR_DVA,2016,0.081,0
EXGR_DVA_PSH,"Domestic value added in gross exports, destination partner shares",KOR,Korea,C26,"Manufacture of computer, electronic and optical products",GRC,Greece,PT_EXGR_DVA,2016,0.006,0
EXGR_DVA_PSH,"Domestic value added in gross exports, destination partner shares",KOR,Korea,C26,"Manufacture of computer, electronic and optical products",HRV,Croatia,PT_EXGR_DVA,2016,0.003,0
EXGR_DVA_PSH,"Domestic value added in gross exports, destination partner shares",KOR,Korea,C26,"Manufacture of computer, electronic and optical products",LTU,Lithuania,PT_EXGR_DVA,2016,0.003,0
EXGR_DVA_PSH,"Domestic value added in gross exports, destination partner shares",KOR,Korea,C26,"Manufacture of computer, electronic and optical products",LVA,Latvia,PT_EXGR_DVA,2016,0.002,0
EXGR_DVA_PSH,"Domestic value added in gross exports, destination partner shares",KOR,Korea,C26,"Manufacture of computer, electronic and optical products",COD,Democratic Republic of the Congo,PT_EXGR_DVA,2016,0.002,0
EXGR_DVA_PSH,"Domestic value added in gross exports, destination partner shares",KOR,Korea,C26,"Manufacture of computer, electronic and optical products",CIV,Côte d’Ivoire,PT_EXGR_DVA,2016,0.001,0
EXGR_DVA_PSH,"Domestic value added in gross exports, destination partner shares",KOR,Korea,C26,"Manufacture of computer, electronic and optical products",CMR,Cameroon,PT_EXGR_DVA,2016,0.001,0
EXGR_DVA_PSH,"Domestic value added in gross exports, destination partner shares",KOR,Korea,C26,"Manufacture of computer, electronic and optical products",SEN,Senegal,PT_EXGR_DVA,2016,0.001,0
EXGR_DVA_PSH,"Domestic value added in gross exports, destination partner shares",KOR,Korea,C26,"Manufacture of computer, electronic and optical products",LAO,Lao People’s Democratic Republic,PT_EXGR_DVA,2016,0.001,0
EXGR_DVA_PSH,"Domestic value added in gross exports, destination partner shares",KOR,Korea,C26,"Manufacture of computer, electronic and optical products",W,World,PT_EXGR_DVA,2016,100,0
EXGR_DVA_PSH,"Domestic value added in gross exports, destination partner shares",KOR,Korea,C26,"Manufacture of computer, electronic and optical products",KOR,Korea,PT_EXGR_DVA,2016,0,0
EXGR_DVA_PSH,"Domestic value added in gross exports, destination partner shares",KOR,Korea,C26,"Manufacture of computer, electronic and optical products",STP,Sao Tome and Principe,PT_EXGR_DVA,2016,0,0
EXGR_DVA_PSH,"Domestic value added in gross exports, destination partner shares",KOR,Korea,C26,"Manufacture of computer, electronic and optical products",GBR,United Kingdom,PT_EXGR_DVA,2012,0.502,0
EXGR_DVA_PSH,"Domestic value added in gross exports, destination partner shares",KOR,Korea,C26,"Manufacture of computer, electronic and optical products",COL,Colombia,PT_EXGR_DVA,2012,0.06,0
EXGR_DVA_PSH,"Domestic value added in gross exports, destination partner shares",KOR,Korea,C26,"Manufacture of computer, electronic and optical products",WXOECD,Non-OECD economies,PT_EXGR_DVA,2012,70.234,0
EXGR_DVA_PSH,"Domestic value added in gross exports, destination partner shares",KOR,Korea,C26,"Manufacture of computer, electronic and optical products",W_O,Other countries,PT_EXGR_DVA,2012,5.571,0
EXGR_DVA_PSH,"Domestic value added in gross exports, destination partner shares",KOR,Korea,C26,"Manufacture of computer, electronic and optical products",HUN,Hungary,PT_EXGR_DVA,2012,0.526,0
EXGR_DVA_PSH,"Domestic value added in gross exports, destination partner shares",KOR,Korea,C26,"Manufacture of computer, electronic and optical products",E,Europe,PT_EXGR_DVA,2012,10.977,0
EXGR_DVA_PSH,"Domestic value added in gross exports, destination partner shares",KOR,Korea,C26,"Manufacture of computer, electronic and optical products",BRA,Brazil,PT_EXGR_DVA,2012,2.289,0
EXGR_DVA_PSH,"Domestic value added in gross exports, destination partner shares",KOR,Korea,C26,"Manufacture of computer, electronic and optical products",JPN,Japan,PT_EXGR_DVA,2012,4.778,0
EXGR_DVA_PSH,"Domestic value added in gross exports, destination partner shares",KOR,Korea,C26,"Manufacture of computer, electronic and optical products",NAFTA,NAFTA,PT_EXGR_DVA,2012,13.445,0
EXGR_DVA_PSH,"Domestic value added in gross exports, destination partner shares",KOR,Korea,C26,"Manufacture of computer, electronic and optical products",FIN,Finland,PT_EXGR_DVA,2012,0.228,0
EXGR_DVA_PSH,"Domestic value added in gross exports, destination partner shares",KOR,Korea,C26,"Manufacture of computer, electronic and optical products",EGY,Egypt,PT_EXGR_DVA,2012,0.065,0
EXGR_DVA_PSH,"Domestic value added in gross exports, destination partner shares",KOR,Korea,C26,"Manufacture of computer, electronic and optical products",AUS,Australia,PT_EXGR_DVA,2012,0.598,0
EXGR_DVA_PSH,"Domestic value added in gross exports, destination partner shares",KOR,Korea,C26,"Manufacture of computer, electronic and optical products",EU15,European Union (15 countries),PT_EXGR_DVA,2012,4.901,0
EXGR_DVA_PSH,"Domestic value added in gross exports, destination partner shares",KOR,Korea,C26,"Manufacture of computer, electronic and optical products",ARE,United Arab Emirates,PT_EXGR_DVA,2012,0.199,0
EXGR_DVA_PSH,"Domestic value added in gross exports, destination partner shares",KOR,Korea,C26,"Manufacture of computer, electronic and optical products",PAK,Pakistan,PT_EXGR_DVA,2012,0.013,0
EXGR_DVA_PSH,"Domestic value added in gross exports, destination partner shares",KOR,Korea,C26,"Manufacture of computer, electronic and optical products",MEX,Mexico,PT_EXGR_DVA,2012,4.432,0
EXGR_DVA_PSH,"Domestic value added in gross exports, destination partner shares",KOR,Korea,C26,"Manufacture of computer, electronic and optical products",PHL,Philippines,PT_EXGR_DVA,2012,0.591,0
EXGR_DVA_PSH,"Domestic value added in gross exports, destination partner shares",KOR,Korea,C26,"Manufacture of computer, electronic and optical products",S2,Eastern Asia,PT_EXGR_DVA,2012,56.984,0
EXGR_DVA_PSH,"Domestic value added in gross exports, destination partner shares",KOR,Korea,C26,"Manufacture of computer, electronic and optical products",IDN,Indonesia,PT_EXGR_DVA,2012,0.671,0
EXGR_DVA_PSH,"Domestic value added in gross exports, destination partner shares",KOR,Korea,C26,"Manufacture of computer, electronic and optical products",KAZ,Kazakhstan,PT_EXGR_DVA,2012,0.106,0
EXGR_DVA_PSH,"Domestic value added in gross exports, destination partner shares",KOR,Korea,C26,"Manufacture of computer, electronic and optical products",BRN,Brunei Darussalam,PT_EXGR_DVA,2012,0.007,0
EXGR_DVA_PSH,"Domestic value added in gross exports, destination partner shares",KOR,Korea,C26,"Manufacture of computer, electronic and optical products",HKG,Hong Kong (China),PT_EXGR_DVA,2012,0.03,0
EXGR_DVA_PSH,"Domestic value added in gross exports, destination partner shares",KOR,Korea,C26,"Manufacture of computer, electronic and optical products",WXD,Rest of the world,PT_EXGR_DVA,2012,2.318,0
EXGR_DVA_PSH,"Domestic value added in gross exports, destination partner shares",KOR,Korea,C26,"Manufacture of computer, electronic and optical products",SVN,Slovenia,PT_EXGR_DVA,2012,0.043,0
EXGR_DVA_PSH,"Domestic value added in gross exports, destination partner shares",KOR,Korea,C26,"Manufacture of computer, electronic and optical products",ROU,Romania,PT_EXGR_DVA,2012,0.038,0
EXGR_DVA_PSH,"Domestic value added in gross exports, destination partner shares",KOR,Korea,C26,"Manufacture of computer, electronic and optical products",ISR,Israel,PT_EXGR_DVA,2012,0.209,0
EXGR_DVA_PSH,"Domestic value added in gross exports, destination partner shares",KOR,Korea,C26,"Manufacture of computer, electronic and optical products",THA,Thailand,PT_EXGR_DVA,2012,0.755,0
EXGR_DVA_PSH,"Domestic value added in gross exports, destination partner shares",KOR,Korea,C26,"Manufacture of computer, electronic and optical products",PRT,Portugal,PT_EXGR_DVA,2012,0.027,0
EXGR_DVA_PSH,"Domestic value added in gross exports, destination partner shares",KOR,Korea,C26,"Manufacture of computer, electronic and optical products",F,Africa,PT_EXGR_DVA,2012,0.371,0
EXGR_DVA_PSH,"Domestic value added in gross exports, destination partner shares",KOR,Korea,C26,"Manufacture of computer, electronic and optical products",ARG,Argentina,PT_EXGR_DVA,2012,0.198,0
EXGR_DVA_PSH,"Domestic value added in gross exports, destination partner shares",KOR,Korea,C26,"Manufacture of computer, electronic and optical products",CAN,Canada,PT_EXGR_DVA,2012,0.502,0
EXGR_DVA_PSH,"Domestic value added in gross exports, destination partner shares",KOR,Korea,C26,"Manufacture of computer, electronic and optical products",BGD,Bangladesh,PT_EXGR_DVA,2012,0.016,0
EXGR_DVA_PSH,"Domestic value added in gross exports, destination partner shares",KOR,Korea,C26,"Manufacture of computer, electronic and optical products",EA19,Euro area (19 countries),PT_EXGR_DVA,2012,6.644,0
EXGR_DVA_PSH,"Domestic value added in gross exports, destination partner shares",KOR,Korea,C26,"Manufacture of computer, electronic and optical products",NLD,Netherlands,PT_EXGR_DVA,2012,0.03,0
EXGR_DVA_PSH,"Domestic value added in gross exports, destination partner shares",KOR,Korea,C26,"Manufacture of computer, electronic and optical products",TUN,Tunisia,PT_EXGR_DVA,2012,0.016,0
EXGR_DVA_PSH,"Domestic value added in gross exports, destination partner shares",KOR,Korea,C26,"Manufacture of computer, electronic and optical products",TWN,Chinese Taipei,PT_EXGR_DVA,2012,3.489,0
EXGR_DVA_PSH,"Domestic value added in gross exports, destination partner shares",KOR,Korea,C26,"Manufacture of computer, electronic and optical products",NOR,Norway,PT_EXGR_DVA,2012,0.164,0
EXGR_DVA_PSH,"Domestic value added in gross exports, destination partner shares",KOR,Korea,C26,"Manufacture of computer, electronic and optical products",RUS,Russia,PT_EXGR_DVA,2012,0.934,0
EXGR_DVA_PSH,"Domestic value added in gross exports, destination partner shares",KOR,Korea,C26,"Manufacture of computer, electronic and optical products",BGR,Bulgaria,PT_EXGR_DVA,2012,0.017,0
EXGR_DVA_PSH,"Domestic value added in gross exports, destination partner shares",KOR,Korea,C26,"Manufacture of computer, electronic and optical products",AUT,Austria,PT_EXGR_DVA,2012,0.245,0
EXGR_DVA_PSH,"Domestic value added in gross exports, destination partner shares",KOR,Korea,C26,"Manufacture of computer, electronic and optical products",LVA,Latvia,PT_EXGR_DVA,2012,0.005,0
EXGR_DVA_PSH,"Domestic value added in gross exports, destination partner shares",KOR,Korea,C26,"Manufacture of computer, electronic and optical products",POL,Poland,PT_EXGR_DVA,2012,1.257,0
EXGR_DVA_PSH,"Domestic value added in gross exports, destination partner shares",KOR,Korea,C26,"Manufacture of computer, electronic and optical products",MYS,Malaysia,PT_EXGR_DVA,2012,1.406,0
EXGR_DVA_PSH,"Domestic value added in gross exports, destination partner shares",KOR,Korea,C26,"Manufacture of computer, electronic and optical products",BEL,Belgium,PT_EXGR_DVA,2012,0.019,0
EXGR_DVA_PSH,"Domestic value added in gross exports, destination partner shares",KOR,Korea,C26,"Manufacture of computer, electronic and optical products",LUX,Luxembourg,PT_EXGR_DVA,2012,0.007,0
EXGR_DVA_PSH,"Domestic value added in gross exports, destination partner shares",KOR,Korea,C26,"Manufacture of computer, electronic and optical products",ZAF,South Africa,PT_EXGR_DVA,2012,0.168,0
EXGR_DVA_PSH,"Domestic value added in gross exports, destination partner shares",KOR,Korea,C26,"Manufacture of computer, electronic and optical products",S2_S8,Eastern and South-eastern Asia,PT_EXGR_DVA,2012,66.846,0
EXGR_DVA_PSH,"Domestic value added in gross exports, destination partner shares",KOR,Korea,C26,"Manufacture of computer, electronic and optical products",HRV,Croatia,PT_EXGR_DVA,2012,0.029,0
EXGR_DVA_PSH,"Domestic value added in gross exports, destination partner shares",KOR,Korea,C26,"Manufacture of computer, electronic and optical products",GRC,Greece,PT_EXGR_DVA,2012,0.023,0
EXGR_DVA_PSH,"Domestic value added in gross exports, destination partner shares",KOR,Korea,C26,"Manufacture of computer, electronic and optical products",A5_A7,South and Central America,PT_EXGR_DVA,2012,2.789,0
EXGR_DVA_PSH,"Domestic value added in gross exports, destination partner shares",KOR,Korea,C26,"Manufacture of computer, electronic and optical products",CHL,Chile,PT_EXGR_DVA,2012,0.098,0
EXGR_DVA_PSH,"Domestic value added in gross exports, destination partner shares",KOR,Korea,C26,"Manufacture of computer, electronic and optical products",ESP,Spain,PT_EXGR_DVA,2012,0.223,0
EXGR_DVA_PSH,"Domestic value added in gross exports, destination partner shares",KOR,Korea,C26,"Manufacture of computer, electronic and optical products",EST,Estonia,PT_EXGR_DVA,2012,0.016,0
EXGR_DVA_PSH,"Domestic value added in gross exports, destination partner shares",KOR,Korea,C26,"Manufacture of computer, electronic and optical products",CHN,China (People’s Republic of),PT_EXGR_DVA,2012,48.687,0
EXGR_DVA_PSH,"Domestic value added in gross exports, destination partner shares",KOR,Korea,C26,"Manufacture of computer, electronic and optical products",IND,India,PT_EXGR_DVA,2012,0.848,0
EXGR_DVA_PSH,"Domestic value added in gross exports, destination partner shares",KOR,Korea,C26,"Manufacture of computer, electronic and optical products",OECD,OECD,PT_EXGR_DVA,2012,29.766,0
EXGR_DVA_PSH,"Domestic value added in gross exports, destination partner shares",KOR,Korea,C26,"Manufacture of computer, electronic and optical products",AGO,Angola,PT_EXGR_DVA,2012,0.027,0
EXGR_DVA_PSH,"Domestic value added in gross exports, destination partner shares",KOR,Korea,C26,"Manufacture of computer, electronic and optical products",ITA,Italy,PT_EXGR_DVA,2012,0.234,0
EXGR_DVA_PSH,"Domestic value added in gross exports, destination partner shares",KOR,Korea,C26,"Manufacture of computer, electronic and optical products",FRA,France,PT_EXGR_DVA,2012,0.875,0
EXGR_DVA_PSH,"Domestic value added in gross exports, destination partner shares",KOR,Korea,C26,"Manufacture of computer, electronic and optical products",JOR,Jordan,PT_EXGR_DVA,2012,0.013,0
EXGR_DVA_PSH,"Domestic value added in gross exports, destination partner shares",KOR,Korea,C26,"Manufacture of computer, electronic and optical products",PER,Peru,PT_EXGR_DVA,2012,0.14,0
EXGR_DVA_PSH,"Domestic value added in gross exports, destination partner shares",KOR,Korea,C26,"Manufacture of computer, electronic and optical products",APEC,APEC,PT_EXGR_DVA,2012,82.102,0
EXGR_DVA_PSH,"Domestic value added in gross exports, destination partner shares",KOR,Korea,C26,"Manufacture of computer, electronic and optical products",USA,United States,PT_EXGR_DVA,2012,8.51,0
EXGR_DVA_PSH,"Domestic value added in gross exports, destination partner shares",KOR,Korea,C26,"Manufacture of computer, electronic and optical products",SVK,Slovak Republic,PT_EXGR_DVA,2012,2.215,0
EXGR_DVA_PSH,"Domestic value added in gross exports, destination partner shares",KOR,Korea,C26,"Manufacture of computer, electronic and optical products",CMR,Cameroon,PT_EXGR_DVA,2012,0.001,0
EXGR_DVA_PSH,"Domestic value added in gross exports, destination partner shares",KOR,Korea,C26,"Manufacture of computer, electronic and optical products",MLT,Malta,PT_EXGR_DVA,2012,0.051,0
EXGR_DVA_PSH,"Domestic value added in gross exports, destination partner shares",KOR,Korea,C26,"Manufacture of computer, electronic and optical products",SAU,Saudi Arabia,PT_EXGR_DVA,2012,0.512,0
EXGR_DVA_PSH,"Domestic value added in gross exports, destination partner shares",KOR,Korea,C26,"Manufacture of computer, electronic and optical products",NGA,Nigeria,PT_EXGR_DVA,2012,0.048,0
EXGR_DVA_PSH,"Domestic value added in gross exports, destination partner shares",KOR,Korea,C26,"Manufacture of computer, electronic and optical products",VNM,Viet Nam,PT_EXGR_DVA,2012,3.106,0
EXGR_DVA_PSH,"Domestic value added in gross exports, destination partner shares",KOR,Korea,C26,"Manufacture of computer, electronic and optical products",EU28XEU15,European Union 28 excluding European Union 15 countries,PT_EXGR_DVA,2012,4.672,0
EXGR_DVA_PSH,"Domestic value added in gross exports, destination partner shares",KOR,Korea,C26,"Manufacture of computer, electronic and optical products",IRL,Ireland,PT_EXGR_DVA,2012,0.131,0
EXGR_DVA_PSH,"Domestic value added in gross exports, destination partner shares",KOR,Korea,C26,"Manufacture of computer, electronic and optical products",NZL,New Zealand,PT_EXGR_DVA,2012,0.054,0
EXGR_DVA_PSH,"Domestic value added in gross exports, destination partner shares",KOR,Korea,C26,"Manufacture of computer, electronic and optical products",MAR,Morocco,PT_EXGR_DVA,2012,0.041,0
EXGR_DVA_PSH,"Domestic value added in gross exports, destination partner shares",KOR,Korea,C26,"Manufacture of computer, electronic and optical products",SWE,Sweden,PT_EXGR_DVA,2012,0.074,0
EXGR_DVA_PSH,"Domestic value added in gross exports, destination partner shares",KOR,Korea,C26,"Manufacture of computer, electronic and optical products",DEU,Germany,PT_EXGR_DVA,2012,2.267,0
EXGR_DVA_PSH,"Domestic value added in gross exports, destination partner shares",KOR,Korea,C26,"Manufacture of computer, electronic and optical products",ASEAN,ASEAN,PT_EXGR_DVA,2012,9.863,0
EXGR_DVA_PSH,"Domestic value added in gross exports, destination partner shares",KOR,Korea,C26,"Manufacture of computer, electronic and optical products",CZE,Czechia,PT_EXGR_DVA,2012,0.472,0
EXGR_DVA_PSH,"Domestic value added in gross exports, destination partner shares",KOR,Korea,C26,"Manufacture of computer, electronic and optical products",G20,G20,PT_EXGR_DVA,2012,83.385,0
EXGR_DVA_PSH,"Domestic value added in gross exports, destination partner shares",KOR,Korea,C26,"Manufacture of computer, electronic and optical products",SGP,Singapore,PT_EXGR_DVA,2012,3.313,0
EXGR_DVA_PSH,"Domestic value added in gross exports, destination partner shares",KOR,Korea,C26,"Manufacture of computer, electronic and optical products",EU27_2020,European Union (27 countries from 01/02/2020),PT_EXGR_DVA,2012,9.071,0
EXGR_DVA_PSH,"Domestic value added in gross exports, destination partner shares",KOR,Korea,C26,"Manufacture of computer, electronic and optical products",EU28,European Union (28 countries),PT_EXGR_DVA,2012,9.573,0
EXGR_DVA_PSH,"Domestic value added in gross exports, destination partner shares",KOR,Korea,C26,"Manufacture of computer, electronic and optical products",TUR,Türkiye,PT_EXGR_DVA,2012,0.685,0
EXGR_DVA_PSH,"Domestic value added in gross exports, destination partner shares",KOR,Korea,C26,"Manufacture of computer, electronic and optical products",UKR,Ukraine,PT_EXGR_DVA,2012,0.068,0
EXGR_DVA_PSH,"Domestic value added in gross exports, destination partner shares",KOR,Korea,C26,"Manufacture of computer, electronic and optical products",DNK,Denmark,PT_EXGR_DVA,2012,0.014,0
EXGR_DVA_PSH,"Domestic value added in gross exports, destination partner shares",KOR,Korea,C26,"Manufacture of computer, electronic and optical products",CHE,Switzerland,PT_EXGR_DVA,2012,0.227,0
EXGR_DVA_PSH,"Domestic value added in gross exports, destination partner shares",KOR,Korea,C26,"Manufacture of computer, electronic and optical products",CRI,Costa Rica,PT_EXGR_DVA,2012,0.005,0
EXGR_DVA_PSH,"Domestic value added in gross exports, destination partner shares",KOR,Korea,C26,"Manufacture of computer, electronic and optical products",BLR,Belarus,PT_EXGR_DVA,2012,0.005,0
EXGR_DVA_PSH,"Domestic value added in gross exports, destination partner shares",KOR,Korea,C26,"Manufacture of computer, electronic and optical products",ISL,Iceland,PT_EXGR_DVA,2012,0.007,0
EXGR_DVA_PSH,"Domestic value added in gross exports, destination partner shares",KOR,Korea,C26,"Manufacture of computer, electronic and optical products",KHM,Cambodia,PT_EXGR_DVA,2012,0.01,0
EXGR_DVA_PSH,"Domestic value added in gross exports, destination partner shares",KOR,Korea,C26,"Manufacture of computer, electronic and optical products",CIV,Côte d’Ivoire,PT_EXGR_DVA,2012,0.003,0
EXGR_DVA_PSH,"Domestic value added in gross exports, destination partner shares",KOR,Korea,C26,"Manufacture of computer, electronic and optical products",MMR,Myanmar,PT_EXGR_DVA,2012,0.003,0
EXGR_DVA_PSH,"Domestic value added in gross exports, destination partner shares",KOR,Korea,C26,"Manufacture of computer, electronic and optical products",COD,Democratic Republic of the Congo,PT_EXGR_DVA,2012,0.002,0
EXGR_DVA_PSH,"Domestic value added in gross exports, destination partner shares",KOR,Korea,C26,"Manufacture of computer, electronic and optical products",CYP,Cyprus,PT_EXGR_DVA,2012,0.002,0
EXGR_DVA_PSH,"Domestic value added in gross exports, destination partner shares",KOR,Korea,C26,"Manufacture of computer, electronic and optical products",LTU,Lithuania,PT_EXGR_DVA,2012,0.002,0
EXGR_DVA_PSH,"Domestic value added in gross exports, destination partner shares",KOR,Korea,C26,"Manufacture of computer, electronic and optical products",SEN,Senegal,PT_EXGR_DVA,2012,0.001,0
EXGR_DVA_PSH,"Domestic value added in gross exports, destination partner shares",KOR,Korea,C26,"Manufacture of computer, electronic and optical products",LAO,Lao People’s Democratic Republic,PT_EXGR_DVA,2012,0.001,0
EXGR_DVA_PSH,"Domestic value added in gross exports, destination partner shares",KOR,Korea,C26,"Manufacture of computer, electronic and optical products",W,World,PT_EXGR_DVA,2012,100,0
EXGR_DVA_PSH,"Domestic value added in gross exports, destination partner shares",KOR,Korea,C26,"Manufacture of computer, electronic and optical products",KOR,Korea,PT_EXGR_DVA,2012,0,0
EXGR_DVA_PSH,"Domestic value added in gross exports, destination partner shares",KOR,Korea,C26,"Manufacture of computer, electronic and optical products",STP,Sao Tome and Principe,PT_EXGR_DVA,2012,0,0
EXGR_DVA_PSH,"Domestic value added in gross exports, destination partner shares",KOR,Korea,C26,"Manufacture of computer, electronic and optical products",GBR,United Kingdom,PT_EXGR_DVA,2013,0.443,0
EXGR_DVA_PSH,"Domestic value added in gross exports, destination partner shares",KOR,Korea,C26,"Manufacture of computer, electronic and optical products",COL,Colombia,PT_EXGR_DVA,2013,0.059,0
EXGR_DVA_PSH,"Domestic value added in gross exports, destination partner shares",KOR,Korea,C26,"Manufacture of computer, electronic and optical products",WXOECD,Non-OECD economies,PT_EXGR_DVA,2013,73.298,0
EXGR_DVA_PSH,"Domestic value added in gross exports, destination partner shares",KOR,Korea,C26,"Manufacture of computer, electronic and optical products",W_O,Other countries,PT_EXGR_DVA,2013,5.489,0
EXGR_DVA_PSH,"Domestic value added in gross exports, destination partner shares",KOR,Korea,C26,"Manufacture of computer, electronic and optical products",COD,Democratic Republic of the Congo,PT_EXGR_DVA,2013,0.005,0
EXGR_DVA_PSH,"Domestic value added in gross exports, destination partner shares",KOR,Korea,C26,"Manufacture of computer, electronic and optical products",HUN,Hungary,PT_EXGR_DVA,2013,0.261,0
EXGR_DVA_PSH,"Domestic value added in gross exports, destination partner shares",KOR,Korea,C26,"Manufacture of computer, electronic and optical products",E,Europe,PT_EXGR_DVA,2013,8.257,0
EXGR_DVA_PSH,"Domestic value added in gross exports, destination partner shares",KOR,Korea,C26,"Manufacture of computer, electronic and optical products",BRA,Brazil,PT_EXGR_DVA,2013,2.394,0
EXGR_DVA_PSH,"Domestic value added in gross exports, destination partner shares",KOR,Korea,C26,"Manufacture of computer, electronic and optical products",JPN,Japan,PT_EXGR_DVA,2013,3.733,0
EXGR_DVA_PSH,"Domestic value added in gross exports, destination partner shares",KOR,Korea,C26,"Manufacture of computer, electronic and optical products",NAFTA,NAFTA,PT_EXGR_DVA,2013,13.948,0
EXGR_DVA_PSH,"Domestic value added in gross exports, destination partner shares",KOR,Korea,C26,"Manufacture of computer, electronic and optical products",FIN,Finland,PT_EXGR_DVA,2013,0.188,0
EXGR_DVA_PSH,"Domestic value added in gross exports, destination partner shares",KOR,Korea,C26,"Manufacture of computer, electronic and optical products",EGY,Egypt,PT_EXGR_DVA,2013,0.051,0
EXGR_DVA_PSH,"Domestic value added in gross exports, destination partner shares",KOR,Korea,C26,"Manufacture of computer, electronic and optical products",AUS,Australia,PT_EXGR_DVA,2013,0.379,0
EXGR_DVA_PSH,"Domestic value added in gross exports, destination partner shares",KOR,Korea,C26,"Manufacture of computer, electronic and optical products",EU15,European Union (15 countries),PT_EXGR_DVA,2013,4.213,0
EXGR_DVA_PSH,"Domestic value added in gross exports, destination partner shares",KOR,Korea,C26,"Manufacture of computer, electronic and optical products",ARE,United Arab Emirates,PT_EXGR_DVA,2013,0.22,0
EXGR_DVA_PSH,"Domestic value added in gross exports, destination partner shares",KOR,Korea,C26,"Manufacture of computer, electronic and optical products",MEX,Mexico,PT_EXGR_DVA,2013,4.014,0
EXGR_DVA_PSH,"Domestic value added in gross exports, destination partner shares",KOR,Korea,C26,"Manufacture of computer, electronic and optical products",PHL,Philippines,PT_EXGR_DVA,2013,0.485,0
EXGR_DVA_PSH,"Domestic value added in gross exports, destination partner shares",KOR,Korea,C26,"Manufacture of computer, electronic and optical products",S2,Eastern Asia,PT_EXGR_DVA,2013,59.101,0
EXGR_DVA_PSH,"Domestic value added in gross exports, destination partner shares",KOR,Korea,C26,"Manufacture of computer, electronic and optical products",IDN,Indonesia,PT_EXGR_DVA,2013,0.544,0
EXGR_DVA_PSH,"Domestic value added in gross exports, destination partner shares",KOR,Korea,C26,"Manufacture of computer, electronic and optical products",KAZ,Kazakhstan,PT_EXGR_DVA,2013,0.069,0
EXGR_DVA_PSH,"Domestic value added in gross exports, destination partner shares",KOR,Korea,C26,"Manufacture of computer, electronic and optical products",HKG,Hong Kong (China),PT_EXGR_DVA,2013,0.027,0
EXGR_DVA_PSH,"Domestic value added in gross exports, destination partner shares",KOR,Korea,C26,"Manufacture of computer, electronic and optical products",WXD,Rest of the world,PT_EXGR_DVA,2013,2.221,0
EXGR_DVA_PSH,"Domestic value added in gross exports, destination partner shares",KOR,Korea,C26,"Manufacture of computer, electronic and optical products",SVN,Slovenia,PT_EXGR_DVA,2013,0.053,0
EXGR_DVA_PSH,"Domestic value added in gross exports, destination partner shares",KOR,Korea,C26,"Manufacture of computer, electronic and optical products",ROU,Romania,PT_EXGR_DVA,2013,0.036,0
EXGR_DVA_PSH,"Domestic value added in gross exports, destination partner shares",KOR,Korea,C26,"Manufacture of computer, electronic and optical products",ISR,Israel,PT_EXGR_DVA,2013,0.165,0
EXGR_DVA_PSH,"Domestic value added in gross exports, destination partner shares",KOR,Korea,C26,"Manufacture of computer, electronic and optical products",THA,Thailand,PT_EXGR_DVA,2013,0.735,0
EXGR_DVA_PSH,"Domestic value added in gross exports, destination partner shares",KOR,Korea,C26,"Manufacture of computer, electronic and optical products",PRT,Portugal,PT_EXGR_DVA,2013,0.018,0
EXGR_DVA_PSH,"Domestic value added in gross exports, destination partner shares",KOR,Korea,C26,"Manufacture of computer, electronic and optical products",F,Africa,PT_EXGR_DVA,2013,0.259,0
EXGR_DVA_PSH,"Domestic value added in gross exports, destination partner shares",KOR,Korea,C26,"Manufacture of computer, electronic and optical products",ARG,Argentina,PT_EXGR_DVA,2013,0.191,0
EXGR_DVA_PSH,"Domestic value added in gross exports, destination partner shares",KOR,Korea,C26,"Manufacture of computer, electronic and optical products",CAN,Canada,PT_EXGR_DVA,2013,0.882,0
EXGR_DVA_PSH,"Domestic value added in gross exports, destination partner shares",KOR,Korea,C26,"Manufacture of computer, electronic and optical products",EA19,Euro area (19 countries),PT_EXGR_DVA,2013,5.153,0
EXGR_DVA_PSH,"Domestic value added in gross exports, destination partner shares",KOR,Korea,C26,"Manufacture of computer, electronic and optical products",NLD,Netherlands,PT_EXGR_DVA,2013,0.042,0
EXGR_DVA_PSH,"Domestic value added in gross exports, destination partner shares",KOR,Korea,C26,"Manufacture of computer, electronic and optical products",TUN,Tunisia,PT_EXGR_DVA,2013,0.01,0
EXGR_DVA_PSH,"Domestic value added in gross exports, destination partner shares",KOR,Korea,C26,"Manufacture of computer, electronic and optical products",TWN,Chinese Taipei,PT_EXGR_DVA,2013,3.493,0
EXGR_DVA_PSH,"Domestic value added in gross exports, destination partner shares",KOR,Korea,C26,"Manufacture of computer, electronic and optical products",NOR,Norway,PT_EXGR_DVA,2013,0.197,0
EXGR_DVA_PSH,"Domestic value added in gross exports, destination partner shares",KOR,Korea,C26,"Manufacture of computer, electronic and optical products",RUS,Russia,PT_EXGR_DVA,2013,0.672,0
EXGR_DVA_PSH,"Domestic value added in gross exports, destination partner shares",KOR,Korea,C26,"Manufacture of computer, electronic and optical products",AUT,Austria,PT_EXGR_DVA,2013,0.205,0
EXGR_DVA_PSH,"Domestic value added in gross exports, destination partner shares",KOR,Korea,C26,"Manufacture of computer, electronic and optical products",POL,Poland,PT_EXGR_DVA,2013,0.882,0
EXGR_DVA_PSH,"Domestic value added in gross exports, destination partner shares",KOR,Korea,C26,"Manufacture of computer, electronic and optical products",MYS,Malaysia,PT_EXGR_DVA,2013,1.062,0
EXGR_DVA_PSH,"Domestic value added in gross exports, destination partner shares",KOR,Korea,C26,"Manufacture of computer, electronic and optical products",BEL,Belgium,PT_EXGR_DVA,2013,0.015,0
EXGR_DVA_PSH,"Domestic value added in gross exports, destination partner shares",KOR,Korea,C26,"Manufacture of computer, electronic and optical products",LUX,Luxembourg,PT_EXGR_DVA,2013,0.013,0
EXGR_DVA_PSH,"Domestic value added in gross exports, destination partner shares",KOR,Korea,C26,"Manufacture of computer, electronic and optical products",ZAF,South Africa,PT_EXGR_DVA,2013,0.109,0
EXGR_DVA_PSH,"Domestic value added in gross exports, destination partner shares",KOR,Korea,C26,"Manufacture of computer, electronic and optical products",S2_S8,Eastern and South-eastern Asia,PT_EXGR_DVA,2013,69.244,0
EXGR_DVA_PSH,"Domestic value added in gross exports, destination partner shares",KOR,Korea,C26,"Manufacture of computer, electronic and optical products",GRC,Greece,PT_EXGR_DVA,2013,0.009,0
EXGR_DVA_PSH,"Domestic value added in gross exports, destination partner shares",KOR,Korea,C26,"Manufacture of computer, electronic and optical products",A5_A7,South and Central America,PT_EXGR_DVA,2013,2.804,0
EXGR_DVA_PSH,"Domestic value added in gross exports, destination partner shares",KOR,Korea,C26,"Manufacture of computer, electronic and optical products",ESP,Spain,PT_EXGR_DVA,2013,0.199,0
EXGR_DVA_PSH,"Domestic value added in gross exports, destination partner shares",KOR,Korea,C26,"Manufacture of computer, electronic and optical products",EST,Estonia,PT_EXGR_DVA,2013,0.016,0
EXGR_DVA_PSH,"Domestic value added in gross exports, destination partner shares",KOR,Korea,C26,"Manufacture of computer, electronic and optical products",CHN,China (People’s Republic of),PT_EXGR_DVA,2013,51.848,0
EXGR_DVA_PSH,"Domestic value added in gross exports, destination partner shares",KOR,Korea,C26,"Manufacture of computer, electronic and optical products",IND,India,PT_EXGR_DVA,2013,0.945,0
EXGR_DVA_PSH,"Domestic value added in gross exports, destination partner shares",KOR,Korea,C26,"Manufacture of computer, electronic and optical products",OECD,OECD,PT_EXGR_DVA,2013,26.702,0
EXGR_DVA_PSH,"Domestic value added in gross exports, destination partner shares",KOR,Korea,C26,"Manufacture of computer, electronic and optical products",AGO,Angola,PT_EXGR_DVA,2013,0.018,0
EXGR_DVA_PSH,"Domestic value added in gross exports, destination partner shares",KOR,Korea,C26,"Manufacture of computer, electronic and optical products",ITA,Italy,PT_EXGR_DVA,2013,0.187,0
EXGR_DVA_PSH,"Domestic value added in gross exports, destination partner shares",KOR,Korea,C26,"Manufacture of computer, electronic and optical products",FRA,France,PT_EXGR_DVA,2013,0.775,0
EXGR_DVA_PSH,"Domestic value added in gross exports, destination partner shares",KOR,Korea,C26,"Manufacture of computer, electronic and optical products",PER,Peru,PT_EXGR_DVA,2013,0.089,0
EXGR_DVA_PSH,"Domestic value added in gross exports, destination partner shares",KOR,Korea,C26,"Manufacture of computer, electronic and optical products",APEC,APEC,PT_EXGR_DVA,2013,84.423,0
EXGR_DVA_PSH,"Domestic value added in gross exports, destination partner shares",KOR,Korea,C26,"Manufacture of computer, electronic and optical products",USA,United States,PT_EXGR_DVA,2013,9.052,0
EXGR_DVA_PSH,"Domestic value added in gross exports, destination partner shares",KOR,Korea,C26,"Manufacture of computer, electronic and optical products",SVK,Slovak Republic,PT_EXGR_DVA,2013,1.337,0
EXGR_DVA_PSH,"Domestic value added in gross exports, destination partner shares",KOR,Korea,C26,"Manufacture of computer, electronic and optical products",MLT,Malta,PT_EXGR_DVA,2013,0.031,0
EXGR_DVA_PSH,"Domestic value added in gross exports, destination partner shares",KOR,Korea,C26,"Manufacture of computer, electronic and optical products",SAU,Saudi Arabia,PT_EXGR_DVA,2013,0.551,0
EXGR_DVA_PSH,"Domestic value added in gross exports, destination partner shares",KOR,Korea,C26,"Manufacture of computer, electronic and optical products",NGA,Nigeria,PT_EXGR_DVA,2013,0.035,0
EXGR_DVA_PSH,"Domestic value added in gross exports, destination partner shares",KOR,Korea,C26,"Manufacture of computer, electronic and optical products",VNM,Viet Nam,PT_EXGR_DVA,2013,4.49,0
EXGR_DVA_PSH,"Domestic value added in gross exports, destination partner shares",KOR,Korea,C26,"Manufacture of computer, electronic and optical products",EU28XEU15,European Union 28 excluding European Union 15 countries,PT_EXGR_DVA,2013,2.974,0
EXGR_DVA_PSH,"Domestic value added in gross exports, destination partner shares",KOR,Korea,C26,"Manufacture of computer, electronic and optical products",IRL,Ireland,PT_EXGR_DVA,2013,0.137,0
EXGR_DVA_PSH,"Domestic value added in gross exports, destination partner shares",KOR,Korea,C26,"Manufacture of computer, electronic and optical products",ISL,Iceland,PT_EXGR_DVA,2013,0.011,0
EXGR_DVA_PSH,"Domestic value added in gross exports, destination partner shares",KOR,Korea,C26,"Manufacture of computer, electronic and optical products",NZL,New Zealand,PT_EXGR_DVA,2013,0.039,0
EXGR_DVA_PSH,"Domestic value added in gross exports, destination partner shares",KOR,Korea,C26,"Manufacture of computer, electronic and optical products",MAR,Morocco,PT_EXGR_DVA,2013,0.025,0
EXGR_DVA_PSH,"Domestic value added in gross exports, destination partner shares",KOR,Korea,C26,"Manufacture of computer, electronic and optical products",SWE,Sweden,PT_EXGR_DVA,2013,0.05,0
EXGR_DVA_PSH,"Domestic value added in gross exports, destination partner shares",KOR,Korea,C26,"Manufacture of computer, electronic and optical products",DEU,Germany,PT_EXGR_DVA,2013,1.92,0
EXGR_DVA_PSH,"Domestic value added in gross exports, destination partner shares",KOR,Korea,C26,"Manufacture of computer, electronic and optical products",ASEAN,ASEAN,PT_EXGR_DVA,2013,10.143,0
EXGR_DVA_PSH,"Domestic value added in gross exports, destination partner shares",KOR,Korea,C26,"Manufacture of computer, electronic and optical products",CZE,Czechia,PT_EXGR_DVA,2013,0.342,0
EXGR_DVA_PSH,"Domestic value added in gross exports, destination partner shares",KOR,Korea,C26,"Manufacture of computer, electronic and optical products",G20,G20,PT_EXGR_DVA,2013,83.361,0
EXGR_DVA_PSH,"Domestic value added in gross exports, destination partner shares",KOR,Korea,C26,"Manufacture of computer, electronic and optical products",SGP,Singapore,PT_EXGR_DVA,2013,2.804,0
EXGR_DVA_PSH,"Domestic value added in gross exports, destination partner shares",KOR,Korea,C26,"Manufacture of computer, electronic and optical products",EU27_2020,European Union (27 countries from 01/02/2020),PT_EXGR_DVA,2013,6.744,0
EXGR_DVA_PSH,"Domestic value added in gross exports, destination partner shares",KOR,Korea,C26,"Manufacture of computer, electronic and optical products",EU28,European Union (28 countries),PT_EXGR_DVA,2013,7.187,0
EXGR_DVA_PSH,"Domestic value added in gross exports, destination partner shares",KOR,Korea,C26,"Manufacture of computer, electronic and optical products",TUR,Türkiye,PT_EXGR_DVA,2013,0.859,0
EXGR_DVA_PSH,"Domestic value added in gross exports, destination partner shares",KOR,Korea,C26,"Manufacture of computer, electronic and optical products",UKR,Ukraine,PT_EXGR_DVA,2013,0.051,0
EXGR_DVA_PSH,"Domestic value added in gross exports, destination partner shares",KOR,Korea,C26,"Manufacture of computer, electronic and optical products",DNK,Denmark,PT_EXGR_DVA,2013,0.012,0
EXGR_DVA_PSH,"Domestic value added in gross exports, destination partner shares",KOR,Korea,C26,"Manufacture of computer, electronic and optical products",CHE,Switzerland,PT_EXGR_DVA,2013,0.129,0
EXGR_DVA_PSH,"Domestic value added in gross exports, destination partner shares",KOR,Korea,C26,"Manufacture of computer, electronic and optical products",KHM,Cambodia,PT_EXGR_DVA,2013,0.005,0
EXGR_DVA_PSH,"Domestic value added in gross exports, destination partner shares",KOR,Korea,C26,"Manufacture of computer, electronic and optical products",BGR,Bulgaria,PT_EXGR_DVA,2013,0.006,0
EXGR_DVA_PSH,"Domestic value added in gross exports, destination partner shares",KOR,Korea,C26,"Manufacture of computer, electronic and optical products",LVA,Latvia,PT_EXGR_DVA,2013,0.006,0
EXGR_DVA_PSH,"Domestic value added in gross exports, destination partner shares",KOR,Korea,C26,"Manufacture of computer, electronic and optical products",BLR,Belarus,PT_EXGR_DVA,2013,0.008,0
EXGR_DVA_PSH,"Domestic value added in gross exports, destination partner shares",KOR,Korea,C26,"Manufacture of computer, electronic and optical products",PAK,Pakistan,PT_EXGR_DVA,2013,0.012,0
EXGR_DVA_PSH,"Domestic value added in gross exports, destination partner shares",KOR,Korea,C26,"Manufacture of computer, electronic and optical products",JOR,Jordan,PT_EXGR_DVA,2013,0.012,0
EXGR_DVA_PSH,"Domestic value added in gross exports, destination partner shares",KOR,Korea,C26,"Manufacture of computer, electronic and optical products",BRN,Brunei Darussalam,PT_EXGR_DVA,2013,0.014,0
EXGR_DVA_PSH,"Domestic value added in gross exports, destination partner shares",KOR,Korea,C26,"Manufacture of computer, electronic and optical products",HRV,Croatia,PT_EXGR_DVA,2013,0.003,0
EXGR_DVA_PSH,"Domestic value added in gross exports, destination partner shares",KOR,Korea,C26,"Manufacture of computer, electronic and optical products",MMR,Myanmar,PT_EXGR_DVA,2013,0.003,0
EXGR_DVA_PSH,"Domestic value added in gross exports, destination partner shares",KOR,Korea,C26,"Manufacture of computer, electronic and optical products",LTU,Lithuania,PT_EXGR_DVA,2013,0.002,0
EXGR_DVA_PSH,"Domestic value added in gross exports, destination partner shares",KOR,Korea,C26,"Manufacture of computer, electronic and optical products",CMR,Cameroon,PT_EXGR_DVA,2013,0.002,0
EXGR_DVA_PSH,"Domestic value added in gross exports, destination partner shares",KOR,Korea,C26,"Manufacture of computer, electronic and optical products",CIV,Côte d’Ivoire,PT_EXGR_DVA,2013,0.002,0
EXGR_DVA_PSH,"Domestic value added in gross exports, destination partner shares",KOR,Korea,C26,"Manufacture of computer, electronic and optical products",SEN,Senegal,PT_EXGR_DVA,2013,0.001,0
EXGR_DVA_PSH,"Domestic value added in gross exports, destination partner shares",KOR,Korea,C26,"Manufacture of computer, electronic and optical products",CYP,Cyprus,PT_EXGR_DVA,2013,0.001,0
EXGR_DVA_PSH,"Domestic value added in gross exports, destination partner shares",KOR,Korea,C26,"Manufacture of computer, electronic and optical products",LAO,Lao People’s Democratic Republic,PT_EXGR_DVA,2013,0.001,0
EXGR_DVA_PSH,"Domestic value added in gross exports, destination partner shares",KOR,Korea,C26,"Manufacture of computer, electronic and optical products",BGD,Bangladesh,PT_EXGR_DVA,2013,0.016,0
EXGR_DVA_PSH,"Domestic value added in gross exports, destination partner shares",KOR,Korea,C26,"Manufacture of computer, electronic and optical products",CRI,Costa Rica,PT_EXGR_DVA,2013,0.01,0
EXGR_DVA_PSH,"Domestic value added in gross exports, destination partner shares",KOR,Korea,C26,"Manufacture of computer, electronic and optical products",CHL,Chile,PT_EXGR_DVA,2013,0.061,0
EXGR_DVA_PSH,"Domestic value added in gross exports, destination partner shares",KOR,Korea,C26,"Manufacture of computer, electronic and optical products",W,World,PT_EXGR_DVA,2013,100,0
EXGR_DVA_PSH,"Domestic value added in gross exports, destination partner shares",KOR,Korea,C26,"Manufacture of computer, electronic and optical products",KOR,Korea,PT_EXGR_DVA,2013,0,0
EXGR_DVA_PSH,"Domestic value added in gross exports, destination partner shares",KOR,Korea,C26,"Manufacture of computer, electronic and optical products",STP,Sao Tome and Principe,PT_EXGR_DVA,2013,0,0
EXGR_DVA_PSH,"Domestic value added in gross exports, destination partner shares",KOR,Korea,C26,"Manufacture of computer, electronic and optical products",GBR,United Kingdom,PT_EXGR_DVA,2009,1.193,0
EXGR_DVA_PSH,"Domestic value added in gross exports, destination partner shares",KOR,Korea,C26,"Manufacture of computer, electronic and optical products",COL,Colombia,PT_EXGR_DVA,2009,0.069,0
EXGR_DVA_PSH,"Domestic value added in gross exports, destination partner shares",KOR,Korea,C26,"Manufacture of computer, electronic and optical products",WXOECD,Non-OECD economies,PT_EXGR_DVA,2009,60.757,0
EXGR_DVA_PSH,"Domestic value added in gross exports, destination partner shares",KOR,Korea,C26,"Manufacture of computer, electronic and optical products",W_O,Other countries,PT_EXGR_DVA,2009,6.119,0
EXGR_DVA_PSH,"Domestic value added in gross exports, destination partner shares",KOR,Korea,C26,"Manufacture of computer, electronic and optical products",HUN,Hungary,PT_EXGR_DVA,2009,1.32,0
EXGR_DVA_PSH,"Domestic value added in gross exports, destination partner shares",KOR,Korea,C26,"Manufacture of computer, electronic and optical products",E,Europe,PT_EXGR_DVA,2009,16.029,0
EXGR_DVA_PSH,"Domestic value added in gross exports, destination partner shares",KOR,Korea,C26,"Manufacture of computer, electronic and optical products",BRA,Brazil,PT_EXGR_DVA,2009,1.891,0
EXGR_DVA_PSH,"Domestic value added in gross exports, destination partner shares",KOR,Korea,C26,"Manufacture of computer, electronic and optical products",JPN,Japan,PT_EXGR_DVA,2009,4.838,0
EXGR_DVA_PSH,"Domestic value added in gross exports, destination partner shares",KOR,Korea,C26,"Manufacture of computer, electronic and optical products",NAFTA,NAFTA,PT_EXGR_DVA,2009,18,0
EXGR_DVA_PSH,"Domestic value added in gross exports, destination partner shares",KOR,Korea,C26,"Manufacture of computer, electronic and optical products",FIN,Finland,PT_EXGR_DVA,2009,0.435,0
EXGR_DVA_PSH,"Domestic value added in gross exports, destination partner shares",KOR,Korea,C26,"Manufacture of computer, electronic and optical products",KHM,Cambodia,PT_EXGR_DVA,2009,0.006,0
EXGR_DVA_PSH,"Domestic value added in gross exports, destination partner shares",KOR,Korea,C26,"Manufacture of computer, electronic and optical products",EGY,Egypt,PT_EXGR_DVA,2009,0.051,0
EXGR_DVA_PSH,"Domestic value added in gross exports, destination partner shares",KOR,Korea,C26,"Manufacture of computer, electronic and optical products",AUS,Australia,PT_EXGR_DVA,2009,0.915,0
EXGR_DVA_PSH,"Domestic value added in gross exports, destination partner shares",KOR,Korea,C26,"Manufacture of computer, electronic and optical products",EU15,European Union (15 countries),PT_EXGR_DVA,2009,8.968,0
EXGR_DVA_PSH,"Domestic value added in gross exports, destination partner shares",KOR,Korea,C26,"Manufacture of computer, electronic and optical products",ARE,United Arab Emirates,PT_EXGR_DVA,2009,0.553,0
EXGR_DVA_PSH,"Domestic value added in gross exports, destination partner shares",KOR,Korea,C26,"Manufacture of computer, electronic and optical products",PAK,Pakistan,PT_EXGR_DVA,2009,0.017,0
EXGR_DVA_PSH,"Domestic value added in gross exports, destination partner shares",KOR,Korea,C26,"Manufacture of computer, electronic and optical products",MEX,Mexico,PT_EXGR_DVA,2009,5.906,0
EXGR_DVA_PSH,"Domestic value added in gross exports, destination partner shares",KOR,Korea,C26,"Manufacture of computer, electronic and optical products",SEN,Senegal,PT_EXGR_DVA,2009,0.008,0
EXGR_DVA_PSH,"Domestic value added in gross exports, destination partner shares",KOR,Korea,C26,"Manufacture of computer, electronic and optical products",PHL,Philippines,PT_EXGR_DVA,2009,0.956,0
EXGR_DVA_PSH,"Domestic value added in gross exports, destination partner shares",KOR,Korea,C26,"Manufacture of computer, electronic and optical products",S2,Eastern Asia,PT_EXGR_DVA,2009,49.751,0
EXGR_DVA_PSH,"Domestic value added in gross exports, destination partner shares",KOR,Korea,C26,"Manufacture of computer, electronic and optical products",IDN,Indonesia,PT_EXGR_DVA,2009,0.549,0
EXGR_DVA_PSH,"Domestic value added in gross exports, destination partner shares",KOR,Korea,C26,"Manufacture of computer, electronic and optical products",KAZ,Kazakhstan,PT_EXGR_DVA,2009,0.041,0
EXGR_DVA_PSH,"Domestic value added in gross exports, destination partner shares",KOR,Korea,C26,"Manufacture of computer, electronic and optical products",HKG,Hong Kong (China),PT_EXGR_DVA,2009,0.031,0
EXGR_DVA_PSH,"Domestic value added in gross exports, destination partner shares",KOR,Korea,C26,"Manufacture of computer, electronic and optical products",WXD,Rest of the world,PT_EXGR_DVA,2009,2.267,0
EXGR_DVA_PSH,"Domestic value added in gross exports, destination partner shares",KOR,Korea,C26,"Manufacture of computer, electronic and optical products",SVN,Slovenia,PT_EXGR_DVA,2009,0.036,0
EXGR_DVA_PSH,"Domestic value added in gross exports, destination partner shares",KOR,Korea,C26,"Manufacture of computer, electronic and optical products",ROU,Romania,PT_EXGR_DVA,2009,0.039,0
EXGR_DVA_PSH,"Domestic value added in gross exports, destination partner shares",KOR,Korea,C26,"Manufacture of computer, electronic and optical products",ISR,Israel,PT_EXGR_DVA,2009,0.179,0
EXGR_DVA_PSH,"Domestic value added in gross exports, destination partner shares",KOR,Korea,C26,"Manufacture of computer, electronic and optical products",THA,Thailand,PT_EXGR_DVA,2009,0.942,0
EXGR_DVA_PSH,"Domestic value added in gross exports, destination partner shares",KOR,Korea,C26,"Manufacture of computer, electronic and optical products",PRT,Portugal,PT_EXGR_DVA,2009,0.075,0
EXGR_DVA_PSH,"Domestic value added in gross exports, destination partner shares",KOR,Korea,C26,"Manufacture of computer, electronic and optical products",F,Africa,PT_EXGR_DVA,2009,0.488,0
EXGR_DVA_PSH,"Domestic value added in gross exports, destination partner shares",KOR,Korea,C26,"Manufacture of computer, electronic and optical products",ARG,Argentina,PT_EXGR_DVA,2009,0.109,0
EXGR_DVA_PSH,"Domestic value added in gross exports, destination partner shares",KOR,Korea,C26,"Manufacture of computer, electronic and optical products",CAN,Canada,PT_EXGR_DVA,2009,1.096,0
EXGR_DVA_PSH,"Domestic value added in gross exports, destination partner shares",KOR,Korea,C26,"Manufacture of computer, electronic and optical products",BGD,Bangladesh,PT_EXGR_DVA,2009,0.044,0
EXGR_DVA_PSH,"Domestic value added in gross exports, destination partner shares",KOR,Korea,C26,"Manufacture of computer, electronic and optical products",EA19,Euro area (19 countries),PT_EXGR_DVA,2009,9.253,0
EXGR_DVA_PSH,"Domestic value added in gross exports, destination partner shares",KOR,Korea,C26,"Manufacture of computer, electronic and optical products",NLD,Netherlands,PT_EXGR_DVA,2009,0.061,0
EXGR_DVA_PSH,"Domestic value added in gross exports, destination partner shares",KOR,Korea,C26,"Manufacture of computer, electronic and optical products",TUN,Tunisia,PT_EXGR_DVA,2009,0.027,0
EXGR_DVA_PSH,"Domestic value added in gross exports, destination partner shares",KOR,Korea,C26,"Manufacture of computer, electronic and optical products",TWN,Chinese Taipei,PT_EXGR_DVA,2009,6.423,0
EXGR_DVA_PSH,"Domestic value added in gross exports, destination partner shares",KOR,Korea,C26,"Manufacture of computer, electronic and optical products",NOR,Norway,PT_EXGR_DVA,2009,0.15,0
EXGR_DVA_PSH,"Domestic value added in gross exports, destination partner shares",KOR,Korea,C26,"Manufacture of computer, electronic and optical products",RUS,Russia,PT_EXGR_DVA,2009,1.208,0
EXGR_DVA_PSH,"Domestic value added in gross exports, destination partner shares",KOR,Korea,C26,"Manufacture of computer, electronic and optical products",BGR,Bulgaria,PT_EXGR_DVA,2009,0.057,0
EXGR_DVA_PSH,"Domestic value added in gross exports, destination partner shares",KOR,Korea,C26,"Manufacture of computer, electronic and optical products",AUT,Austria,PT_EXGR_DVA,2009,0.324,0
EXGR_DVA_PSH,"Domestic value added in gross exports, destination partner shares",KOR,Korea,C26,"Manufacture of computer, electronic and optical products",LVA,Latvia,PT_EXGR_DVA,2009,0.009,0
EXGR_DVA_PSH,"Domestic value added in gross exports, destination partner shares",KOR,Korea,C26,"Manufacture of computer, electronic and optical products",POL,Poland,PT_EXGR_DVA,2009,2.127,0
EXGR_DVA_PSH,"Domestic value added in gross exports, destination partner shares",KOR,Korea,C26,"Manufacture of computer, electronic and optical products",MYS,Malaysia,PT_EXGR_DVA,2009,2.066,0
EXGR_DVA_PSH,"Domestic value added in gross exports, destination partner shares",KOR,Korea,C26,"Manufacture of computer, electronic and optical products",BEL,Belgium,PT_EXGR_DVA,2009,0.053,0
EXGR_DVA_PSH,"Domestic value added in gross exports, destination partner shares",KOR,Korea,C26,"Manufacture of computer, electronic and optical products",ZAF,South Africa,PT_EXGR_DVA,2009,0.27,0
EXGR_DVA_PSH,"Domestic value added in gross exports, destination partner shares",KOR,Korea,C26,"Manufacture of computer, electronic and optical products",S2_S8,Eastern and South-eastern Asia,PT_EXGR_DVA,2009,57.006,0
EXGR_DVA_PSH,"Domestic value added in gross exports, destination partner shares",KOR,Korea,C26,"Manufacture of computer, electronic and optical products",HRV,Croatia,PT_EXGR_DVA,2009,0.042,0
EXGR_DVA_PSH,"Domestic value added in gross exports, destination partner shares",KOR,Korea,C26,"Manufacture of computer, electronic and optical products",GRC,Greece,PT_EXGR_DVA,2009,0.108,0
EXGR_DVA_PSH,"Domestic value added in gross exports, destination partner shares",KOR,Korea,C26,"Manufacture of computer, electronic and optical products",A5_A7,South and Central America,PT_EXGR_DVA,2009,2.357,0
EXGR_DVA_PSH,"Domestic value added in gross exports, destination partner shares",KOR,Korea,C26,"Manufacture of computer, electronic and optical products",CHL,Chile,PT_EXGR_DVA,2009,0.216,0
EXGR_DVA_PSH,"Domestic value added in gross exports, destination partner shares",KOR,Korea,C26,"Manufacture of computer, electronic and optical products",ESP,Spain,PT_EXGR_DVA,2009,0.745,0
EXGR_DVA_PSH,"Domestic value added in gross exports, destination partner shares",KOR,Korea,C26,"Manufacture of computer, electronic and optical products",EST,Estonia,PT_EXGR_DVA,2009,0.009,0
EXGR_DVA_PSH,"Domestic value added in gross exports, destination partner shares",KOR,Korea,C26,"Manufacture of computer, electronic and optical products",CHN,China (People’s Republic of),PT_EXGR_DVA,2009,38.46,0
EXGR_DVA_PSH,"Domestic value added in gross exports, destination partner shares",KOR,Korea,C26,"Manufacture of computer, electronic and optical products",IND,India,PT_EXGR_DVA,2009,1.187,0
EXGR_DVA_PSH,"Domestic value added in gross exports, destination partner shares",KOR,Korea,C26,"Manufacture of computer, electronic and optical products",OECD,OECD,PT_EXGR_DVA,2009,39.243,0
EXGR_DVA_PSH,"Domestic value added in gross exports, destination partner shares",KOR,Korea,C26,"Manufacture of computer, electronic and optical products",AGO,Angola,PT_EXGR_DVA,2009,0.015,0
EXGR_DVA_PSH,"Domestic value added in gross exports, destination partner shares",KOR,Korea,C26,"Manufacture of computer, electronic and optical products",ITA,Italy,PT_EXGR_DVA,2009,0.545,0
EXGR_DVA_PSH,"Domestic value added in gross exports, destination partner shares",KOR,Korea,C26,"Manufacture of computer, electronic and optical products",MMR,Myanmar,PT_EXGR_DVA,2009,0.004,0
EXGR_DVA_PSH,"Domestic value added in gross exports, destination partner shares",KOR,Korea,C26,"Manufacture of computer, electronic and optical products",FRA,France,PT_EXGR_DVA,2009,1.682,0
EXGR_DVA_PSH,"Domestic value added in gross exports, destination partner shares",KOR,Korea,C26,"Manufacture of computer, electronic and optical products",JOR,Jordan,PT_EXGR_DVA,2009,0.023,0
EXGR_DVA_PSH,"Domestic value added in gross exports, destination partner shares",KOR,Korea,C26,"Manufacture of computer, electronic and optical products",PER,Peru,PT_EXGR_DVA,2009,0.058,0
EXGR_DVA_PSH,"Domestic value added in gross exports, destination partner shares",KOR,Korea,C26,"Manufacture of computer, electronic and optical products",APEC,APEC,PT_EXGR_DVA,2009,77.47,0
EXGR_DVA_PSH,"Domestic value added in gross exports, destination partner shares",KOR,Korea,C26,"Manufacture of computer, electronic and optical products",USA,United States,PT_EXGR_DVA,2009,10.999,0
EXGR_DVA_PSH,"Domestic value added in gross exports, destination partner shares",KOR,Korea,C26,"Manufacture of computer, electronic and optical products",SVK,Slovak Republic,PT_EXGR_DVA,2009,1.518,0
EXGR_DVA_PSH,"Domestic value added in gross exports, destination partner shares",KOR,Korea,C26,"Manufacture of computer, electronic and optical products",CMR,Cameroon,PT_EXGR_DVA,2009,0.001,0
EXGR_DVA_PSH,"Domestic value added in gross exports, destination partner shares",KOR,Korea,C26,"Manufacture of computer, electronic and optical products",MLT,Malta,PT_EXGR_DVA,2009,0.029,0
EXGR_DVA_PSH,"Domestic value added in gross exports, destination partner shares",KOR,Korea,C26,"Manufacture of computer, electronic and optical products",SAU,Saudi Arabia,PT_EXGR_DVA,2009,0.51,0
EXGR_DVA_PSH,"Domestic value added in gross exports, destination partner shares",KOR,Korea,C26,"Manufacture of computer, electronic and optical products",NGA,Nigeria,PT_EXGR_DVA,2009,0.034,0
EXGR_DVA_PSH,"Domestic value added in gross exports, destination partner shares",KOR,Korea,C26,"Manufacture of computer, electronic and optical products",BLR,Belarus,PT_EXGR_DVA,2009,0.011,0
EXGR_DVA_PSH,"Domestic value added in gross exports, destination partner shares",KOR,Korea,C26,"Manufacture of computer, electronic and optical products",VNM,Viet Nam,PT_EXGR_DVA,2009,0.526,0
EXGR_DVA_PSH,"Domestic value added in gross exports, destination partner shares",KOR,Korea,C26,"Manufacture of computer, electronic and optical products",EU28XEU15,European Union 28 excluding European Union 15 countries,PT_EXGR_DVA,2009,5.602,0
EXGR_DVA_PSH,"Domestic value added in gross exports, destination partner shares",KOR,Korea,C26,"Manufacture of computer, electronic and optical products",IRL,Ireland,PT_EXGR_DVA,2009,0.173,0
EXGR_DVA_PSH,"Domestic value added in gross exports, destination partner shares",KOR,Korea,C26,"Manufacture of computer, electronic and optical products",NZL,New Zealand,PT_EXGR_DVA,2009,0.078,0
EXGR_DVA_PSH,"Domestic value added in gross exports, destination partner shares",KOR,Korea,C26,"Manufacture of computer, electronic and optical products",CIV,Côte d’Ivoire,PT_EXGR_DVA,2009,0.002,0
EXGR_DVA_PSH,"Domestic value added in gross exports, destination partner shares",KOR,Korea,C26,"Manufacture of computer, electronic and optical products",MAR,Morocco,PT_EXGR_DVA,2009,0.078,0
EXGR_DVA_PSH,"Domestic value added in gross exports, destination partner shares",KOR,Korea,C26,"Manufacture of computer, electronic and optical products",SWE,Sweden,PT_EXGR_DVA,2009,0.118,0
EXGR_DVA_PSH,"Domestic value added in gross exports, destination partner shares",KOR,Korea,C26,"Manufacture of computer, electronic and optical products",DEU,Germany,PT_EXGR_DVA,2009,3.436,0
EXGR_DVA_PSH,"Domestic value added in gross exports, destination partner shares",KOR,Korea,C26,"Manufacture of computer, electronic and optical products",ASEAN,ASEAN,PT_EXGR_DVA,2009,7.255,0
EXGR_DVA_PSH,"Domestic value added in gross exports, destination partner shares",KOR,Korea,C26,"Manufacture of computer, electronic and optical products",CZE,Czechia,PT_EXGR_DVA,2009,0.405,0
EXGR_DVA_PSH,"Domestic value added in gross exports, destination partner shares",KOR,Korea,C26,"Manufacture of computer, electronic and optical products",G20,G20,PT_EXGR_DVA,2009,82.813,0
EXGR_DVA_PSH,"Domestic value added in gross exports, destination partner shares",KOR,Korea,C26,"Manufacture of computer, electronic and optical products",SGP,Singapore,PT_EXGR_DVA,2009,2.204,0
EXGR_DVA_PSH,"Domestic value added in gross exports, destination partner shares",KOR,Korea,C26,"Manufacture of computer, electronic and optical products",EU27_2020,European Union (27 countries from 01/02/2020),PT_EXGR_DVA,2009,13.377,0
EXGR_DVA_PSH,"Domestic value added in gross exports, destination partner shares",KOR,Korea,C26,"Manufacture of computer, electronic and optical products",EU28,European Union (28 countries),PT_EXGR_DVA,2009,14.57,0
EXGR_DVA_PSH,"Domestic value added in gross exports, destination partner shares",KOR,Korea,C26,"Manufacture of computer, electronic and optical products",TUR,Türkiye,PT_EXGR_DVA,2009,0.307,0
EXGR_DVA_PSH,"Domestic value added in gross exports, destination partner shares",KOR,Korea,C26,"Manufacture of computer, electronic and optical products",UKR,Ukraine,PT_EXGR_DVA,2009,0.012,0
EXGR_DVA_PSH,"Domestic value added in gross exports, destination partner shares",KOR,Korea,C26,"Manufacture of computer, electronic and optical products",DNK,Denmark,PT_EXGR_DVA,2009,0.015,0
EXGR_DVA_PSH,"Domestic value added in gross exports, destination partner shares",KOR,Korea,C26,"Manufacture of computer, electronic and optical products",CHE,Switzerland,PT_EXGR_DVA,2009,0.074,0
EXGR_DVA_PSH,"Domestic value added in gross exports, destination partner shares",KOR,Korea,C26,"Manufacture of computer, electronic and optical products",LTU,Lithuania,PT_EXGR_DVA,2009,0.006,0
EXGR_DVA_PSH,"Domestic value added in gross exports, destination partner shares",KOR,Korea,C26,"Manufacture of computer, electronic and optical products",LUX,Luxembourg,PT_EXGR_DVA,2009,0.007,0
EXGR_DVA_PSH,"Domestic value added in gross exports, destination partner shares",KOR,Korea,C26,"Manufacture of computer, electronic and optical products",CRI,Costa Rica,PT_EXGR_DVA,2009,0.014,0
EXGR_DVA_PSH,"Domestic value added in gross exports, destination partner shares",KOR,Korea,C26,"Manufacture of computer, electronic and optical products",ISL,Iceland,PT_EXGR_DVA,2009,0.004,0
EXGR_DVA_PSH,"Domestic value added in gross exports, destination partner shares",KOR,Korea,C26,"Manufacture of computer, electronic and optical products",CYP,Cyprus,PT_EXGR_DVA,2009,0.003,0
EXGR_DVA_PSH,"Domestic value added in gross exports, destination partner shares",KOR,Korea,C26,"Manufacture of computer, electronic and optical products",BRN,Brunei Darussalam,PT_EXGR_DVA,2009,0.002,0
EXGR_DVA_PSH,"Domestic value added in gross exports, destination partner shares",KOR,Korea,C26,"Manufacture of computer, electronic and optical products",COD,Democratic Republic of the Congo,PT_EXGR_DVA,2009,0.002,0
EXGR_DVA_PSH,"Domestic value added in gross exports, destination partner shares",KOR,Korea,C26,"Manufacture of computer, electronic and optical products",W,World,PT_EXGR_DVA,2009,100,0
EXGR_DVA_PSH,"Domestic value added in gross exports, destination partner shares",KOR,Korea,C26,"Manufacture of computer, electronic and optical products",KOR,Korea,PT_EXGR_DVA,2009,0,0
EXGR_DVA_PSH,"Domestic value added in gross exports, destination partner shares",KOR,Korea,C26,"Manufacture of computer, electronic and optical products",LAO,Lao People’s Democratic Republic,PT_EXGR_DVA,2009,0,0
EXGR_DVA_PSH,"Domestic value added in gross exports, destination partner shares",KOR,Korea,C26,"Manufacture of computer, electronic and optical products",STP,Sao Tome and Principe,PT_EXGR_DVA,2009,0,0
EXGR_DVA_PSH,"Domestic value added in gross exports, destination partner shares",KOR,Korea,C26,"Manufacture of computer, electronic and optical products",GBR,United Kingdom,PT_EXGR_DVA,2008,1.595,0
EXGR_DVA_PSH,"Domestic value added in gross exports, destination partner shares",KOR,Korea,C26,"Manufacture of computer, electronic and optical products",COL,Colombia,PT_EXGR_DVA,2008,0.11,0
EXGR_DVA_PSH,"Domestic value added in gross exports, destination partner shares",KOR,Korea,C26,"Manufacture of computer, electronic and optical products",WXOECD,Non-OECD economies,PT_EXGR_DVA,2008,59.082,0
EXGR_DVA_PSH,"Domestic value added in gross exports, destination partner shares",KOR,Korea,C26,"Manufacture of computer, electronic and optical products",W_O,Other countries,PT_EXGR_DVA,2008,4.718,0
EXGR_DVA_PSH,"Domestic value added in gross exports, destination partner shares",KOR,Korea,C26,"Manufacture of computer, electronic and optical products",COD,Democratic Republic of the Congo,PT_EXGR_DVA,2008,0.002,0
EXGR_DVA_PSH,"Domestic value added in gross exports, destination partner shares",KOR,Korea,C26,"Manufacture of computer, electronic and optical products",HUN,Hungary,PT_EXGR_DVA,2008,0.962,0
EXGR_DVA_PSH,"Domestic value added in gross exports, destination partner shares",KOR,Korea,C26,"Manufacture of computer, electronic and optical products",E,Europe,PT_EXGR_DVA,2008,17.998,0
EXGR_DVA_PSH,"Domestic value added in gross exports, destination partner shares",KOR,Korea,C26,"Manufacture of computer, electronic and optical products",BRA,Brazil,PT_EXGR_DVA,2008,2.676,0
EXGR_DVA_PSH,"Domestic value added in gross exports, destination partner shares",KOR,Korea,C26,"Manufacture of computer, electronic and optical products",JPN,Japan,PT_EXGR_DVA,2008,5.739,0
EXGR_DVA_PSH,"Domestic value added in gross exports, destination partner shares",KOR,Korea,C26,"Manufacture of computer, electronic and optical products",NAFTA,NAFTA,PT_EXGR_DVA,2008,17.131,0
EXGR_DVA_PSH,"Domestic value added in gross exports, destination partner shares",KOR,Korea,C26,"Manufacture of computer, electronic and optical products",FIN,Finland,PT_EXGR_DVA,2008,1.375,0
EXGR_DVA_PSH,"Domestic value added in gross exports, destination partner shares",KOR,Korea,C26,"Manufacture of computer, electronic and optical products",LTU,Lithuania,PT_EXGR_DVA,2008,0.013,0
EXGR_DVA_PSH,"Domestic value added in gross exports, destination partner shares",KOR,Korea,C26,"Manufacture of computer, electronic and optical products",KHM,Cambodia,PT_EXGR_DVA,2008,0.029,0
EXGR_DVA_PSH,"Domestic value added in gross exports, destination partner shares",KOR,Korea,C26,"Manufacture of computer, electronic and optical products",AUS,Australia,PT_EXGR_DVA,2008,0.842,0
EXGR_DVA_PSH,"Domestic value added in gross exports, destination partner shares",KOR,Korea,C26,"Manufacture of computer, electronic and optical products",EU15,European Union (15 countries),PT_EXGR_DVA,2008,11.006,0
EXGR_DVA_PSH,"Domestic value added in gross exports, destination partner shares",KOR,Korea,C26,"Manufacture of computer, electronic and optical products",ARE,United Arab Emirates,PT_EXGR_DVA,2008,0.086,0
EXGR_DVA_PSH,"Domestic value added in gross exports, destination partner shares",KOR,Korea,C26,"Manufacture of computer, electronic and optical products",PAK,Pakistan,PT_EXGR_DVA,2008,0.02,0
EXGR_DVA_PSH,"Domestic value added in gross exports, destination partner shares",KOR,Korea,C26,"Manufacture of computer, electronic and optical products",MEX,Mexico,PT_EXGR_DVA,2008,6.279,0
EXGR_DVA_PSH,"Domestic value added in gross exports, destination partner shares",KOR,Korea,C26,"Manufacture of computer, electronic and optical products",PHL,Philippines,PT_EXGR_DVA,2008,0.449,0
EXGR_DVA_PSH,"Domestic value added in gross exports, destination partner shares",KOR,Korea,C26,"Manufacture of computer, electronic and optical products",S2,Eastern Asia,PT_EXGR_DVA,2008,50.561,0
EXGR_DVA_PSH,"Domestic value added in gross exports, destination partner shares",KOR,Korea,C26,"Manufacture of computer, electronic and optical products",IDN,Indonesia,PT_EXGR_DVA,2008,0.606,0
EXGR_DVA_PSH,"Domestic value added in gross exports, destination partner shares",KOR,Korea,C26,"Manufacture of computer, electronic and optical products",KAZ,Kazakhstan,PT_EXGR_DVA,2008,0.034,0
EXGR_DVA_PSH,"Domestic value added in gross exports, destination partner shares",KOR,Korea,C26,"Manufacture of computer, electronic and optical products",HKG,Hong Kong (China),PT_EXGR_DVA,2008,0.031,0
EXGR_DVA_PSH,"Domestic value added in gross exports, destination partner shares",KOR,Korea,C26,"Manufacture of computer, electronic and optical products",WXD,Rest of the world,PT_EXGR_DVA,2008,1.863,0
EXGR_DVA_PSH,"Domestic value added in gross exports, destination partner shares",KOR,Korea,C26,"Manufacture of computer, electronic and optical products",SVN,Slovenia,PT_EXGR_DVA,2008,0.037,0
EXGR_DVA_PSH,"Domestic value added in gross exports, destination partner shares",KOR,Korea,C26,"Manufacture of computer, electronic and optical products",ROU,Romania,PT_EXGR_DVA,2008,0.088,0
EXGR_DVA_PSH,"Domestic value added in gross exports, destination partner shares",KOR,Korea,C26,"Manufacture of computer, electronic and optical products",ISR,Israel,PT_EXGR_DVA,2008,0.206,0
EXGR_DVA_PSH,"Domestic value added in gross exports, destination partner shares",KOR,Korea,C26,"Manufacture of computer, electronic and optical products",THA,Thailand,PT_EXGR_DVA,2008,0.917,0
EXGR_DVA_PSH,"Domestic value added in gross exports, destination partner shares",KOR,Korea,C26,"Manufacture of computer, electronic and optical products",PRT,Portugal,PT_EXGR_DVA,2008,0.081,0
EXGR_DVA_PSH,"Domestic value added in gross exports, destination partner shares",KOR,Korea,C26,"Manufacture of computer, electronic and optical products",CYP,Cyprus,PT_EXGR_DVA,2008,0.005,0
EXGR_DVA_PSH,"Domestic value added in gross exports, destination partner shares",KOR,Korea,C26,"Manufacture of computer, electronic and optical products",F,Africa,PT_EXGR_DVA,2008,0.447,0
EXGR_DVA_PSH,"Domestic value added in gross exports, destination partner shares",KOR,Korea,C26,"Manufacture of computer, electronic and optical products",ARG,Argentina,PT_EXGR_DVA,2008,0.128,0
EXGR_DVA_PSH,"Domestic value added in gross exports, destination partner shares",KOR,Korea,C26,"Manufacture of computer, electronic and optical products",CAN,Canada,PT_EXGR_DVA,2008,1.159,0
EXGR_DVA_PSH,"Domestic value added in gross exports, destination partner shares",KOR,Korea,C26,"Manufacture of computer, electronic and optical products",EA19,Euro area (19 countries),PT_EXGR_DVA,2008,10.676,0
EXGR_DVA_PSH,"Domestic value added in gross exports, destination partner shares",KOR,Korea,C26,"Manufacture of computer, electronic and optical products",NLD,Netherlands,PT_EXGR_DVA,2008,0.058,0
EXGR_DVA_PSH,"Domestic value added in gross exports, destination partner shares",KOR,Korea,C26,"Manufacture of computer, electronic and optical products",TWN,Chinese Taipei,PT_EXGR_DVA,2008,7.893,0
EXGR_DVA_PSH,"Domestic value added in gross exports, destination partner shares",KOR,Korea,C26,"Manufacture of computer, electronic and optical products",NOR,Norway,PT_EXGR_DVA,2008,0.13,0
EXGR_DVA_PSH,"Domestic value added in gross exports, destination partner shares",KOR,Korea,C26,"Manufacture of computer, electronic and optical products",RUS,Russia,PT_EXGR_DVA,2008,1.572,0
EXGR_DVA_PSH,"Domestic value added in gross exports, destination partner shares",KOR,Korea,C26,"Manufacture of computer, electronic and optical products",BGR,Bulgaria,PT_EXGR_DVA,2008,0.05,0
EXGR_DVA_PSH,"Domestic value added in gross exports, destination partner shares",KOR,Korea,C26,"Manufacture of computer, electronic and optical products",AUT,Austria,PT_EXGR_DVA,2008,0.292,0
EXGR_DVA_PSH,"Domestic value added in gross exports, destination partner shares",KOR,Korea,C26,"Manufacture of computer, electronic and optical products",POL,Poland,PT_EXGR_DVA,2008,2.146,0
EXGR_DVA_PSH,"Domestic value added in gross exports, destination partner shares",KOR,Korea,C26,"Manufacture of computer, electronic and optical products",MYS,Malaysia,PT_EXGR_DVA,2008,1.825,0
EXGR_DVA_PSH,"Domestic value added in gross exports, destination partner shares",KOR,Korea,C26,"Manufacture of computer, electronic and optical products",BEL,Belgium,PT_EXGR_DVA,2008,0.06,0
EXGR_DVA_PSH,"Domestic value added in gross exports, destination partner shares",KOR,Korea,C26,"Manufacture of computer, electronic and optical products",CRI,Costa Rica,PT_EXGR_DVA,2008,0.016,0
EXGR_DVA_PSH,"Domestic value added in gross exports, destination partner shares",KOR,Korea,C26,"Manufacture of computer, electronic and optical products",LUX,Luxembourg,PT_EXGR_DVA,2008,0.009,0
EXGR_DVA_PSH,"Domestic value added in gross exports, destination partner shares",KOR,Korea,C26,"Manufacture of computer, electronic and optical products",ZAF,South Africa,PT_EXGR_DVA,2008,0.243,0
EXGR_DVA_PSH,"Domestic value added in gross exports, destination partner shares",KOR,Korea,C26,"Manufacture of computer, electronic and optical products",S2_S8,Eastern and South-eastern Asia,PT_EXGR_DVA,2008,56.511,0
EXGR_DVA_PSH,"Domestic value added in gross exports, destination partner shares",KOR,Korea,C26,"Manufacture of computer, electronic and optical products",HRV,Croatia,PT_EXGR_DVA,2008,0.055,0
EXGR_DVA_PSH,"Domestic value added in gross exports, destination partner shares",KOR,Korea,C26,"Manufacture of computer, electronic and optical products",GRC,Greece,PT_EXGR_DVA,2008,0.101,0
EXGR_DVA_PSH,"Domestic value added in gross exports, destination partner shares",KOR,Korea,C26,"Manufacture of computer, electronic and optical products",A5_A7,South and Central America,PT_EXGR_DVA,2008,3.195,0
EXGR_DVA_PSH,"Domestic value added in gross exports, destination partner shares",KOR,Korea,C26,"Manufacture of computer, electronic and optical products",CHL,Chile,PT_EXGR_DVA,2008,0.212,0
EXGR_DVA_PSH,"Domestic value added in gross exports, destination partner shares",KOR,Korea,C26,"Manufacture of computer, electronic and optical products",ESP,Spain,PT_EXGR_DVA,2008,1.251,0
EXGR_DVA_PSH,"Domestic value added in gross exports, destination partner shares",KOR,Korea,C26,"Manufacture of computer, electronic and optical products",EST,Estonia,PT_EXGR_DVA,2008,0.015,0
EXGR_DVA_PSH,"Domestic value added in gross exports, destination partner shares",KOR,Korea,C26,"Manufacture of computer, electronic and optical products",CHN,China (People’s Republic of),PT_EXGR_DVA,2008,36.899,0
EXGR_DVA_PSH,"Domestic value added in gross exports, destination partner shares",KOR,Korea,C26,"Manufacture of computer, electronic and optical products",IND,India,PT_EXGR_DVA,2008,0.827,0
EXGR_DVA_PSH,"Domestic value added in gross exports, destination partner shares",KOR,Korea,C26,"Manufacture of computer, electronic and optical products",OECD,OECD,PT_EXGR_DVA,2008,40.918,0
EXGR_DVA_PSH,"Domestic value added in gross exports, destination partner shares",KOR,Korea,C26,"Manufacture of computer, electronic and optical products",ITA,Italy,PT_EXGR_DVA,2008,0.705,0
EXGR_DVA_PSH,"Domestic value added in gross exports, destination partner shares",KOR,Korea,C26,"Manufacture of computer, electronic and optical products",FRA,France,PT_EXGR_DVA,2008,2.212,0
EXGR_DVA_PSH,"Domestic value added in gross exports, destination partner shares",KOR,Korea,C26,"Manufacture of computer, electronic and optical products",JOR,Jordan,PT_EXGR_DVA,2008,0.024,0
EXGR_DVA_PSH,"Domestic value added in gross exports, destination partner shares",KOR,Korea,C26,"Manufacture of computer, electronic and optical products",PER,Peru,PT_EXGR_DVA,2008,0.054,0
EXGR_DVA_PSH,"Domestic value added in gross exports, destination partner shares",KOR,Korea,C26,"Manufacture of computer, electronic and optical products",APEC,APEC,PT_EXGR_DVA,2008,76.379,0
EXGR_DVA_PSH,"Domestic value added in gross exports, destination partner shares",KOR,Korea,C26,"Manufacture of computer, electronic and optical products",USA,United States,PT_EXGR_DVA,2008,9.693,0
EXGR_DVA_PSH,"Domestic value added in gross exports, destination partner shares",KOR,Korea,C26,"Manufacture of computer, electronic and optical products",SVK,Slovak Republic,PT_EXGR_DVA,2008,1.364,0
EXGR_DVA_PSH,"Domestic value added in gross exports, destination partner shares",KOR,Korea,C26,"Manufacture of computer, electronic and optical products",MLT,Malta,PT_EXGR_DVA,2008,0.023,0
EXGR_DVA_PSH,"Domestic value added in gross exports, destination partner shares",KOR,Korea,C26,"Manufacture of computer, electronic and optical products",SAU,Saudi Arabia,PT_EXGR_DVA,2008,0.274,0
EXGR_DVA_PSH,"Domestic value added in gross exports, destination partner shares",KOR,Korea,C26,"Manufacture of computer, electronic and optical products",NGA,Nigeria,PT_EXGR_DVA,2008,0.036,0
EXGR_DVA_PSH,"Domestic value added in gross exports, destination partner shares",KOR,Korea,C26,"Manufacture of computer, electronic and optical products",BLR,Belarus,PT_EXGR_DVA,2008,0.021,0
EXGR_DVA_PSH,"Domestic value added in gross exports, destination partner shares",KOR,Korea,C26,"Manufacture of computer, electronic and optical products",VNM,Viet Nam,PT_EXGR_DVA,2008,0.253,0
EXGR_DVA_PSH,"Domestic value added in gross exports, destination partner shares",KOR,Korea,C26,"Manufacture of computer, electronic and optical products",EU28XEU15,European Union 28 excluding European Union 15 countries,PT_EXGR_DVA,2008,5.151,0
EXGR_DVA_PSH,"Domestic value added in gross exports, destination partner shares",KOR,Korea,C26,"Manufacture of computer, electronic and optical products",IRL,Ireland,PT_EXGR_DVA,2008,0.193,0
EXGR_DVA_PSH,"Domestic value added in gross exports, destination partner shares",KOR,Korea,C26,"Manufacture of computer, electronic and optical products",NZL,New Zealand,PT_EXGR_DVA,2008,0.088,0
EXGR_DVA_PSH,"Domestic value added in gross exports, destination partner shares",KOR,Korea,C26,"Manufacture of computer, electronic and optical products",CIV,Côte d’Ivoire,PT_EXGR_DVA,2008,0.002,0
EXGR_DVA_PSH,"Domestic value added in gross exports, destination partner shares",KOR,Korea,C26,"Manufacture of computer, electronic and optical products",MAR,Morocco,PT_EXGR_DVA,2008,0.078,0
EXGR_DVA_PSH,"Domestic value added in gross exports, destination partner shares",KOR,Korea,C26,"Manufacture of computer, electronic and optical products",SWE,Sweden,PT_EXGR_DVA,2008,0.192,0
EXGR_DVA_PSH,"Domestic value added in gross exports, destination partner shares",KOR,Korea,C26,"Manufacture of computer, electronic and optical products",DEU,Germany,PT_EXGR_DVA,2008,2.86,0
EXGR_DVA_PSH,"Domestic value added in gross exports, destination partner shares",KOR,Korea,C26,"Manufacture of computer, electronic and optical products",ASEAN,ASEAN,PT_EXGR_DVA,2008,5.95,0
EXGR_DVA_PSH,"Domestic value added in gross exports, destination partner shares",KOR,Korea,C26,"Manufacture of computer, electronic and optical products",CZE,Czechia,PT_EXGR_DVA,2008,0.371,0
EXGR_DVA_PSH,"Domestic value added in gross exports, destination partner shares",KOR,Korea,C26,"Manufacture of computer, electronic and optical products",G20,G20,PT_EXGR_DVA,2008,83.515,0
EXGR_DVA_PSH,"Domestic value added in gross exports, destination partner shares",KOR,Korea,C26,"Manufacture of computer, electronic and optical products",SGP,Singapore,PT_EXGR_DVA,2008,1.866,0
EXGR_DVA_PSH,"Domestic value added in gross exports, destination partner shares",KOR,Korea,C26,"Manufacture of computer, electronic and optical products",EU27_2020,European Union (27 countries from 01/02/2020),PT_EXGR_DVA,2008,14.562,0
EXGR_DVA_PSH,"Domestic value added in gross exports, destination partner shares",KOR,Korea,C26,"Manufacture of computer, electronic and optical products",EU28,European Union (28 countries),PT_EXGR_DVA,2008,16.157,0
EXGR_DVA_PSH,"Domestic value added in gross exports, destination partner shares",KOR,Korea,C26,"Manufacture of computer, electronic and optical products",TUR,Türkiye,PT_EXGR_DVA,2008,0.42,0
EXGR_DVA_PSH,"Domestic value added in gross exports, destination partner shares",KOR,Korea,C26,"Manufacture of computer, electronic and optical products",UKR,Ukraine,PT_EXGR_DVA,2008,0.03,0
EXGR_DVA_PSH,"Domestic value added in gross exports, destination partner shares",KOR,Korea,C26,"Manufacture of computer, electronic and optical products",DNK,Denmark,PT_EXGR_DVA,2008,0.021,0
EXGR_DVA_PSH,"Domestic value added in gross exports, destination partner shares",KOR,Korea,C26,"Manufacture of computer, electronic and optical products",CHE,Switzerland,PT_EXGR_DVA,2008,0.082,0
EXGR_DVA_PSH,"Domestic value added in gross exports, destination partner shares",KOR,Korea,C26,"Manufacture of computer, electronic and optical products",GBR,United Kingdom,PT_EXGR_DVA,2006,2.161,0
EXGR_DVA_PSH,"Domestic value added in gross exports, destination partner shares",KOR,Korea,C26,"Manufacture of computer, electronic and optical products",COL,Colombia,PT_EXGR_DVA,2006,0.145,0
EXGR_DVA_PSH,"Domestic value added in gross exports, destination partner shares",KOR,Korea,C26,"Manufacture of computer, electronic and optical products",WXOECD,Non-OECD economies,PT_EXGR_DVA,2006,57.087,0
EXGR_DVA_PSH,"Domestic value added in gross exports, destination partner shares",KOR,Korea,C26,"Manufacture of computer, electronic and optical products",W_O,Other countries,PT_EXGR_DVA,2006,5.163,0
EXGR_DVA_PSH,"Domestic value added in gross exports, destination partner shares",KOR,Korea,C26,"Manufacture of computer, electronic and optical products",HUN,Hungary,PT_EXGR_DVA,2006,0.738,0
EXGR_DVA_PSH,"Domestic value added in gross exports, destination partner shares",KOR,Korea,C26,"Manufacture of computer, electronic and optical products",E,Europe,PT_EXGR_DVA,2006,17.564,0
EXGR_DVA_PSH,"Domestic value added in gross exports, destination partner shares",KOR,Korea,C26,"Manufacture of computer, electronic and optical products",BRA,Brazil,PT_EXGR_DVA,2006,2.013,0
EXGR_DVA_PSH,"Domestic value added in gross exports, destination partner shares",KOR,Korea,C26,"Manufacture of computer, electronic and optical products",JPN,Japan,PT_EXGR_DVA,2006,8.048,0
EXGR_DVA_PSH,"Domestic value added in gross exports, destination partner shares",KOR,Korea,C26,"Manufacture of computer, electronic and optical products",NAFTA,NAFTA,PT_EXGR_DVA,2006,16.953,0
EXGR_DVA_PSH,"Domestic value added in gross exports, destination partner shares",KOR,Korea,C26,"Manufacture of computer, electronic and optical products",FIN,Finland,PT_EXGR_DVA,2006,0.549,0
EXGR_DVA_PSH,"Domestic value added in gross exports, destination partner shares",KOR,Korea,C26,"Manufacture of computer, electronic and optical products",LTU,Lithuania,PT_EXGR_DVA,2006,0.009,0
EXGR_DVA_PSH,"Domestic value added in gross exports, destination partner shares",KOR,Korea,C26,"Manufacture of computer, electronic and optical products",EGY,Egypt,PT_EXGR_DVA,2006,0.026,0
EXGR_DVA_PSH,"Domestic value added in gross exports, destination partner shares",KOR,Korea,C26,"Manufacture of computer, electronic and optical products",AUS,Australia,PT_EXGR_DVA,2006,1.126,0
EXGR_DVA_PSH,"Domestic value added in gross exports, destination partner shares",KOR,Korea,C26,"Manufacture of computer, electronic and optical products",EU15,European Union (15 countries),PT_EXGR_DVA,2006,12.189,0
EXGR_DVA_PSH,"Domestic value added in gross exports, destination partner shares",KOR,Korea,C26,"Manufacture of computer, electronic and optical products",ARE,United Arab Emirates,PT_EXGR_DVA,2006,0.219,0
EXGR_DVA_PSH,"Domestic value added in gross exports, destination partner shares",KOR,Korea,C26,"Manufacture of computer, electronic and optical products",PAK,Pakistan,PT_EXGR_DVA,2006,0.044,0
EXGR_DVA_PSH,"Domestic value added in gross exports, destination partner shares",KOR,Korea,C26,"Manufacture of computer, electronic and optical products",MEX,Mexico,PT_EXGR_DVA,2006,5.567,0
EXGR_DVA_PSH,"Domestic value added in gross exports, destination partner shares",KOR,Korea,C26,"Manufacture of computer, electronic and optical products",PHL,Philippines,PT_EXGR_DVA,2006,0.738,0
EXGR_DVA_PSH,"Domestic value added in gross exports, destination partner shares",KOR,Korea,C26,"Manufacture of computer, electronic and optical products",S2,Eastern Asia,PT_EXGR_DVA,2006,51.812,0
EXGR_DVA_PSH,"Domestic value added in gross exports, destination partner shares",KOR,Korea,C26,"Manufacture of computer, electronic and optical products",IDN,Indonesia,PT_EXGR_DVA,2006,0.198,0
EXGR_DVA_PSH,"Domestic value added in gross exports, destination partner shares",KOR,Korea,C26,"Manufacture of computer, electronic and optical products",KAZ,Kazakhstan,PT_EXGR_DVA,2006,0.024,0
EXGR_DVA_PSH,"Domestic value added in gross exports, destination partner shares",KOR,Korea,C26,"Manufacture of computer, electronic and optical products",HKG,Hong Kong (China),PT_EXGR_DVA,2006,0.044,0
EXGR_DVA_PSH,"Domestic value added in gross exports, destination partner shares",KOR,Korea,C26,"Manufacture of computer, electronic and optical products",WXD,Rest of the world,PT_EXGR_DVA,2006,1.549,0
EXGR_DVA_PSH,"Domestic value added in gross exports, destination partner shares",KOR,Korea,C26,"Manufacture of computer, electronic and optical products",SVN,Slovenia,PT_EXGR_DVA,2006,0.029,0
EXGR_DVA_PSH,"Domestic value added in gross exports, destination partner shares",KOR,Korea,C26,"Manufacture of computer, electronic and optical products",ROU,Romania,PT_EXGR_DVA,2006,0.116,0
EXGR_DVA_PSH,"Domestic value added in gross exports, destination partner shares",KOR,Korea,C26,"Manufacture of computer, electronic and optical products",ISR,Israel,PT_EXGR_DVA,2006,0.152,0
EXGR_DVA_PSH,"Domestic value added in gross exports, destination partner shares",KOR,Korea,C26,"Manufacture of computer, electronic and optical products",THA,Thailand,PT_EXGR_DVA,2006,1.494,0
EXGR_DVA_PSH,"Domestic value added in gross exports, destination partner shares",KOR,Korea,C26,"Manufacture of computer, electronic and optical products",PRT,Portugal,PT_EXGR_DVA,2006,0.132,0
EXGR_DVA_PSH,"Domestic value added in gross exports, destination partner shares",KOR,Korea,C26,"Manufacture of computer, electronic and optical products",CYP,Cyprus,PT_EXGR_DVA,2006,0.003,0
EXGR_DVA_PSH,"Domestic value added in gross exports, destination partner shares",KOR,Korea,C26,"Manufacture of computer, electronic and optical products",F,Africa,PT_EXGR_DVA,2006,0.486,0
EXGR_DVA_PSH,"Domestic value added in gross exports, destination partner shares",KOR,Korea,C26,"Manufacture of computer, electronic and optical products",ARG,Argentina,PT_EXGR_DVA,2006,0.087,0
EXGR_DVA_PSH,"Domestic value added in gross exports, destination partner shares",KOR,Korea,C26,"Manufacture of computer, electronic and optical products",CAN,Canada,PT_EXGR_DVA,2006,0.944,0
EXGR_DVA_PSH,"Domestic value added in gross exports, destination partner shares",KOR,Korea,C26,"Manufacture of computer, electronic and optical products",BGD,Bangladesh,PT_EXGR_DVA,2006,0.036,0
EXGR_DVA_PSH,"Domestic value added in gross exports, destination partner shares",KOR,Korea,C26,"Manufacture of computer, electronic and optical products",EA19,Euro area (19 countries),PT_EXGR_DVA,2006,10.679,0
EXGR_DVA_PSH,"Domestic value added in gross exports, destination partner shares",KOR,Korea,C26,"Manufacture of computer, electronic and optical products",NLD,Netherlands,PT_EXGR_DVA,2006,0.079,0
EXGR_DVA_PSH,"Domestic value added in gross exports, destination partner shares",KOR,Korea,C26,"Manufacture of computer, electronic and optical products",TUN,Tunisia,PT_EXGR_DVA,2006,0.026,0
EXGR_DVA_PSH,"Domestic value added in gross exports, destination partner shares",KOR,Korea,C26,"Manufacture of computer, electronic and optical products",TWN,Chinese Taipei,PT_EXGR_DVA,2006,9.277,0
EXGR_DVA_PSH,"Domestic value added in gross exports, destination partner shares",KOR,Korea,C26,"Manufacture of computer, electronic and optical products",NOR,Norway,PT_EXGR_DVA,2006,0.125,0
EXGR_DVA_PSH,"Domestic value added in gross exports, destination partner shares",KOR,Korea,C26,"Manufacture of computer, electronic and optical products",RUS,Russia,PT_EXGR_DVA,2006,1.57,0
EXGR_DVA_PSH,"Domestic value added in gross exports, destination partner shares",KOR,Korea,C26,"Manufacture of computer, electronic and optical products",BGR,Bulgaria,PT_EXGR_DVA,2006,0.04,0
EXGR_DVA_PSH,"Domestic value added in gross exports, destination partner shares",KOR,Korea,C26,"Manufacture of computer, electronic and optical products",AUT,Austria,PT_EXGR_DVA,2006,0.24,0
EXGR_DVA_PSH,"Domestic value added in gross exports, destination partner shares",KOR,Korea,C26,"Manufacture of computer, electronic and optical products",POL,Poland,PT_EXGR_DVA,2006,1.45,0
EXGR_DVA_PSH,"Domestic value added in gross exports, destination partner shares",KOR,Korea,C26,"Manufacture of computer, electronic and optical products",MYS,Malaysia,PT_EXGR_DVA,2006,2.027,0
EXGR_DVA_PSH,"Domestic value added in gross exports, destination partner shares",KOR,Korea,C26,"Manufacture of computer, electronic and optical products",BEL,Belgium,PT_EXGR_DVA,2006,0.061,0
EXGR_DVA_PSH,"Domestic value added in gross exports, destination partner shares",KOR,Korea,C26,"Manufacture of computer, electronic and optical products",CRI,Costa Rica,PT_EXGR_DVA,2006,0.015,0
EXGR_DVA_PSH,"Domestic value added in gross exports, destination partner shares",KOR,Korea,C26,"Manufacture of computer, electronic and optical products",ZAF,South Africa,PT_EXGR_DVA,2006,0.34,0
EXGR_DVA_PSH,"Domestic value added in gross exports, destination partner shares",KOR,Korea,C26,"Manufacture of computer, electronic and optical products",S2_S8,Eastern and South-eastern Asia,PT_EXGR_DVA,2006,57.33,0
EXGR_DVA_PSH,"Domestic value added in gross exports, destination partner shares",KOR,Korea,C26,"Manufacture of computer, electronic and optical products",HRV,Croatia,PT_EXGR_DVA,2006,0.052,0
EXGR_DVA_PSH,"Domestic value added in gross exports, destination partner shares",KOR,Korea,C26,"Manufacture of computer, electronic and optical products",GRC,Greece,PT_EXGR_DVA,2006,0.077,0
EXGR_DVA_PSH,"Domestic value added in gross exports, destination partner shares",KOR,Korea,C26,"Manufacture of computer, electronic and optical products",A5_A7,South and Central America,PT_EXGR_DVA,2006,2.504,0
EXGR_DVA_PSH,"Domestic value added in gross exports, destination partner shares",KOR,Korea,C26,"Manufacture of computer, electronic and optical products",CHL,Chile,PT_EXGR_DVA,2006,0.182,0
EXGR_DVA_PSH,"Domestic value added in gross exports, destination partner shares",KOR,Korea,C26,"Manufacture of computer, electronic and optical products",ESP,Spain,PT_EXGR_DVA,2006,1.355,0
EXGR_DVA_PSH,"Domestic value added in gross exports, destination partner shares",KOR,Korea,C26,"Manufacture of computer, electronic and optical products",EST,Estonia,PT_EXGR_DVA,2006,0.012,0
EXGR_DVA_PSH,"Domestic value added in gross exports, destination partner shares",KOR,Korea,C26,"Manufacture of computer, electronic and optical products",CHN,China (People’s Republic of),PT_EXGR_DVA,2006,34.442,0
EXGR_DVA_PSH,"Domestic value added in gross exports, destination partner shares",KOR,Korea,C26,"Manufacture of computer, electronic and optical products",IND,India,PT_EXGR_DVA,2006,1.267,0
EXGR_DVA_PSH,"Domestic value added in gross exports, destination partner shares",KOR,Korea,C26,"Manufacture of computer, electronic and optical products",OECD,OECD,PT_EXGR_DVA,2006,42.913,0
EXGR_DVA_PSH,"Domestic value added in gross exports, destination partner shares",KOR,Korea,C26,"Manufacture of computer, electronic and optical products",AGO,Angola,PT_EXGR_DVA,2006,0.01,0
EXGR_DVA_PSH,"Domestic value added in gross exports, destination partner shares",KOR,Korea,C26,"Manufacture of computer, electronic and optical products",ITA,Italy,PT_EXGR_DVA,2006,1.386,0
EXGR_DVA_PSH,"Domestic value added in gross exports, destination partner shares",KOR,Korea,C26,"Manufacture of computer, electronic and optical products",FRA,France,PT_EXGR_DVA,2006,1.968,0
EXGR_DVA_PSH,"Domestic value added in gross exports, destination partner shares",KOR,Korea,C26,"Manufacture of computer, electronic and optical products",JOR,Jordan,PT_EXGR_DVA,2006,0.011,0
EXGR_DVA_PSH,"Domestic value added in gross exports, destination partner shares",KOR,Korea,C26,"Manufacture of computer, electronic and optical products",PER,Peru,PT_EXGR_DVA,2006,0.062,0
EXGR_DVA_PSH,"Domestic value added in gross exports, destination partner shares",KOR,Korea,C26,"Manufacture of computer, electronic and optical products",APEC,APEC,PT_EXGR_DVA,2006,77.312,0
EXGR_DVA_PSH,"Domestic value added in gross exports, destination partner shares",KOR,Korea,C26,"Manufacture of computer, electronic and optical products",USA,United States,PT_EXGR_DVA,2006,10.442,0
EXGR_DVA_PSH,"Domestic value added in gross exports, destination partner shares",KOR,Korea,C26,"Manufacture of computer, electronic and optical products",SVK,Slovak Republic,PT_EXGR_DVA,2006,0.925,0
EXGR_DVA_PSH,"Domestic value added in gross exports, destination partner shares",KOR,Korea,C26,"Manufacture of computer, electronic and optical products",SAU,Saudi Arabia,PT_EXGR_DVA,2006,0.199,0
EXGR_DVA_PSH,"Domestic value added in gross exports, destination partner shares",KOR,Korea,C26,"Manufacture of computer, electronic and optical products",NGA,Nigeria,PT_EXGR_DVA,2006,0.025,0
EXGR_DVA_PSH,"Domestic value added in gross exports, destination partner shares",KOR,Korea,C26,"Manufacture of computer, electronic and optical products",BLR,Belarus,PT_EXGR_DVA,2006,0.012,0
EXGR_DVA_PSH,"Domestic value added in gross exports, destination partner shares",KOR,Korea,C26,"Manufacture of computer, electronic and optical products",VNM,Viet Nam,PT_EXGR_DVA,2006,0.346,0
EXGR_DVA_PSH,"Domestic value added in gross exports, destination partner shares",KOR,Korea,C26,"Manufacture of computer, electronic and optical products",EU28XEU15,European Union 28 excluding European Union 15 countries,PT_EXGR_DVA,2006,3.568,0
EXGR_DVA_PSH,"Domestic value added in gross exports, destination partner shares",KOR,Korea,C26,"Manufacture of computer, electronic and optical products",IRL,Ireland,PT_EXGR_DVA,2006,0.401,0
EXGR_DVA_PSH,"Domestic value added in gross exports, destination partner shares",KOR,Korea,C26,"Manufacture of computer, electronic and optical products",NZL,New Zealand,PT_EXGR_DVA,2006,0.101,0
EXGR_DVA_PSH,"Domestic value added in gross exports, destination partner shares",KOR,Korea,C26,"Manufacture of computer, electronic and optical products",MAR,Morocco,PT_EXGR_DVA,2006,0.054,0
EXGR_DVA_PSH,"Domestic value added in gross exports, destination partner shares",KOR,Korea,C26,"Manufacture of computer, electronic and optical products",SWE,Sweden,PT_EXGR_DVA,2006,0.303,0
EXGR_DVA_PSH,"Domestic value added in gross exports, destination partner shares",KOR,Korea,C26,"Manufacture of computer, electronic and optical products",DEU,Germany,PT_EXGR_DVA,2006,3.435,0
EXGR_DVA_PSH,"Domestic value added in gross exports, destination partner shares",KOR,Korea,C26,"Manufacture of computer, electronic and optical products",ASEAN,ASEAN,PT_EXGR_DVA,2006,5.518,0
EXGR_DVA_PSH,"Domestic value added in gross exports, destination partner shares",KOR,Korea,C26,"Manufacture of computer, electronic and optical products",CZE,Czechia,PT_EXGR_DVA,2006,0.18,0
EXGR_DVA_PSH,"Domestic value added in gross exports, destination partner shares",KOR,Korea,C26,"Manufacture of computer, electronic and optical products",G20,G20,PT_EXGR_DVA,2006,82.435,0
EXGR_DVA_PSH,"Domestic value added in gross exports, destination partner shares",KOR,Korea,C26,"Manufacture of computer, electronic and optical products",SGP,Singapore,PT_EXGR_DVA,2006,0.703,0
EXGR_DVA_PSH,"Domestic value added in gross exports, destination partner shares",KOR,Korea,C26,"Manufacture of computer, electronic and optical products",EU27_2020,European Union (27 countries from 01/02/2020),PT_EXGR_DVA,2006,13.596,0
EXGR_DVA_PSH,"Domestic value added in gross exports, destination partner shares",KOR,Korea,C26,"Manufacture of computer, electronic and optical products",EU28,European Union (28 countries),PT_EXGR_DVA,2006,15.757,0
EXGR_DVA_PSH,"Domestic value added in gross exports, destination partner shares",KOR,Korea,C26,"Manufacture of computer, electronic and optical products",TUR,Türkiye,PT_EXGR_DVA,2006,0.435,0
EXGR_DVA_PSH,"Domestic value added in gross exports, destination partner shares",KOR,Korea,C26,"Manufacture of computer, electronic and optical products",DNK,Denmark,PT_EXGR_DVA,2006,0.037,0
EXGR_DVA_PSH,"Domestic value added in gross exports, destination partner shares",KOR,Korea,C26,"Manufacture of computer, electronic and optical products",CHE,Switzerland,PT_EXGR_DVA,2006,0.084,0
EXGR_DVA_PSH,"Domestic value added in gross exports, destination partner shares",KOR,Korea,C26,"Manufacture of computer, electronic and optical products",GBR,United Kingdom,PT_EXGR_DVA,2001,4.482,0
EXGR_DVA_PSH,"Domestic value added in gross exports, destination partner shares",KOR,Korea,C26,"Manufacture of computer, electronic and optical products",WXOECD,Non-OECD economies,PT_EXGR_DVA,2001,34.703,0
EXGR_DVA_PSH,"Domestic value added in gross exports, destination partner shares",KOR,Korea,C26,"Manufacture of computer, electronic and optical products",W_O,Other countries,PT_EXGR_DVA,2001,6.697,0
EXGR_DVA_PSH,"Domestic value added in gross exports, destination partner shares",KOR,Korea,C26,"Manufacture of computer, electronic and optical products",HUN,Hungary,PT_EXGR_DVA,2001,0.49,0
EXGR_DVA_PSH,"Domestic value added in gross exports, destination partner shares",KOR,Korea,C26,"Manufacture of computer, electronic and optical products",E,Europe,PT_EXGR_DVA,2001,16.692,0
EXGR_DVA_PSH,"Domestic value added in gross exports, destination partner shares",KOR,Korea,C26,"Manufacture of computer, electronic and optical products",BRA,Brazil,PT_EXGR_DVA,2001,1.655,0
EXGR_DVA_PSH,"Domestic value added in gross exports, destination partner shares",KOR,Korea,C26,"Manufacture of computer, electronic and optical products",JPN,Japan,PT_EXGR_DVA,2001,11.588,0
EXGR_DVA_PSH,"Domestic value added in gross exports, destination partner shares",KOR,Korea,C26,"Manufacture of computer, electronic and optical products",NAFTA,NAFTA,PT_EXGR_DVA,2001,35.442,0
EXGR_DVA_PSH,"Domestic value added in gross exports, destination partner shares",KOR,Korea,C26,"Manufacture of computer, electronic and optical products",FIN,Finland,PT_EXGR_DVA,2001,0.338,0
EXGR_DVA_PSH,"Domestic value added in gross exports, destination partner shares",KOR,Korea,C26,"Manufacture of computer, electronic and optical products",LTU,Lithuania,PT_EXGR_DVA,2001,0.023,0
EXGR_DVA_PSH,"Domestic value added in gross exports, destination partner shares",KOR,Korea,C26,"Manufacture of computer, electronic and optical products",EU15,European Union (15 countries),PT_EXGR_DVA,2001,14.253,0
EXGR_DVA_PSH,"Domestic value added in gross exports, destination partner shares",KOR,Korea,C26,"Manufacture of computer, electronic and optical products",ARE,United Arab Emirates,PT_EXGR_DVA,2001,0.439,0
EXGR_DVA_PSH,"Domestic value added in gross exports, destination partner shares",KOR,Korea,C26,"Manufacture of computer, electronic and optical products",PAK,Pakistan,PT_EXGR_DVA,2001,0.058,0
EXGR_DVA_PSH,"Domestic value added in gross exports, destination partner shares",KOR,Korea,C26,"Manufacture of computer, electronic and optical products",MEX,Mexico,PT_EXGR_DVA,2001,3.683,0
EXGR_DVA_PSH,"Domestic value added in gross exports, destination partner shares",KOR,Korea,C26,"Manufacture of computer, electronic and optical products",PHL,Philippines,PT_EXGR_DVA,2001,0.523,0
EXGR_DVA_PSH,"Domestic value added in gross exports, destination partner shares",KOR,Korea,C26,"Manufacture of computer, electronic and optical products",S2,Eastern Asia,PT_EXGR_DVA,2001,32.461,0
EXGR_DVA_PSH,"Domestic value added in gross exports, destination partner shares",KOR,Korea,C26,"Manufacture of computer, electronic and optical products",IDN,Indonesia,PT_EXGR_DVA,2001,0.977,0
EXGR_DVA_PSH,"Domestic value added in gross exports, destination partner shares",KOR,Korea,C26,"Manufacture of computer, electronic and optical products",KAZ,Kazakhstan,PT_EXGR_DVA,2001,0.124,0
EXGR_DVA_PSH,"Domestic value added in gross exports, destination partner shares",KOR,Korea,C26,"Manufacture of computer, electronic and optical products",HKG,Hong Kong (China),PT_EXGR_DVA,2001,0.064,0
EXGR_DVA_PSH,"Domestic value added in gross exports, destination partner shares",KOR,Korea,C26,"Manufacture of computer, electronic and optical products",WXD,Rest of the world,PT_EXGR_DVA,2001,2.734,0
EXGR_DVA_PSH,"Domestic value added in gross exports, destination partner shares",KOR,Korea,C26,"Manufacture of computer, electronic and optical products",ISR,Israel,PT_EXGR_DVA,2001,0.226,0
EXGR_DVA_PSH,"Domestic value added in gross exports, destination partner shares",KOR,Korea,C26,"Manufacture of computer, electronic and optical products",THA,Thailand,PT_EXGR_DVA,2001,1.828,0
EXGR_DVA_PSH,"Domestic value added in gross exports, destination partner shares",KOR,Korea,C26,"Manufacture of computer, electronic and optical products",PRT,Portugal,PT_EXGR_DVA,2001,0.169,0
EXGR_DVA_PSH,"Domestic value added in gross exports, destination partner shares",KOR,Korea,C26,"Manufacture of computer, electronic and optical products",F,Africa,PT_EXGR_DVA,2001,0.541,0
EXGR_DVA_PSH,"Domestic value added in gross exports, destination partner shares",KOR,Korea,C26,"Manufacture of computer, electronic and optical products",ARG,Argentina,PT_EXGR_DVA,2001,0.275,0
EXGR_DVA_PSH,"Domestic value added in gross exports, destination partner shares",KOR,Korea,C26,"Manufacture of computer, electronic and optical products",CAN,Canada,PT_EXGR_DVA,2001,1.696,0
EXGR_DVA_PSH,"Domestic value added in gross exports, destination partner shares",KOR,Korea,C26,"Manufacture of computer, electronic and optical products",EA19,Euro area (19 countries),PT_EXGR_DVA,2001,9.508,0
EXGR_DVA_PSH,"Domestic value added in gross exports, destination partner shares",KOR,Korea,C26,"Manufacture of computer, electronic and optical products",NLD,Netherlands,PT_EXGR_DVA,2001,0.164,0
EXGR_DVA_PSH,"Domestic value added in gross exports, destination partner shares",KOR,Korea,C26,"Manufacture of computer, electronic and optical products",TUN,Tunisia,PT_EXGR_DVA,2001,0.101,0
EXGR_DVA_PSH,"Domestic value added in gross exports, destination partner shares",KOR,Korea,C26,"Manufacture of computer, electronic and optical products",TWN,Chinese Taipei,PT_EXGR_DVA,2001,9.943,0
EXGR_DVA_PSH,"Domestic value added in gross exports, destination partner shares",KOR,Korea,C26,"Manufacture of computer, electronic and optical products",RUS,Russia,PT_EXGR_DVA,2001,0.955,0
EXGR_DVA_PSH,"Domestic value added in gross exports, destination partner shares",KOR,Korea,C26,"Manufacture of computer, electronic and optical products",MYS,Malaysia,PT_EXGR_DVA,2001,1.738,0
EXGR_DVA_PSH,"Domestic value added in gross exports, destination partner shares",KOR,Korea,C26,"Manufacture of computer, electronic and optical products",BEL,Belgium,PT_EXGR_DVA,2001,0.133,0
EXGR_DVA_PSH,"Domestic value added in gross exports, destination partner shares",KOR,Korea,C26,"Manufacture of computer, electronic and optical products",ZAF,South Africa,PT_EXGR_DVA,2001,0.182,0
EXGR_DVA_PSH,"Domestic value added in gross exports, destination partner shares",KOR,Korea,C26,"Manufacture of computer, electronic and optical products",S2_S8,Eastern and South-eastern Asia,PT_EXGR_DVA,2001,38.427,0
EXGR_DVA_PSH,"Domestic value added in gross exports, destination partner shares",KOR,Korea,C26,"Manufacture of computer, electronic and optical products",GRC,Greece,PT_EXGR_DVA,2001,0.083,0
EXGR_DVA_PSH,"Domestic value added in gross exports, destination partner shares",KOR,Korea,C26,"Manufacture of computer, electronic and optical products",A5_A7,South and Central America,PT_EXGR_DVA,2001,2.201,0
EXGR_DVA_PSH,"Domestic value added in gross exports, destination partner shares",KOR,Korea,C26,"Manufacture of computer, electronic and optical products",CHL,Chile,PT_EXGR_DVA,2001,0.065,0
EXGR_DVA_PSH,"Domestic value added in gross exports, destination partner shares",KOR,Korea,C26,"Manufacture of computer, electronic and optical products",ESP,Spain,PT_EXGR_DVA,2001,1.169,0
EXGR_DVA_PSH,"Domestic value added in gross exports, destination partner shares",KOR,Korea,C26,"Manufacture of computer, electronic and optical products",CHN,China (People’s Republic of),PT_EXGR_DVA,2001,10.867,0
EXGR_DVA_PSH,"Domestic value added in gross exports, destination partner shares",KOR,Korea,C26,"Manufacture of computer, electronic and optical products",IND,India,PT_EXGR_DVA,2001,0.639,0
EXGR_DVA_PSH,"Domestic value added in gross exports, destination partner shares",KOR,Korea,C26,"Manufacture of computer, electronic and optical products",OECD,OECD,PT_EXGR_DVA,2001,65.297,0
EXGR_DVA_PSH,"Domestic value added in gross exports, destination partner shares",KOR,Korea,C26,"Manufacture of computer, electronic and optical products",AGO,Angola,PT_EXGR_DVA,2001,0.003,0
EXGR_DVA_PSH,"Domestic value added in gross exports, destination partner shares",KOR,Korea,C26,"Manufacture of computer, electronic and optical products",ITA,Italy,PT_EXGR_DVA,2001,1.366,0
EXGR_DVA_PSH,"Domestic value added in gross exports, destination partner shares",KOR,Korea,C26,"Manufacture of computer, electronic and optical products",FRA,France,PT_EXGR_DVA,2001,1.58,0
EXGR_DVA_PSH,"Domestic value added in gross exports, destination partner shares",KOR,Korea,C26,"Manufacture of computer, electronic and optical products",JOR,Jordan,PT_EXGR_DVA,2001,0.018,0
EXGR_DVA_PSH,"Domestic value added in gross exports, destination partner shares",KOR,Korea,C26,"Manufacture of computer, electronic and optical products",APEC,APEC,PT_EXGR_DVA,2001,76.991,0
EXGR_DVA_PSH,"Domestic value added in gross exports, destination partner shares",KOR,Korea,C26,"Manufacture of computer, electronic and optical products",USA,United States,PT_EXGR_DVA,2001,30.063,0
EXGR_DVA_PSH,"Domestic value added in gross exports, destination partner shares",KOR,Korea,C26,"Manufacture of computer, electronic and optical products",SAU,Saudi Arabia,PT_EXGR_DVA,2001,0.209,0
EXGR_DVA_PSH,"Domestic value added in gross exports, destination partner shares",KOR,Korea,C26,"Manufacture of computer, electronic and optical products",NGA,Nigeria,PT_EXGR_DVA,2001,0.109,0
EXGR_DVA_PSH,"Domestic value added in gross exports, destination partner shares",KOR,Korea,C26,"Manufacture of computer, electronic and optical products",VNM,Viet Nam,PT_EXGR_DVA,2001,0.198,0
EXGR_DVA_PSH,"Domestic value added in gross exports, destination partner shares",KOR,Korea,C26,"Manufacture of computer, electronic and optical products",IRL,Ireland,PT_EXGR_DVA,2001,0.423,0
EXGR_DVA_PSH,"Domestic value added in gross exports, destination partner shares",KOR,Korea,C26,"Manufacture of computer, electronic and optical products",NZL,New Zealand,PT_EXGR_DVA,2001,0.137,0
EXGR_DVA_PSH,"Domestic value added in gross exports, destination partner shares",KOR,Korea,C26,"Manufacture of computer, electronic and optical products",MAR,Morocco,PT_EXGR_DVA,2001,0.058,0
EXGR_DVA_PSH,"Domestic value added in gross exports, destination partner shares",KOR,Korea,C26,"Manufacture of computer, electronic and optical products",SWE,Sweden,PT_EXGR_DVA,2001,0.274,0
EXGR_DVA_PSH,"Domestic value added in gross exports, destination partner shares",KOR,Korea,C26,"Manufacture of computer, electronic and optical products",DEU,Germany,PT_EXGR_DVA,2001,3.646,0
EXGR_DVA_PSH,"Domestic value added in gross exports, destination partner shares",KOR,Korea,C26,"Manufacture of computer, electronic and optical products",ASEAN,ASEAN,PT_EXGR_DVA,2001,5.966,0
EXGR_DVA_PSH,"Domestic value added in gross exports, destination partner shares",KOR,Korea,C26,"Manufacture of computer, electronic and optical products",G20,G20,PT_EXGR_DVA,2001,80.349,0
EXGR_DVA_PSH,"Domestic value added in gross exports, destination partner shares",KOR,Korea,C26,"Manufacture of computer, electronic and optical products",SGP,Singapore,PT_EXGR_DVA,2001,0.682,0
EXGR_DVA_PSH,"Domestic value added in gross exports, destination partner shares",KOR,Korea,C26,"Manufacture of computer, electronic and optical products",EU27_2020,European Union (27 countries from 01/02/2020),PT_EXGR_DVA,2001,10.986,0
EXGR_DVA_PSH,"Domestic value added in gross exports, destination partner shares",KOR,Korea,C26,"Manufacture of computer, electronic and optical products",EU28,European Union (28 countries),PT_EXGR_DVA,2001,15.468,0
EXGR_DVA_PSH,"Domestic value added in gross exports, destination partner shares",KOR,Korea,C26,"Manufacture of computer, electronic and optical products",TUR,Türkiye,PT_EXGR_DVA,2001,0.203,0
EXGR_DVA_PSH,"Domestic value added in gross exports, destination partner shares",KOR,Korea,C26,"Manufacture of computer, electronic and optical products",UKR,Ukraine,PT_EXGR_DVA,2001,0.013,0
EXGR_DVA_PSH,"Domestic value added in gross exports, destination partner shares",KOR,Korea,C26,"Manufacture of computer, electronic and optical products",CHE,Switzerland,PT_EXGR_DVA,2001,0.129,0
EXGR_DVA_PSH,"Domestic value added in gross exports, destination partner shares",KOR,Korea,C26,"Manufacture of computer, electronic and optical products",BGD,Bangladesh,PT_EXGR_DVA,2008,0.032,0
EXGR_DVA_PSH,"Domestic value added in gross exports, destination partner shares",KOR,Korea,C26,"Manufacture of computer, electronic and optical products",AGO,Angola,PT_EXGR_DVA,2008,0.01,0
EXGR_DVA_PSH,"Domestic value added in gross exports, destination partner shares",KOR,Korea,C26,"Manufacture of computer, electronic and optical products",ISL,Iceland,PT_EXGR_DVA,2008,0.006,0
EXGR_DVA_PSH,"Domestic value added in gross exports, destination partner shares",KOR,Korea,C26,"Manufacture of computer, electronic and optical products",LVA,Latvia,PT_EXGR_DVA,2006,0.009,0
EXGR_DVA_PSH,"Domestic value added in gross exports, destination partner shares",KOR,Korea,C26,"Manufacture of computer, electronic and optical products",KHM,Cambodia,PT_EXGR_DVA,2006,0.01,0
EXGR_DVA_PSH,"Domestic value added in gross exports, destination partner shares",KOR,Korea,C26,"Manufacture of computer, electronic and optical products",UKR,Ukraine,PT_EXGR_DVA,2006,0.01,0
EXGR_DVA_PSH,"Domestic value added in gross exports, destination partner shares",KOR,Korea,C26,"Manufacture of computer, electronic and optical products",ISL,Iceland,PT_EXGR_DVA,2006,0.006,0
EXGR_DVA_PSH,"Domestic value added in gross exports, destination partner shares",KOR,Korea,C26,"Manufacture of computer, electronic and optical products",LUX,Luxembourg,PT_EXGR_DVA,2006,0.004,0
EXGR_DVA_PSH,"Domestic value added in gross exports, destination partner shares",KOR,Korea,C26,"Manufacture of computer, electronic and optical products",MLT,Malta,PT_EXGR_DVA,2006,0.004,0
EXGR_DVA_PSH,"Domestic value added in gross exports, destination partner shares",KOR,Korea,C26,"Manufacture of computer, electronic and optical products",BRN,Brunei Darussalam,PT_EXGR_DVA,2001,0.004,0
EXGR_DVA_PSH,"Domestic value added in gross exports, destination partner shares",KOR,Korea,C26,"Manufacture of computer, electronic and optical products",ISL,Iceland,PT_EXGR_DVA,2001,0.004,0
EXGR_DVA_PSH,"Domestic value added in gross exports, destination partner shares",KOR,Korea,C26,"Manufacture of computer, electronic and optical products",CIV,Côte d’Ivoire,PT_EXGR_DVA,2001,0.004,0
EXGR_DVA_PSH,"Domestic value added in gross exports, destination partner shares",KOR,Korea,C26,"Manufacture of computer, electronic and optical products",LVA,Latvia,PT_EXGR_DVA,2001,0.005,0
EXGR_DVA_PSH,"Domestic value added in gross exports, destination partner shares",KOR,Korea,C26,"Manufacture of computer, electronic and optical products",MLT,Malta,PT_EXGR_DVA,2001,0.006,0
EXGR_DVA_PSH,"Domestic value added in gross exports, destination partner shares",KOR,Korea,C26,"Manufacture of computer, electronic and optical products",BLR,Belarus,PT_EXGR_DVA,2001,0.006,0
EXGR_DVA_PSH,"Domestic value added in gross exports, destination partner shares",KOR,Korea,C26,"Manufacture of computer, electronic and optical products",EST,Estonia,PT_EXGR_DVA,2001,0.007,0
EXGR_DVA_PSH,"Domestic value added in gross exports, destination partner shares",KOR,Korea,C26,"Manufacture of computer, electronic and optical products",CYP,Cyprus,PT_EXGR_DVA,2001,0.008,0
EXGR_DVA_PSH,"Domestic value added in gross exports, destination partner shares",KOR,Korea,C26,"Manufacture of computer, electronic and optical products",MMR,Myanmar,PT_EXGR_DVA,2001,0.009,0
EXGR_DVA_PSH,"Domestic value added in gross exports, destination partner shares",KOR,Korea,C26,"Manufacture of computer, electronic and optical products",BGD,Bangladesh,PT_EXGR_DVA,2001,0.021,0
EXGR_DVA_PSH,"Domestic value added in gross exports, destination partner shares",KOR,Korea,C26,"Manufacture of computer, electronic and optical products",BGR,Bulgaria,PT_EXGR_DVA,2001,0.013,0
EXGR_DVA_PSH,"Domestic value added in gross exports, destination partner shares",KOR,Korea,C26,"Manufacture of computer, electronic and optical products",SEN,Senegal,PT_EXGR_DVA,2001,0.003,0
EXGR_DVA_PSH,"Domestic value added in gross exports, destination partner shares",KOR,Korea,C26,"Manufacture of computer, electronic and optical products",CIV,Côte d’Ivoire,PT_EXGR_DVA,2006,0.002,0
EXGR_DVA_PSH,"Domestic value added in gross exports, destination partner shares",KOR,Korea,C26,"Manufacture of computer, electronic and optical products",MMR,Myanmar,PT_EXGR_DVA,2008,0.002,0
EXGR_DVA_PSH,"Domestic value added in gross exports, destination partner shares",KOR,Korea,C26,"Manufacture of computer, electronic and optical products",MMR,Myanmar,PT_EXGR_DVA,2006,0.001,0
EXGR_DVA_PSH,"Domestic value added in gross exports, destination partner shares",KOR,Korea,C26,"Manufacture of computer, electronic and optical products",BRN,Brunei Darussalam,PT_EXGR_DVA,2006,0.001,0
EXGR_DVA_PSH,"Domestic value added in gross exports, destination partner shares",KOR,Korea,C26,"Manufacture of computer, electronic and optical products",COD,Democratic Republic of the Congo,PT_EXGR_DVA,2006,0.001,0
EXGR_DVA_PSH,"Domestic value added in gross exports, destination partner shares",KOR,Korea,C26,"Manufacture of computer, electronic and optical products",SEN,Senegal,PT_EXGR_DVA,2006,0.001,0
EXGR_DVA_PSH,"Domestic value added in gross exports, destination partner shares",KOR,Korea,C26,"Manufacture of computer, electronic and optical products",CMR,Cameroon,PT_EXGR_DVA,2006,0.001,0
EXGR_DVA_PSH,"Domestic value added in gross exports, destination partner shares",KOR,Korea,C26,"Manufacture of computer, electronic and optical products",COD,Democratic Republic of the Congo,PT_EXGR_DVA,2001,0.001,0
EXGR_DVA_PSH,"Domestic value added in gross exports, destination partner shares",KOR,Korea,C26,"Manufacture of computer, electronic and optical products",LUX,Luxembourg,PT_EXGR_DVA,2001,0.001,0
EXGR_DVA_PSH,"Domestic value added in gross exports, destination partner shares",KOR,Korea,C26,"Manufacture of computer, electronic and optical products",CMR,Cameroon,PT_EXGR_DVA,2001,0.001,0
EXGR_DVA_PSH,"Domestic value added in gross exports, destination partner shares",KOR,Korea,C26,"Manufacture of computer, electronic and optical products",SEN,Senegal,PT_EXGR_DVA,2008,0.001,0
EXGR_DVA_PSH,"Domestic value added in gross exports, destination partner shares",KOR,Korea,C26,"Manufacture of computer, electronic and optical products",CMR,Cameroon,PT_EXGR_DVA,2008,0.001,0
EXGR_DVA_PSH,"Domestic value added in gross exports, destination partner shares",KOR,Korea,C26,"Manufacture of computer, electronic and optical products",BRN,Brunei Darussalam,PT_EXGR_DVA,2008,0.001,0
EXGR_DVA_PSH,"Domestic value added in gross exports, destination partner shares",KOR,Korea,C26,"Manufacture of computer, electronic and optical products",COL,Colombia,PT_EXGR_DVA,2001,0.11,0
EXGR_DVA_PSH,"Domestic value added in gross exports, destination partner shares",KOR,Korea,C26,"Manufacture of computer, electronic and optical products",KHM,Cambodia,PT_EXGR_DVA,2001,0.006,0
EXGR_DVA_PSH,"Domestic value added in gross exports, destination partner shares",KOR,Korea,C26,"Manufacture of computer, electronic and optical products",EGY,Egypt,PT_EXGR_DVA,2001,0.079,0
EXGR_DVA_PSH,"Domestic value added in gross exports, destination partner shares",KOR,Korea,C26,"Manufacture of computer, electronic and optical products",AUS,Australia,PT_EXGR_DVA,2001,1.891,0
EXGR_DVA_PSH,"Domestic value added in gross exports, destination partner shares",KOR,Korea,C26,"Manufacture of computer, electronic and optical products",SVN,Slovenia,PT_EXGR_DVA,2001,0.02,0
EXGR_DVA_PSH,"Domestic value added in gross exports, destination partner shares",KOR,Korea,C26,"Manufacture of computer, electronic and optical products",ROU,Romania,PT_EXGR_DVA,2001,0.032,0
EXGR_DVA_PSH,"Domestic value added in gross exports, destination partner shares",KOR,Korea,C26,"Manufacture of computer, electronic and optical products",NOR,Norway,PT_EXGR_DVA,2001,0.118,0
EXGR_DVA_PSH,"Domestic value added in gross exports, destination partner shares",KOR,Korea,C26,"Manufacture of computer, electronic and optical products",AUT,Austria,PT_EXGR_DVA,2001,0.343,0
EXGR_DVA_PSH,"Domestic value added in gross exports, destination partner shares",KOR,Korea,C26,"Manufacture of computer, electronic and optical products",POL,Poland,PT_EXGR_DVA,2001,0.461,0
EXGR_DVA_PSH,"Domestic value added in gross exports, destination partner shares",KOR,Korea,C26,"Manufacture of computer, electronic and optical products",CRI,Costa Rica,PT_EXGR_DVA,2001,0.007,0
EXGR_DVA_PSH,"Domestic value added in gross exports, destination partner shares",KOR,Korea,C26,"Manufacture of computer, electronic and optical products",HRV,Croatia,PT_EXGR_DVA,2001,0.03,0
EXGR_DVA_PSH,"Domestic value added in gross exports, destination partner shares",KOR,Korea,C26,"Manufacture of computer, electronic and optical products",PER,Peru,PT_EXGR_DVA,2001,0.09,0
EXGR_DVA_PSH,"Domestic value added in gross exports, destination partner shares",KOR,Korea,C26,"Manufacture of computer, electronic and optical products",SVK,Slovak Republic,PT_EXGR_DVA,2001,0.024,0
EXGR_DVA_PSH,"Domestic value added in gross exports, destination partner shares",KOR,Korea,C26,"Manufacture of computer, electronic and optical products",EU28XEU15,European Union 28 excluding European Union 15 countries,PT_EXGR_DVA,2001,1.216,0
EXGR_DVA_PSH,"Domestic value added in gross exports, destination partner shares",KOR,Korea,C26,"Manufacture of computer, electronic and optical products",CZE,Czechia,PT_EXGR_DVA,2001,0.097,0
EXGR_DVA_PSH,"Domestic value added in gross exports, destination partner shares",KOR,Korea,C26,"Manufacture of computer, electronic and optical products",DNK,Denmark,PT_EXGR_DVA,2001,0.08,0
EXGR_DVA_PSH,"Domestic value added in gross exports, destination partner shares",KOR,Korea,C26,"Manufacture of computer, electronic and optical products",LVA,Latvia,PT_EXGR_DVA,2008,0.021,0
EXGR_DVA_PSH,"Domestic value added in gross exports, destination partner shares",KOR,Korea,C26,"Manufacture of computer, electronic and optical products",TUN,Tunisia,PT_EXGR_DVA,2008,0.029,0
EXGR_DVA_PSH,"Domestic value added in gross exports, destination partner shares",KOR,Korea,C26,"Manufacture of computer, electronic and optical products",EGY,Egypt,PT_EXGR_DVA,2008,0.045,0
EXGR_DVA_PSH,"Domestic value added in gross exports, destination partner shares",KOR,Korea,C26,"Manufacture of computer, electronic and optical products",W,World,PT_EXGR_DVA,2001,100,0
EXGR_DVA_PSH,"Domestic value added in gross exports, destination partner shares",KOR,Korea,C26,"Manufacture of computer, electronic and optical products",W,World,PT_EXGR_DVA,2006,100,0
EXGR_DVA_PSH,"Domestic value added in gross exports, destination partner shares",KOR,Korea,C26,"Manufacture of computer, electronic and optical products",W,World,PT_EXGR_DVA,2008,100,0
EXGR_DVA_PSH,"Domestic value added in gross exports, destination partner shares",KOR,Korea,C26,"Manufacture of computer, electronic and optical products",KOR,Korea,PT_EXGR_DVA,2001,0,0
EXGR_DVA_PSH,"Domestic value added in gross exports, destination partner shares",KOR,Korea,C26,"Manufacture of computer, electronic and optical products",LAO,Lao People’s Democratic Republic,PT_EXGR_DVA,2001,0,0
EXGR_DVA_PSH,"Domestic value added in gross exports, destination partner shares",KOR,Korea,C26,"Manufacture of computer, electronic and optical products",STP,Sao Tome and Principe,PT_EXGR_DVA,2001,0,0
EXGR_DVA_PSH,"Domestic value added in gross exports, destination partner shares",KOR,Korea,C26,"Manufacture of computer, electronic and optical products",KOR,Korea,PT_EXGR_DVA,2006,0,0
EXGR_DVA_PSH,"Domestic value added in gross exports, destination partner shares",KOR,Korea,C26,"Manufacture of computer, electronic and optical products",LAO,Lao People’s Democratic Republic,PT_EXGR_DVA,2006,0,0
EXGR_DVA_PSH,"Domestic value added in gross exports, destination partner shares",KOR,Korea,C26,"Manufacture of computer, electronic and optical products",STP,Sao Tome and Principe,PT_EXGR_DVA,2006,0,0
EXGR_DVA_PSH,"Domestic value added in gross exports, destination partner shares",KOR,Korea,C26,"Manufacture of computer, electronic and optical products",KOR,Korea,PT_EXGR_DVA,2008,0,0
EXGR_DVA_PSH,"Domestic value added in gross exports, destination partner shares",KOR,Korea,C26,"Manufacture of computer, electronic and optical products",LAO,Lao People’s Democratic Republic,PT_EXGR_DVA,2008,0,0
EXGR_DVA_PSH,"Domestic value added in gross exports, destination partner shares",KOR,Korea,C26,"Manufacture of computer, electronic and optical products",STP,Sao Tome and Principe,PT_EXGR_DVA,2008,0,0
EXGR_DVA_PSH,"Domestic value added in gross exports, destination partner shares",KOR,Korea,C26,"Manufacture of computer, electronic and optical products",GBR,United Kingdom,PT_EXGR_DVA,2004,2.75,0
EXGR_DVA_PSH,"Domestic value added in gross exports, destination partner shares",KOR,Korea,C26,"Manufacture of computer, electronic and optical products",COL,Colombia,PT_EXGR_DVA,2004,0.251,0
EXGR_DVA_PSH,"Domestic value added in gross exports, destination partner shares",KOR,Korea,C26,"Manufacture of computer, electronic and optical products",WXOECD,Non-OECD economies,PT_EXGR_DVA,2004,51.012,0
EXGR_DVA_PSH,"Domestic value added in gross exports, destination partner shares",KOR,Korea,C26,"Manufacture of computer, electronic and optical products",W_O,Other countries,PT_EXGR_DVA,2004,6.662,0
EXGR_DVA_PSH,"Domestic value added in gross exports, destination partner shares",KOR,Korea,C26,"Manufacture of computer, electronic and optical products",HUN,Hungary,PT_EXGR_DVA,2004,0.639,0
EXGR_DVA_PSH,"Domestic value added in gross exports, destination partner shares",KOR,Korea,C26,"Manufacture of computer, electronic and optical products",E,Europe,PT_EXGR_DVA,2004,15.964,0
EXGR_DVA_PSH,"Domestic value added in gross exports, destination partner shares",KOR,Korea,C26,"Manufacture of computer, electronic and optical products",BRA,Brazil,PT_EXGR_DVA,2004,1.606,0
EXGR_DVA_PSH,"Domestic value added in gross exports, destination partner shares",KOR,Korea,C26,"Manufacture of computer, electronic and optical products",JPN,Japan,PT_EXGR_DVA,2004,8.038,0
EXGR_DVA_PSH,"Domestic value added in gross exports, destination partner shares",KOR,Korea,C26,"Manufacture of computer, electronic and optical products",NAFTA,NAFTA,PT_EXGR_DVA,2004,23.027,0
EXGR_DVA_PSH,"Domestic value added in gross exports, destination partner shares",KOR,Korea,C26,"Manufacture of computer, electronic and optical products",FIN,Finland,PT_EXGR_DVA,2004,0.413,0
EXGR_DVA_PSH,"Domestic value added in gross exports, destination partner shares",KOR,Korea,C26,"Manufacture of computer, electronic and optical products",LTU,Lithuania,PT_EXGR_DVA,2004,0.027,0
EXGR_DVA_PSH,"Domestic value added in gross exports, destination partner shares",KOR,Korea,C26,"Manufacture of computer, electronic and optical products",EGY,Egypt,PT_EXGR_DVA,2004,0.055,0
EXGR_DVA_PSH,"Domestic value added in gross exports, destination partner shares",KOR,Korea,C26,"Manufacture of computer, electronic and optical products",AUS,Australia,PT_EXGR_DVA,2004,1.69,0
EXGR_DVA_PSH,"Domestic value added in gross exports, destination partner shares",KOR,Korea,C26,"Manufacture of computer, electronic and optical products",EU15,European Union (15 countries),PT_EXGR_DVA,2004,13.209,0
EXGR_DVA_PSH,"Domestic value added in gross exports, destination partner shares",KOR,Korea,C26,"Manufacture of computer, electronic and optical products",ARE,United Arab Emirates,PT_EXGR_DVA,2004,0.505,0
EXGR_DVA_PSH,"Domestic value added in gross exports, destination partner shares",KOR,Korea,C26,"Manufacture of computer, electronic and optical products",PAK,Pakistan,PT_EXGR_DVA,2004,0.03,0
EXGR_DVA_PSH,"Domestic value added in gross exports, destination partner shares",KOR,Korea,C26,"Manufacture of computer, electronic and optical products",MEX,Mexico,PT_EXGR_DVA,2004,3.403,0
EXGR_DVA_PSH,"Domestic value added in gross exports, destination partner shares",KOR,Korea,C26,"Manufacture of computer, electronic and optical products",PHL,Philippines,PT_EXGR_DVA,2004,0.732,0
EXGR_DVA_PSH,"Domestic value added in gross exports, destination partner shares",KOR,Korea,C26,"Manufacture of computer, electronic and optical products",S2,Eastern Asia,PT_EXGR_DVA,2004,46.078,0
EXGR_DVA_PSH,"Domestic value added in gross exports, destination partner shares",KOR,Korea,C26,"Manufacture of computer, electronic and optical products",IDN,Indonesia,PT_EXGR_DVA,2004,0.611,0
EXGR_DVA_PSH,"Domestic value added in gross exports, destination partner shares",KOR,Korea,C26,"Manufacture of computer, electronic and optical products",KAZ,Kazakhstan,PT_EXGR_DVA,2004,0.062,0
EXGR_DVA_PSH,"Domestic value added in gross exports, destination partner shares",KOR,Korea,C26,"Manufacture of computer, electronic and optical products",HKG,Hong Kong (China),PT_EXGR_DVA,2004,0.034,0
EXGR_DVA_PSH,"Domestic value added in gross exports, destination partner shares",KOR,Korea,C26,"Manufacture of computer, electronic and optical products",WXD,Rest of the world,PT_EXGR_DVA,2004,1.969,0
EXGR_DVA_PSH,"Domestic value added in gross exports, destination partner shares",KOR,Korea,C26,"Manufacture of computer, electronic and optical products",ROU,Romania,PT_EXGR_DVA,2004,0.069,0
EXGR_DVA_PSH,"Domestic value added in gross exports, destination partner shares",KOR,Korea,C26,"Manufacture of computer, electronic and optical products",ISR,Israel,PT_EXGR_DVA,2004,0.197,0
EXGR_DVA_PSH,"Domestic value added in gross exports, destination partner shares",KOR,Korea,C26,"Manufacture of computer, electronic and optical products",THA,Thailand,PT_EXGR_DVA,2004,1.55,0
EXGR_DVA_PSH,"Domestic value added in gross exports, destination partner shares",KOR,Korea,C26,"Manufacture of computer, electronic and optical products",CYP,Cyprus,PT_EXGR_DVA,2004,0.003,0
EXGR_DVA_PSH,"Domestic value added in gross exports, destination partner shares",KOR,Korea,C26,"Manufacture of computer, electronic and optical products",F,Africa,PT_EXGR_DVA,2004,0.477,0
EXGR_DVA_PSH,"Domestic value added in gross exports, destination partner shares",KOR,Korea,C26,"Manufacture of computer, electronic and optical products",ARG,Argentina,PT_EXGR_DVA,2004,0.113,0
EXGR_DVA_PSH,"Domestic value added in gross exports, destination partner shares",KOR,Korea,C26,"Manufacture of computer, electronic and optical products",CAN,Canada,PT_EXGR_DVA,2004,1.265,0
EXGR_DVA_PSH,"Domestic value added in gross exports, destination partner shares",KOR,Korea,C26,"Manufacture of computer, electronic and optical products",BGD,Bangladesh,PT_EXGR_DVA,2004,0.016,0
EXGR_DVA_PSH,"Domestic value added in gross exports, destination partner shares",KOR,Korea,C26,"Manufacture of computer, electronic and optical products",EA19,Euro area (19 countries),PT_EXGR_DVA,2004,10.3,0
EXGR_DVA_PSH,"Domestic value added in gross exports, destination partner shares",KOR,Korea,C26,"Manufacture of computer, electronic and optical products",NLD,Netherlands,PT_EXGR_DVA,2004,0.054,0
EXGR_DVA_PSH,"Domestic value added in gross exports, destination partner shares",KOR,Korea,C26,"Manufacture of computer, electronic and optical products",TWN,Chinese Taipei,PT_EXGR_DVA,2004,9.448,0
EXGR_DVA_PSH,"Domestic value added in gross exports, destination partner shares",KOR,Korea,C26,"Manufacture of computer, electronic and optical products",NOR,Norway,PT_EXGR_DVA,2004,0.135,0
EXGR_DVA_PSH,"Domestic value added in gross exports, destination partner shares",KOR,Korea,C26,"Manufacture of computer, electronic and optical products",RUS,Russia,PT_EXGR_DVA,2004,0.582,0
EXGR_DVA_PSH,"Domestic value added in gross exports, destination partner shares",KOR,Korea,C26,"Manufacture of computer, electronic and optical products",BGR,Bulgaria,PT_EXGR_DVA,2004,0.038,0
EXGR_DVA_PSH,"Domestic value added in gross exports, destination partner shares",KOR,Korea,C26,"Manufacture of computer, electronic and optical products",AUT,Austria,PT_EXGR_DVA,2004,0.337,0
EXGR_DVA_PSH,"Domestic value added in gross exports, destination partner shares",KOR,Korea,C26,"Manufacture of computer, electronic and optical products",POL,Poland,PT_EXGR_DVA,2004,0.47,0
EXGR_DVA_PSH,"Domestic value added in gross exports, destination partner shares",KOR,Korea,C26,"Manufacture of computer, electronic and optical products",MYS,Malaysia,PT_EXGR_DVA,2004,1.905,0
EXGR_DVA_PSH,"Domestic value added in gross exports, destination partner shares",KOR,Korea,C26,"Manufacture of computer, electronic and optical products",BEL,Belgium,PT_EXGR_DVA,2004,0.191,0
EXGR_DVA_PSH,"Domestic value added in gross exports, destination partner shares",KOR,Korea,C26,"Manufacture of computer, electronic and optical products",ZAF,South Africa,PT_EXGR_DVA,2004,0.28,0
EXGR_DVA_PSH,"Domestic value added in gross exports, destination partner shares",KOR,Korea,C26,"Manufacture of computer, electronic and optical products",S2_S8,Eastern and South-eastern Asia,PT_EXGR_DVA,2004,51.692,0
EXGR_DVA_PSH,"Domestic value added in gross exports, destination partner shares",KOR,Korea,C26,"Manufacture of computer, electronic and optical products",HRV,Croatia,PT_EXGR_DVA,2004,0.06,0
EXGR_DVA_PSH,"Domestic value added in gross exports, destination partner shares",KOR,Korea,C26,"Manufacture of computer, electronic and optical products",GRC,Greece,PT_EXGR_DVA,2004,0.142,0
EXGR_DVA_PSH,"Domestic value added in gross exports, destination partner shares",KOR,Korea,C26,"Manufacture of computer, electronic and optical products",A5_A7,South and Central America,PT_EXGR_DVA,2004,2.178,0
EXGR_DVA_PSH,"Domestic value added in gross exports, destination partner shares",KOR,Korea,C26,"Manufacture of computer, electronic and optical products",CHL,Chile,PT_EXGR_DVA,2004,0.102,0
EXGR_DVA_PSH,"Domestic value added in gross exports, destination partner shares",KOR,Korea,C26,"Manufacture of computer, electronic and optical products",ESP,Spain,PT_EXGR_DVA,2004,0.704,0
EXGR_DVA_PSH,"Domestic value added in gross exports, destination partner shares",KOR,Korea,C26,"Manufacture of computer, electronic and optical products",EST,Estonia,PT_EXGR_DVA,2004,0.015,0
EXGR_DVA_PSH,"Domestic value added in gross exports, destination partner shares",KOR,Korea,C26,"Manufacture of computer, electronic and optical products",CHN,China (People’s Republic of),PT_EXGR_DVA,2004,28.558,0
EXGR_DVA_PSH,"Domestic value added in gross exports, destination partner shares",KOR,Korea,C26,"Manufacture of computer, electronic and optical products",IND,India,PT_EXGR_DVA,2004,1.443,0
EXGR_DVA_PSH,"Domestic value added in gross exports, destination partner shares",KOR,Korea,C26,"Manufacture of computer, electronic and optical products",OECD,OECD,PT_EXGR_DVA,2004,48.988,0
EXGR_DVA_PSH,"Domestic value added in gross exports, destination partner shares",KOR,Korea,C26,"Manufacture of computer, electronic and optical products",AGO,Angola,PT_EXGR_DVA,2004,0.004,0
EXGR_DVA_PSH,"Domestic value added in gross exports, destination partner shares",KOR,Korea,C26,"Manufacture of computer, electronic and optical products",ITA,Italy,PT_EXGR_DVA,2004,1.691,0
EXGR_DVA_PSH,"Domestic value added in gross exports, destination partner shares",KOR,Korea,C26,"Manufacture of computer, electronic and optical products",FRA,France,PT_EXGR_DVA,2004,1.731,0
EXGR_DVA_PSH,"Domestic value added in gross exports, destination partner shares",KOR,Korea,C26,"Manufacture of computer, electronic and optical products",PER,Peru,PT_EXGR_DVA,2004,0.095,0
EXGR_DVA_PSH,"Domestic value added in gross exports, destination partner shares",KOR,Korea,C26,"Manufacture of computer, electronic and optical products",APEC,APEC,PT_EXGR_DVA,2004,77.342,0
EXGR_DVA_PSH,"Domestic value added in gross exports, destination partner shares",KOR,Korea,C26,"Manufacture of computer, electronic and optical products",USA,United States,PT_EXGR_DVA,2004,18.359,0
EXGR_DVA_PSH,"Domestic value added in gross exports, destination partner shares",KOR,Korea,C26,"Manufacture of computer, electronic and optical products",SVK,Slovak Republic,PT_EXGR_DVA,2004,0.323,0
EXGR_DVA_PSH,"Domestic value added in gross exports, destination partner shares",KOR,Korea,C26,"Manufacture of computer, electronic and optical products",SAU,Saudi Arabia,PT_EXGR_DVA,2004,0.246,0
EXGR_DVA_PSH,"Domestic value added in gross exports, destination partner shares",KOR,Korea,C26,"Manufacture of computer, electronic and optical products",NGA,Nigeria,PT_EXGR_DVA,2004,0.03,0
EXGR_DVA_PSH,"Domestic value added in gross exports, destination partner shares",KOR,Korea,C26,"Manufacture of computer, electronic and optical products",VNM,Viet Nam,PT_EXGR_DVA,2004,0.235,0
EXGR_DVA_PSH,"Domestic value added in gross exports, destination partner shares",KOR,Korea,C26,"Manufacture of computer, electronic and optical products",EU28XEU15,European Union 28 excluding European Union 15 countries,PT_EXGR_DVA,2004,1.921,0
EXGR_DVA_PSH,"Domestic value added in gross exports, destination partner shares",KOR,Korea,C26,"Manufacture of computer, electronic and optical products",IRL,Ireland,PT_EXGR_DVA,2004,0.549,0
EXGR_DVA_PSH,"Domestic value added in gross exports, destination partner shares",KOR,Korea,C26,"Manufacture of computer, electronic and optical products",NZL,New Zealand,PT_EXGR_DVA,2004,0.164,0
EXGR_DVA_PSH,"Domestic value added in gross exports, destination partner shares",KOR,Korea,C26,"Manufacture of computer, electronic and optical products",MAR,Morocco,PT_EXGR_DVA,2004,0.069,0
EXGR_DVA_PSH,"Domestic value added in gross exports, destination partner shares",KOR,Korea,C26,"Manufacture of computer, electronic and optical products",SWE,Sweden,PT_EXGR_DVA,2004,0.505,0
EXGR_DVA_PSH,"Domestic value added in gross exports, destination partner shares",KOR,Korea,C26,"Manufacture of computer, electronic and optical products",DEU,Germany,PT_EXGR_DVA,2004,3.941,0
EXGR_DVA_PSH,"Domestic value added in gross exports, destination partner shares",KOR,Korea,C26,"Manufacture of computer, electronic and optical products",ASEAN,ASEAN,PT_EXGR_DVA,2004,5.614,0
EXGR_DVA_PSH,"Domestic value added in gross exports, destination partner shares",KOR,Korea,C26,"Manufacture of computer, electronic and optical products",CZE,Czechia,PT_EXGR_DVA,2004,0.238,0
EXGR_DVA_PSH,"Domestic value added in gross exports, destination partner shares",KOR,Korea,C26,"Manufacture of computer, electronic and optical products",G20,G20,PT_EXGR_DVA,2004,81.643,0
EXGR_DVA_PSH,"Domestic value added in gross exports, destination partner shares",KOR,Korea,C26,"Manufacture of computer, electronic and optical products",SGP,Singapore,PT_EXGR_DVA,2004,0.568,0
EXGR_DVA_PSH,"Domestic value added in gross exports, destination partner shares",KOR,Korea,C26,"Manufacture of computer, electronic and optical products",EU27_2020,European Union (27 countries from 01/02/2020),PT_EXGR_DVA,2004,12.38,0
EXGR_DVA_PSH,"Domestic value added in gross exports, destination partner shares",KOR,Korea,C26,"Manufacture of computer, electronic and optical products",EU28,European Union (28 countries),PT_EXGR_DVA,2004,15.13,0
EXGR_DVA_PSH,"Domestic value added in gross exports, destination partner shares",KOR,Korea,C26,"Manufacture of computer, electronic and optical products",TUR,Türkiye,PT_EXGR_DVA,2004,0.319,0
EXGR_DVA_PSH,"Domestic value added in gross exports, destination partner shares",KOR,Korea,C26,"Manufacture of computer, electronic and optical products",CHE,Switzerland,PT_EXGR_DVA,2004,0.089,0
EXGR_DVA_PSH,"Domestic value added in gross exports, destination partner shares",KOR,Korea,C26,"Manufacture of computer, electronic and optical products",GBR,United Kingdom,PT_EXGR_DVA,2007,1.736,0
EXGR_DVA_PSH,"Domestic value added in gross exports, destination partner shares",KOR,Korea,C26,"Manufacture of computer, electronic and optical products",COL,Colombia,PT_EXGR_DVA,2007,0.15,0
EXGR_DVA_PSH,"Domestic value added in gross exports, destination partner shares",KOR,Korea,C26,"Manufacture of computer, electronic and optical products",WXOECD,Non-OECD economies,PT_EXGR_DVA,2007,57.642,0
EXGR_DVA_PSH,"Domestic value added in gross exports, destination partner shares",KOR,Korea,C26,"Manufacture of computer, electronic and optical products",W_O,Other countries,PT_EXGR_DVA,2007,4.49,0
EXGR_DVA_PSH,"Domestic value added in gross exports, destination partner shares",KOR,Korea,C26,"Manufacture of computer, electronic and optical products",HUN,Hungary,PT_EXGR_DVA,2007,1.202,0
EXGR_DVA_PSH,"Domestic value added in gross exports, destination partner shares",KOR,Korea,C26,"Manufacture of computer, electronic and optical products",E,Europe,PT_EXGR_DVA,2007,17.768,0
EXGR_DVA_PSH,"Domestic value added in gross exports, destination partner shares",KOR,Korea,C26,"Manufacture of computer, electronic and optical products",BRA,Brazil,PT_EXGR_DVA,2007,1.71,0
EXGR_DVA_PSH,"Domestic value added in gross exports, destination partner shares",KOR,Korea,C26,"Manufacture of computer, electronic and optical products",JPN,Japan,PT_EXGR_DVA,2007,6.872,0
EXGR_DVA_PSH,"Domestic value added in gross exports, destination partner shares",KOR,Korea,C26,"Manufacture of computer, electronic and optical products",NAFTA,NAFTA,PT_EXGR_DVA,2007,17.109,0
EXGR_DVA_PSH,"Domestic value added in gross exports, destination partner shares",KOR,Korea,C26,"Manufacture of computer, electronic and optical products",FIN,Finland,PT_EXGR_DVA,2007,0.678,0
EXGR_DVA_PSH,"Domestic value added in gross exports, destination partner shares",KOR,Korea,C26,"Manufacture of computer, electronic and optical products",LTU,Lithuania,PT_EXGR_DVA,2007,0.005,0
EXGR_DVA_PSH,"Domestic value added in gross exports, destination partner shares",KOR,Korea,C26,"Manufacture of computer, electronic and optical products",KHM,Cambodia,PT_EXGR_DVA,2007,0.01,0
EXGR_DVA_PSH,"Domestic value added in gross exports, destination partner shares",KOR,Korea,C26,"Manufacture of computer, electronic and optical products",EGY,Egypt,PT_EXGR_DVA,2007,0.019,0
EXGR_DVA_PSH,"Domestic value added in gross exports, destination partner shares",KOR,Korea,C26,"Manufacture of computer, electronic and optical products",AUS,Australia,PT_EXGR_DVA,2007,1.091,0
EXGR_DVA_PSH,"Domestic value added in gross exports, destination partner shares",KOR,Korea,C26,"Manufacture of computer, electronic and optical products",EU15,European Union (15 countries),PT_EXGR_DVA,2007,11.796,0
EXGR_DVA_PSH,"Domestic value added in gross exports, destination partner shares",KOR,Korea,C26,"Manufacture of computer, electronic and optical products",ARE,United Arab Emirates,PT_EXGR_DVA,2007,0.075,0
EXGR_DVA_PSH,"Domestic value added in gross exports, destination partner shares",KOR,Korea,C26,"Manufacture of computer, electronic and optical products",PAK,Pakistan,PT_EXGR_DVA,2007,0.04,0
EXGR_DVA_PSH,"Domestic value added in gross exports, destination partner shares",KOR,Korea,C26,"Manufacture of computer, electronic and optical products",MEX,Mexico,PT_EXGR_DVA,2007,6.554,0
EXGR_DVA_PSH,"Domestic value added in gross exports, destination partner shares",KOR,Korea,C26,"Manufacture of computer, electronic and optical products",PHL,Philippines,PT_EXGR_DVA,2007,0.644,0
EXGR_DVA_PSH,"Domestic value added in gross exports, destination partner shares",KOR,Korea,C26,"Manufacture of computer, electronic and optical products",S2,Eastern Asia,PT_EXGR_DVA,2007,52.454,0
EXGR_DVA_PSH,"Domestic value added in gross exports, destination partner shares",KOR,Korea,C26,"Manufacture of computer, electronic and optical products",IDN,Indonesia,PT_EXGR_DVA,2007,0.27,0
EXGR_DVA_PSH,"Domestic value added in gross exports, destination partner shares",KOR,Korea,C26,"Manufacture of computer, electronic and optical products",KAZ,Kazakhstan,PT_EXGR_DVA,2007,0.059,0
EXGR_DVA_PSH,"Domestic value added in gross exports, destination partner shares",KOR,Korea,C26,"Manufacture of computer, electronic and optical products",HKG,Hong Kong (China),PT_EXGR_DVA,2007,0.037,0
EXGR_DVA_PSH,"Domestic value added in gross exports, destination partner shares",KOR,Korea,C26,"Manufacture of computer, electronic and optical products",WXD,Rest of the world,PT_EXGR_DVA,2007,1.582,0
EXGR_DVA_PSH,"Domestic value added in gross exports, destination partner shares",KOR,Korea,C26,"Manufacture of computer, electronic and optical products",SVN,Slovenia,PT_EXGR_DVA,2007,0.029,0
EXGR_DVA_PSH,"Domestic value added in gross exports, destination partner shares",KOR,Korea,C26,"Manufacture of computer, electronic and optical products",ISR,Israel,PT_EXGR_DVA,2007,0.171,0
EXGR_DVA_PSH,"Domestic value added in gross exports, destination partner shares",KOR,Korea,C26,"Manufacture of computer, electronic and optical products",THA,Thailand,PT_EXGR_DVA,2007,0.933,0
EXGR_DVA_PSH,"Domestic value added in gross exports, destination partner shares",KOR,Korea,C26,"Manufacture of computer, electronic and optical products",PRT,Portugal,PT_EXGR_DVA,2007,0.091,0
EXGR_DVA_PSH,"Domestic value added in gross exports, destination partner shares",KOR,Korea,C26,"Manufacture of computer, electronic and optical products",F,Africa,PT_EXGR_DVA,2007,0.45,0
EXGR_DVA_PSH,"Domestic value added in gross exports, destination partner shares",KOR,Korea,C26,"Manufacture of computer, electronic and optical products",ARG,Argentina,PT_EXGR_DVA,2007,0.08,0
EXGR_DVA_PSH,"Domestic value added in gross exports, destination partner shares",KOR,Korea,C26,"Manufacture of computer, electronic and optical products",CAN,Canada,PT_EXGR_DVA,2007,0.906,0
EXGR_DVA_PSH,"Domestic value added in gross exports, destination partner shares",KOR,Korea,C26,"Manufacture of computer, electronic and optical products",BGD,Bangladesh,PT_EXGR_DVA,2007,0.018,0
EXGR_DVA_PSH,"Domestic value added in gross exports, destination partner shares",KOR,Korea,C26,"Manufacture of computer, electronic and optical products",EA19,Euro area (19 countries),PT_EXGR_DVA,2007,10.897,0
EXGR_DVA_PSH,"Domestic value added in gross exports, destination partner shares",KOR,Korea,C26,"Manufacture of computer, electronic and optical products",NLD,Netherlands,PT_EXGR_DVA,2007,0.058,0
EXGR_DVA_PSH,"Domestic value added in gross exports, destination partner shares",KOR,Korea,C26,"Manufacture of computer, electronic and optical products",TUN,Tunisia,PT_EXGR_DVA,2007,0.024,0
EXGR_DVA_PSH,"Domestic value added in gross exports, destination partner shares",KOR,Korea,C26,"Manufacture of computer, electronic and optical products",TWN,Chinese Taipei,PT_EXGR_DVA,2007,8.675,0
EXGR_DVA_PSH,"Domestic value added in gross exports, destination partner shares",KOR,Korea,C26,"Manufacture of computer, electronic and optical products",NOR,Norway,PT_EXGR_DVA,2007,0.106,0
EXGR_DVA_PSH,"Domestic value added in gross exports, destination partner shares",KOR,Korea,C26,"Manufacture of computer, electronic and optical products",RUS,Russia,PT_EXGR_DVA,2007,1.337,0
EXGR_DVA_PSH,"Domestic value added in gross exports, destination partner shares",KOR,Korea,C26,"Manufacture of computer, electronic and optical products",BGR,Bulgaria,PT_EXGR_DVA,2007,0.055,0
EXGR_DVA_PSH,"Domestic value added in gross exports, destination partner shares",KOR,Korea,C26,"Manufacture of computer, electronic and optical products",AUT,Austria,PT_EXGR_DVA,2007,0.17,0
EXGR_DVA_PSH,"Domestic value added in gross exports, destination partner shares",KOR,Korea,C26,"Manufacture of computer, electronic and optical products",LVA,Latvia,PT_EXGR_DVA,2007,0.011,0
EXGR_DVA_PSH,"Domestic value added in gross exports, destination partner shares",KOR,Korea,C26,"Manufacture of computer, electronic and optical products",POL,Poland,PT_EXGR_DVA,2007,1.64,0
EXGR_DVA_PSH,"Domestic value added in gross exports, destination partner shares",KOR,Korea,C26,"Manufacture of computer, electronic and optical products",MYS,Malaysia,PT_EXGR_DVA,2007,2.08,0
EXGR_DVA_PSH,"Domestic value added in gross exports, destination partner shares",KOR,Korea,C26,"Manufacture of computer, electronic and optical products",CRI,Costa Rica,PT_EXGR_DVA,2007,0.019,0
EXGR_DVA_PSH,"Domestic value added in gross exports, destination partner shares",KOR,Korea,C26,"Manufacture of computer, electronic and optical products",ZAF,South Africa,PT_EXGR_DVA,2007,0.286,0
EXGR_DVA_PSH,"Domestic value added in gross exports, destination partner shares",KOR,Korea,C26,"Manufacture of computer, electronic and optical products",S2_S8,Eastern and South-eastern Asia,PT_EXGR_DVA,2007,57.971,0
EXGR_DVA_PSH,"Domestic value added in gross exports, destination partner shares",KOR,Korea,C26,"Manufacture of computer, electronic and optical products",HRV,Croatia,PT_EXGR_DVA,2007,0.059,0
EXGR_DVA_PSH,"Domestic value added in gross exports, destination partner shares",KOR,Korea,C26,"Manufacture of computer, electronic and optical products",GRC,Greece,PT_EXGR_DVA,2007,0.106,0
EXGR_DVA_PSH,"Domestic value added in gross exports, destination partner shares",KOR,Korea,C26,"Manufacture of computer, electronic and optical products",A5_A7,South and Central America,PT_EXGR_DVA,2007,2.211,0
EXGR_DVA_PSH,"Domestic value added in gross exports, destination partner shares",KOR,Korea,C26,"Manufacture of computer, electronic and optical products",CHL,Chile,PT_EXGR_DVA,2007,0.166,0
EXGR_DVA_PSH,"Domestic value added in gross exports, destination partner shares",KOR,Korea,C26,"Manufacture of computer, electronic and optical products",ESP,Spain,PT_EXGR_DVA,2007,1.316,0
EXGR_DVA_PSH,"Domestic value added in gross exports, destination partner shares",KOR,Korea,C26,"Manufacture of computer, electronic and optical products",EST,Estonia,PT_EXGR_DVA,2007,0.011,0
EXGR_DVA_PSH,"Domestic value added in gross exports, destination partner shares",KOR,Korea,C26,"Manufacture of computer, electronic and optical products",CHN,China (People’s Republic of),PT_EXGR_DVA,2007,36.869,0
EXGR_DVA_PSH,"Domestic value added in gross exports, destination partner shares",KOR,Korea,C26,"Manufacture of computer, electronic and optical products",IND,India,PT_EXGR_DVA,2007,0.676,0
EXGR_DVA_PSH,"Domestic value added in gross exports, destination partner shares",KOR,Korea,C26,"Manufacture of computer, electronic and optical products",OECD,OECD,PT_EXGR_DVA,2007,42.358,0
EXGR_DVA_PSH,"Domestic value added in gross exports, destination partner shares",KOR,Korea,C26,"Manufacture of computer, electronic and optical products",AGO,Angola,PT_EXGR_DVA,2007,0.012,0
EXGR_DVA_PSH,"Domestic value added in gross exports, destination partner shares",KOR,Korea,C26,"Manufacture of computer, electronic and optical products",ITA,Italy,PT_EXGR_DVA,2007,0.972,0
EXGR_DVA_PSH,"Domestic value added in gross exports, destination partner shares",KOR,Korea,C26,"Manufacture of computer, electronic and optical products",FRA,France,PT_EXGR_DVA,2007,2.265,0
EXGR_DVA_PSH,"Domestic value added in gross exports, destination partner shares",KOR,Korea,C26,"Manufacture of computer, electronic and optical products",PER,Peru,PT_EXGR_DVA,2007,0.088,0
EXGR_DVA_PSH,"Domestic value added in gross exports, destination partner shares",KOR,Korea,C26,"Manufacture of computer, electronic and optical products",APEC,APEC,PT_EXGR_DVA,2007,77.849,0
EXGR_DVA_PSH,"Domestic value added in gross exports, destination partner shares",KOR,Korea,C26,"Manufacture of computer, electronic and optical products",USA,United States,PT_EXGR_DVA,2007,9.65,0
EXGR_DVA_PSH,"Domestic value added in gross exports, destination partner shares",KOR,Korea,C26,"Manufacture of computer, electronic and optical products",SVK,Slovak Republic,PT_EXGR_DVA,2007,1.002,0
EXGR_DVA_PSH,"Domestic value added in gross exports, destination partner shares",KOR,Korea,C26,"Manufacture of computer, electronic and optical products",MLT,Malta,PT_EXGR_DVA,2007,0.009,0
EXGR_DVA_PSH,"Domestic value added in gross exports, destination partner shares",KOR,Korea,C26,"Manufacture of computer, electronic and optical products",SAU,Saudi Arabia,PT_EXGR_DVA,2007,0.187,0
EXGR_DVA_PSH,"Domestic value added in gross exports, destination partner shares",KOR,Korea,C26,"Manufacture of computer, electronic and optical products",NGA,Nigeria,PT_EXGR_DVA,2007,0.021,0
EXGR_DVA_PSH,"Domestic value added in gross exports, destination partner shares",KOR,Korea,C26,"Manufacture of computer, electronic and optical products",BLR,Belarus,PT_EXGR_DVA,2007,0.015,0
EXGR_DVA_PSH,"Domestic value added in gross exports, destination partner shares",KOR,Korea,C26,"Manufacture of computer, electronic and optical products",VNM,Viet Nam,PT_EXGR_DVA,2007,0.284,0
EXGR_DVA_PSH,"Domestic value added in gross exports, destination partner shares",KOR,Korea,C26,"Manufacture of computer, electronic and optical products",EU28XEU15,European Union 28 excluding European Union 15 countries,PT_EXGR_DVA,2007,4.416,0
EXGR_DVA_PSH,"Domestic value added in gross exports, destination partner shares",KOR,Korea,C26,"Manufacture of computer, electronic and optical products",IRL,Ireland,PT_EXGR_DVA,2007,0.279,0
EXGR_DVA_PSH,"Domestic value added in gross exports, destination partner shares",KOR,Korea,C26,"Manufacture of computer, electronic and optical products",ISL,Iceland,PT_EXGR_DVA,2007,0.006,0
EXGR_DVA_PSH,"Domestic value added in gross exports, destination partner shares",KOR,Korea,C26,"Manufacture of computer, electronic and optical products",NZL,New Zealand,PT_EXGR_DVA,2007,0.1,0
EXGR_DVA_PSH,"Domestic value added in gross exports, destination partner shares",KOR,Korea,C26,"Manufacture of computer, electronic and optical products",CIV,Côte d’Ivoire,PT_EXGR_DVA,2007,0.002,0
EXGR_DVA_PSH,"Domestic value added in gross exports, destination partner shares",KOR,Korea,C26,"Manufacture of computer, electronic and optical products",MAR,Morocco,PT_EXGR_DVA,2007,0.082,0
EXGR_DVA_PSH,"Domestic value added in gross exports, destination partner shares",KOR,Korea,C26,"Manufacture of computer, electronic and optical products",SWE,Sweden,PT_EXGR_DVA,2007,0.196,0
EXGR_DVA_PSH,"Domestic value added in gross exports, destination partner shares",KOR,Korea,C26,"Manufacture of computer, electronic and optical products",DEU,Germany,PT_EXGR_DVA,2007,3.821,0
EXGR_DVA_PSH,"Domestic value added in gross exports, destination partner shares",KOR,Korea,C26,"Manufacture of computer, electronic and optical products",ASEAN,ASEAN,PT_EXGR_DVA,2007,5.517,0
EXGR_DVA_PSH,"Domestic value added in gross exports, destination partner shares",KOR,Korea,C26,"Manufacture of computer, electronic and optical products",CZE,Czechia,PT_EXGR_DVA,2007,0.312,0
EXGR_DVA_PSH,"Domestic value added in gross exports, destination partner shares",KOR,Korea,C26,"Manufacture of computer, electronic and optical products",G20,G20,PT_EXGR_DVA,2007,83.179,0
EXGR_DVA_PSH,"Domestic value added in gross exports, destination partner shares",KOR,Korea,C26,"Manufacture of computer, electronic and optical products",SGP,Singapore,PT_EXGR_DVA,2007,1.294,0
EXGR_DVA_PSH,"Domestic value added in gross exports, destination partner shares",KOR,Korea,C26,"Manufacture of computer, electronic and optical products",EU27_2020,European Union (27 countries from 01/02/2020),PT_EXGR_DVA,2007,14.476,0
EXGR_DVA_PSH,"Domestic value added in gross exports, destination partner shares",KOR,Korea,C26,"Manufacture of computer, electronic and optical products",EU28,European Union (28 countries),PT_EXGR_DVA,2007,16.212,0
EXGR_DVA_PSH,"Domestic value added in gross exports, destination partner shares",KOR,Korea,C26,"Manufacture of computer, electronic and optical products",TUR,Türkiye,PT_EXGR_DVA,2007,0.482,0
EXGR_DVA_PSH,"Domestic value added in gross exports, destination partner shares",KOR,Korea,C26,"Manufacture of computer, electronic and optical products",UKR,Ukraine,PT_EXGR_DVA,2007,0.016,0
EXGR_DVA_PSH,"Domestic value added in gross exports, destination partner shares",KOR,Korea,C26,"Manufacture of computer, electronic and optical products",DNK,Denmark,PT_EXGR_DVA,2007,0.041,0
EXGR_DVA_PSH,"Domestic value added in gross exports, destination partner shares",KOR,Korea,C26,"Manufacture of computer, electronic and optical products",CHE,Switzerland,PT_EXGR_DVA,2007,0.077,0
EXGR_DVA_PSH,"Domestic value added in gross exports, destination partner shares",KOR,Korea,C26,"Manufacture of computer, electronic and optical products",JOR,Jordan,PT_EXGR_DVA,2007,0.011,0
EXGR_DVA_PSH,"Domestic value added in gross exports, destination partner shares",KOR,Korea,C26,"Manufacture of computer, electronic and optical products",CYP,Cyprus,PT_EXGR_DVA,2007,0.006,0
EXGR_DVA_PSH,"Domestic value added in gross exports, destination partner shares",KOR,Korea,C26,"Manufacture of computer, electronic and optical products",ISL,Iceland,PT_EXGR_DVA,2004,0.007,0
EXGR_DVA_PSH,"Domestic value added in gross exports, destination partner shares",KOR,Korea,C26,"Manufacture of computer, electronic and optical products",MMR,Myanmar,PT_EXGR_DVA,2004,0.008,0
EXGR_DVA_PSH,"Domestic value added in gross exports, destination partner shares",KOR,Korea,C26,"Manufacture of computer, electronic and optical products",LVA,Latvia,PT_EXGR_DVA,2004,0.01,0
EXGR_DVA_PSH,"Domestic value added in gross exports, destination partner shares",KOR,Korea,C26,"Manufacture of computer, electronic and optical products",BLR,Belarus,PT_EXGR_DVA,2004,0.014,0
EXGR_DVA_PSH,"Domestic value added in gross exports, destination partner shares",KOR,Korea,C26,"Manufacture of computer, electronic and optical products",UKR,Ukraine,PT_EXGR_DVA,2004,0.006,0
EXGR_DVA_PSH,"Domestic value added in gross exports, destination partner shares",KOR,Korea,C26,"Manufacture of computer, electronic and optical products",BRN,Brunei Darussalam,PT_EXGR_DVA,2004,0.003,0
EXGR_DVA_PSH,"Domestic value added in gross exports, destination partner shares",KOR,Korea,C26,"Manufacture of computer, electronic and optical products",COD,Democratic Republic of the Congo,PT_EXGR_DVA,2007,0.002,0
EXGR_DVA_PSH,"Domestic value added in gross exports, destination partner shares",KOR,Korea,C26,"Manufacture of computer, electronic and optical products",MMR,Myanmar,PT_EXGR_DVA,2007,0.002,0
EXGR_DVA_PSH,"Domestic value added in gross exports, destination partner shares",KOR,Korea,C26,"Manufacture of computer, electronic and optical products",CIV,Côte d’Ivoire,PT_EXGR_DVA,2004,0.002,0
EXGR_DVA_PSH,"Domestic value added in gross exports, destination partner shares",KOR,Korea,C26,"Manufacture of computer, electronic and optical products",COD,Democratic Republic of the Congo,PT_EXGR_DVA,2004,0.002,0
EXGR_DVA_PSH,"Domestic value added in gross exports, destination partner shares",KOR,Korea,C26,"Manufacture of computer, electronic and optical products",KHM,Cambodia,PT_EXGR_DVA,2004,0.002,0
EXGR_DVA_PSH,"Domestic value added in gross exports, destination partner shares",KOR,Korea,C26,"Manufacture of computer, electronic and optical products",LUX,Luxembourg,PT_EXGR_DVA,2007,0.001,0
EXGR_DVA_PSH,"Domestic value added in gross exports, destination partner shares",KOR,Korea,C26,"Manufacture of computer, electronic and optical products",CMR,Cameroon,PT_EXGR_DVA,2007,0.001,0
EXGR_DVA_PSH,"Domestic value added in gross exports, destination partner shares",KOR,Korea,C26,"Manufacture of computer, electronic and optical products",BRN,Brunei Darussalam,PT_EXGR_DVA,2007,0.001,0
EXGR_DVA_PSH,"Domestic value added in gross exports, destination partner shares",KOR,Korea,C26,"Manufacture of computer, electronic and optical products",LUX,Luxembourg,PT_EXGR_DVA,2004,0.001,0
EXGR_DVA_PSH,"Domestic value added in gross exports, destination partner shares",KOR,Korea,C26,"Manufacture of computer, electronic and optical products",MLT,Malta,PT_EXGR_DVA,2004,0.001,0
EXGR_DVA_PSH,"Domestic value added in gross exports, destination partner shares",KOR,Korea,C26,"Manufacture of computer, electronic and optical products",CMR,Cameroon,PT_EXGR_DVA,2004,0.001,0
EXGR_DVA_PSH,"Domestic value added in gross exports, destination partner shares",KOR,Korea,C26,"Manufacture of computer, electronic and optical products",SEN,Senegal,PT_EXGR_DVA,2004,0.001,0
EXGR_DVA_PSH,"Domestic value added in gross exports, destination partner shares",KOR,Korea,C26,"Manufacture of computer, electronic and optical products",ROU,Romania,PT_EXGR_DVA,2007,0.073,0
EXGR_DVA_PSH,"Domestic value added in gross exports, destination partner shares",KOR,Korea,C26,"Manufacture of computer, electronic and optical products",BEL,Belgium,PT_EXGR_DVA,2007,0.068,0
EXGR_DVA_PSH,"Domestic value added in gross exports, destination partner shares",KOR,Korea,C26,"Manufacture of computer, electronic and optical products",CRI,Costa Rica,PT_EXGR_DVA,2004,0.01,0
EXGR_DVA_PSH,"Domestic value added in gross exports, destination partner shares",KOR,Korea,C26,"Manufacture of computer, electronic and optical products",JOR,Jordan,PT_EXGR_DVA,2004,0.022,0
EXGR_DVA_PSH,"Domestic value added in gross exports, destination partner shares",KOR,Korea,C26,"Manufacture of computer, electronic and optical products",SVN,Slovenia,PT_EXGR_DVA,2004,0.029,0
EXGR_DVA_PSH,"Domestic value added in gross exports, destination partner shares",KOR,Korea,C26,"Manufacture of computer, electronic and optical products",TUN,Tunisia,PT_EXGR_DVA,2004,0.034,0
EXGR_DVA_PSH,"Domestic value added in gross exports, destination partner shares",KOR,Korea,C26,"Manufacture of computer, electronic and optical products",PRT,Portugal,PT_EXGR_DVA,2004,0.138,0
EXGR_DVA_PSH,"Domestic value added in gross exports, destination partner shares",KOR,Korea,C26,"Manufacture of computer, electronic and optical products",DNK,Denmark,PT_EXGR_DVA,2004,0.062,0
EXGR_DVA_PSH,"Domestic value added in gross exports, destination partner shares",KOR,Korea,C26,"Manufacture of computer, electronic and optical products",W,World,PT_EXGR_DVA,2007,100,0
EXGR_DVA_PSH,"Domestic value added in gross exports, destination partner shares",KOR,Korea,C26,"Manufacture of computer, electronic and optical products",W,World,PT_EXGR_DVA,2004,100,0
EXGR_DVA_PSH,"Domestic value added in gross exports, destination partner shares",KOR,Korea,C26,"Manufacture of computer, electronic and optical products",SEN,Senegal,PT_EXGR_DVA,2007,0,0
EXGR_DVA_PSH,"Domestic value added in gross exports, destination partner shares",KOR,Korea,C26,"Manufacture of computer, electronic and optical products",KOR,Korea,PT_EXGR_DVA,2007,0,0
EXGR_DVA_PSH,"Domestic value added in gross exports, destination partner shares",KOR,Korea,C26,"Manufacture of computer, electronic and optical products",LAO,Lao People’s Democratic Republic,PT_EXGR_DVA,2007,0,0
EXGR_DVA_PSH,"Domestic value added in gross exports, destination partner shares",KOR,Korea,C26,"Manufacture of computer, electronic and optical products",STP,Sao Tome and Principe,PT_EXGR_DVA,2007,0,0
EXGR_DVA_PSH,"Domestic value added in gross exports, destination partner shares",KOR,Korea,C26,"Manufacture of computer, electronic and optical products",KOR,Korea,PT_EXGR_DVA,2004,0,0
EXGR_DVA_PSH,"Domestic value added in gross exports, destination partner shares",KOR,Korea,C26,"Manufacture of computer, electronic and optical products",LAO,Lao People’s Democratic Republic,PT_EXGR_DVA,2004,0,0
EXGR_DVA_PSH,"Domestic value added in gross exports, destination partner shares",KOR,Korea,C26,"Manufacture of computer, electronic and optical products",STP,Sao Tome and Principe,PT_EXGR_DVA,2004,0,0
EXGR_DVA_PSH,"Domestic value added in gross exports, destination partner shares",KOR,Korea,C26,"Manufacture of computer, electronic and optical products",GBR,United Kingdom,PT_EXGR_DVA,2005,2.733,0
EXGR_DVA_PSH,"Domestic value added in gross exports, destination partner shares",KOR,Korea,C26,"Manufacture of computer, electronic and optical products",COL,Colombia,PT_EXGR_DVA,2005,0.17,0
EXGR_DVA_PSH,"Domestic value added in gross exports, destination partner shares",KOR,Korea,C26,"Manufacture of computer, electronic and optical products",WXOECD,Non-OECD economies,PT_EXGR_DVA,2005,55.589,0
EXGR_DVA_PSH,"Domestic value added in gross exports, destination partner shares",KOR,Korea,C26,"Manufacture of computer, electronic and optical products",W_O,Other countries,PT_EXGR_DVA,2005,6.082,0
EXGR_DVA_PSH,"Domestic value added in gross exports, destination partner shares",KOR,Korea,C26,"Manufacture of computer, electronic and optical products",HUN,Hungary,PT_EXGR_DVA,2005,0.77,0
EXGR_DVA_PSH,"Domestic value added in gross exports, destination partner shares",KOR,Korea,C26,"Manufacture of computer, electronic and optical products",E,Europe,PT_EXGR_DVA,2005,18.118,0
EXGR_DVA_PSH,"Domestic value added in gross exports, destination partner shares",KOR,Korea,C26,"Manufacture of computer, electronic and optical products",BRA,Brazil,PT_EXGR_DVA,2005,1.817,0
EXGR_DVA_PSH,"Domestic value added in gross exports, destination partner shares",KOR,Korea,C26,"Manufacture of computer, electronic and optical products",JPN,Japan,PT_EXGR_DVA,2005,7.336,0
EXGR_DVA_PSH,"Domestic value added in gross exports, destination partner shares",KOR,Korea,C26,"Manufacture of computer, electronic and optical products",NAFTA,NAFTA,PT_EXGR_DVA,2005,17.923,0
EXGR_DVA_PSH,"Domestic value added in gross exports, destination partner shares",KOR,Korea,C26,"Manufacture of computer, electronic and optical products",FIN,Finland,PT_EXGR_DVA,2005,0.543,0
EXGR_DVA_PSH,"Domestic value added in gross exports, destination partner shares",KOR,Korea,C26,"Manufacture of computer, electronic and optical products",LTU,Lithuania,PT_EXGR_DVA,2005,0.034,0
EXGR_DVA_PSH,"Domestic value added in gross exports, destination partner shares",KOR,Korea,C26,"Manufacture of computer, electronic and optical products",AUS,Australia,PT_EXGR_DVA,2005,1.443,0
EXGR_DVA_PSH,"Domestic value added in gross exports, destination partner shares",KOR,Korea,C26,"Manufacture of computer, electronic and optical products",EU15,European Union (15 countries),PT_EXGR_DVA,2005,14.01,0
EXGR_DVA_PSH,"Domestic value added in gross exports, destination partner shares",KOR,Korea,C26,"Manufacture of computer, electronic and optical products",ARE,United Arab Emirates,PT_EXGR_DVA,2005,0.115,0
EXGR_DVA_PSH,"Domestic value added in gross exports, destination partner shares",KOR,Korea,C26,"Manufacture of computer, electronic and optical products",PAK,Pakistan,PT_EXGR_DVA,2005,0.051,0
EXGR_DVA_PSH,"Domestic value added in gross exports, destination partner shares",KOR,Korea,C26,"Manufacture of computer, electronic and optical products",MEX,Mexico,PT_EXGR_DVA,2005,3.773,0
EXGR_DVA_PSH,"Domestic value added in gross exports, destination partner shares",KOR,Korea,C26,"Manufacture of computer, electronic and optical products",PHL,Philippines,PT_EXGR_DVA,2005,0.51,0
EXGR_DVA_PSH,"Domestic value added in gross exports, destination partner shares",KOR,Korea,C26,"Manufacture of computer, electronic and optical products",S2,Eastern Asia,PT_EXGR_DVA,2005,50.163,0
EXGR_DVA_PSH,"Domestic value added in gross exports, destination partner shares",KOR,Korea,C26,"Manufacture of computer, electronic and optical products",IDN,Indonesia,PT_EXGR_DVA,2005,0.341,0
EXGR_DVA_PSH,"Domestic value added in gross exports, destination partner shares",KOR,Korea,C26,"Manufacture of computer, electronic and optical products",KAZ,Kazakhstan,PT_EXGR_DVA,2005,0.024,0
EXGR_DVA_PSH,"Domestic value added in gross exports, destination partner shares",KOR,Korea,C26,"Manufacture of computer, electronic and optical products",HKG,Hong Kong (China),PT_EXGR_DVA,2005,0.047,0
EXGR_DVA_PSH,"Domestic value added in gross exports, destination partner shares",KOR,Korea,C26,"Manufacture of computer, electronic and optical products",WXD,Rest of the world,PT_EXGR_DVA,2005,1.707,0
EXGR_DVA_PSH,"Domestic value added in gross exports, destination partner shares",KOR,Korea,C26,"Manufacture of computer, electronic and optical products",ROU,Romania,PT_EXGR_DVA,2005,0.086,0
EXGR_DVA_PSH,"Domestic value added in gross exports, destination partner shares",KOR,Korea,C26,"Manufacture of computer, electronic and optical products",ISR,Israel,PT_EXGR_DVA,2005,0.205,0
EXGR_DVA_PSH,"Domestic value added in gross exports, destination partner shares",KOR,Korea,C26,"Manufacture of computer, electronic and optical products",THA,Thailand,PT_EXGR_DVA,2005,1.278,0
EXGR_DVA_PSH,"Domestic value added in gross exports, destination partner shares",KOR,Korea,C26,"Manufacture of computer, electronic and optical products",PRT,Portugal,PT_EXGR_DVA,2005,0.171,0
EXGR_DVA_PSH,"Domestic value added in gross exports, destination partner shares",KOR,Korea,C26,"Manufacture of computer, electronic and optical products",CYP,Cyprus,PT_EXGR_DVA,2005,0.002,0
EXGR_DVA_PSH,"Domestic value added in gross exports, destination partner shares",KOR,Korea,C26,"Manufacture of computer, electronic and optical products",F,Africa,PT_EXGR_DVA,2005,0.602,0
EXGR_DVA_PSH,"Domestic value added in gross exports, destination partner shares",KOR,Korea,C26,"Manufacture of computer, electronic and optical products",ARG,Argentina,PT_EXGR_DVA,2005,0.064,0
EXGR_DVA_PSH,"Domestic value added in gross exports, destination partner shares",KOR,Korea,C26,"Manufacture of computer, electronic and optical products",CAN,Canada,PT_EXGR_DVA,2005,1.087,0
EXGR_DVA_PSH,"Domestic value added in gross exports, destination partner shares",KOR,Korea,C26,"Manufacture of computer, electronic and optical products",BGD,Bangladesh,PT_EXGR_DVA,2005,0.037,0
EXGR_DVA_PSH,"Domestic value added in gross exports, destination partner shares",KOR,Korea,C26,"Manufacture of computer, electronic and optical products",EA19,Euro area (19 countries),PT_EXGR_DVA,2005,11.407,0
EXGR_DVA_PSH,"Domestic value added in gross exports, destination partner shares",KOR,Korea,C26,"Manufacture of computer, electronic and optical products",NLD,Netherlands,PT_EXGR_DVA,2005,0.095,0
EXGR_DVA_PSH,"Domestic value added in gross exports, destination partner shares",KOR,Korea,C26,"Manufacture of computer, electronic and optical products",TWN,Chinese Taipei,PT_EXGR_DVA,2005,9.754,0
EXGR_DVA_PSH,"Domestic value added in gross exports, destination partner shares",KOR,Korea,C26,"Manufacture of computer, electronic and optical products",NOR,Norway,PT_EXGR_DVA,2005,0.177,0
EXGR_DVA_PSH,"Domestic value added in gross exports, destination partner shares",KOR,Korea,C26,"Manufacture of computer, electronic and optical products",RUS,Russia,PT_EXGR_DVA,2005,1.264,0
EXGR_DVA_PSH,"Domestic value added in gross exports, destination partner shares",KOR,Korea,C26,"Manufacture of computer, electronic and optical products",BGR,Bulgaria,PT_EXGR_DVA,2005,0.04,0
EXGR_DVA_PSH,"Domestic value added in gross exports, destination partner shares",KOR,Korea,C26,"Manufacture of computer, electronic and optical products",AUT,Austria,PT_EXGR_DVA,2005,0.311,0
EXGR_DVA_PSH,"Domestic value added in gross exports, destination partner shares",KOR,Korea,C26,"Manufacture of computer, electronic and optical products",POL,Poland,PT_EXGR_DVA,2005,0.661,0
EXGR_DVA_PSH,"Domestic value added in gross exports, destination partner shares",KOR,Korea,C26,"Manufacture of computer, electronic and optical products",MYS,Malaysia,PT_EXGR_DVA,2005,1.764,0
EXGR_DVA_PSH,"Domestic value added in gross exports, destination partner shares",KOR,Korea,C26,"Manufacture of computer, electronic and optical products",BEL,Belgium,PT_EXGR_DVA,2005,0.117,0
EXGR_DVA_PSH,"Domestic value added in gross exports, destination partner shares",KOR,Korea,C26,"Manufacture of computer, electronic and optical products",ZAF,South Africa,PT_EXGR_DVA,2005,0.415,0
EXGR_DVA_PSH,"Domestic value added in gross exports, destination partner shares",KOR,Korea,C26,"Manufacture of computer, electronic and optical products",S2_S8,Eastern and South-eastern Asia,PT_EXGR_DVA,2005,54.983,0
EXGR_DVA_PSH,"Domestic value added in gross exports, destination partner shares",KOR,Korea,C26,"Manufacture of computer, electronic and optical products",HRV,Croatia,PT_EXGR_DVA,2005,0.064,0
EXGR_DVA_PSH,"Domestic value added in gross exports, destination partner shares",KOR,Korea,C26,"Manufacture of computer, electronic and optical products",GRC,Greece,PT_EXGR_DVA,2005,0.122,0
EXGR_DVA_PSH,"Domestic value added in gross exports, destination partner shares",KOR,Korea,C26,"Manufacture of computer, electronic and optical products",A5_A7,South and Central America,PT_EXGR_DVA,2005,2.292,0
EXGR_DVA_PSH,"Domestic value added in gross exports, destination partner shares",KOR,Korea,C26,"Manufacture of computer, electronic and optical products",CHL,Chile,PT_EXGR_DVA,2005,0.155,0
EXGR_DVA_PSH,"Domestic value added in gross exports, destination partner shares",KOR,Korea,C26,"Manufacture of computer, electronic and optical products",ESP,Spain,PT_EXGR_DVA,2005,0.898,0
EXGR_DVA_PSH,"Domestic value added in gross exports, destination partner shares",KOR,Korea,C26,"Manufacture of computer, electronic and optical products",EST,Estonia,PT_EXGR_DVA,2005,0.014,0
EXGR_DVA_PSH,"Domestic value added in gross exports, destination partner shares",KOR,Korea,C26,"Manufacture of computer, electronic and optical products",CHN,China (People’s Republic of),PT_EXGR_DVA,2005,33.026,0
EXGR_DVA_PSH,"Domestic value added in gross exports, destination partner shares",KOR,Korea,C26,"Manufacture of computer, electronic and optical products",IND,India,PT_EXGR_DVA,2005,1.778,0
EXGR_DVA_PSH,"Domestic value added in gross exports, destination partner shares",KOR,Korea,C26,"Manufacture of computer, electronic and optical products",OECD,OECD,PT_EXGR_DVA,2005,44.411,0
EXGR_DVA_PSH,"Domestic value added in gross exports, destination partner shares",KOR,Korea,C26,"Manufacture of computer, electronic and optical products",ITA,Italy,PT_EXGR_DVA,2005,2.409,0
EXGR_DVA_PSH,"Domestic value added in gross exports, destination partner shares",KOR,Korea,C26,"Manufacture of computer, electronic and optical products",FRA,France,PT_EXGR_DVA,2005,1.968,0
EXGR_DVA_PSH,"Domestic value added in gross exports, destination partner shares",KOR,Korea,C26,"Manufacture of computer, electronic and optical products",PER,Peru,PT_EXGR_DVA,2005,0.071,0
EXGR_DVA_PSH,"Domestic value added in gross exports, destination partner shares",KOR,Korea,C26,"Manufacture of computer, electronic and optical products",APEC,APEC,PT_EXGR_DVA,2005,75.982,0
EXGR_DVA_PSH,"Domestic value added in gross exports, destination partner shares",KOR,Korea,C26,"Manufacture of computer, electronic and optical products",USA,United States,PT_EXGR_DVA,2005,13.063,0
EXGR_DVA_PSH,"Domestic value added in gross exports, destination partner shares",KOR,Korea,C26,"Manufacture of computer, electronic and optical products",SVK,Slovak Republic,PT_EXGR_DVA,2005,0.578,0
EXGR_DVA_PSH,"Domestic value added in gross exports, destination partner shares",KOR,Korea,C26,"Manufacture of computer, electronic and optical products",NGA,Nigeria,PT_EXGR_DVA,2005,0.037,0
EXGR_DVA_PSH,"Domestic value added in gross exports, destination partner shares",KOR,Korea,C26,"Manufacture of computer, electronic and optical products",VNM,Viet Nam,PT_EXGR_DVA,2005,0.298,0
EXGR_DVA_PSH,"Domestic value added in gross exports, destination partner shares",KOR,Korea,C26,"Manufacture of computer, electronic and optical products",EU28XEU15,European Union 28 excluding European Union 15 countries,PT_EXGR_DVA,2005,2.529,0
EXGR_DVA_PSH,"Domestic value added in gross exports, destination partner shares",KOR,Korea,C26,"Manufacture of computer, electronic and optical products",IRL,Ireland,PT_EXGR_DVA,2005,0.431,0
EXGR_DVA_PSH,"Domestic value added in gross exports, destination partner shares",KOR,Korea,C26,"Manufacture of computer, electronic and optical products",NZL,New Zealand,PT_EXGR_DVA,2005,0.15,0
EXGR_DVA_PSH,"Domestic value added in gross exports, destination partner shares",KOR,Korea,C26,"Manufacture of computer, electronic and optical products",MAR,Morocco,PT_EXGR_DVA,2005,0.065,0
EXGR_DVA_PSH,"Domestic value added in gross exports, destination partner shares",KOR,Korea,C26,"Manufacture of computer, electronic and optical products",SWE,Sweden,PT_EXGR_DVA,2005,0.498,0
EXGR_DVA_PSH,"Domestic value added in gross exports, destination partner shares",KOR,Korea,C26,"Manufacture of computer, electronic and optical products",DEU,Germany,PT_EXGR_DVA,2005,3.656,0
EXGR_DVA_PSH,"Domestic value added in gross exports, destination partner shares",KOR,Korea,C26,"Manufacture of computer, electronic and optical products",ASEAN,ASEAN,PT_EXGR_DVA,2005,4.82,0
EXGR_DVA_PSH,"Domestic value added in gross exports, destination partner shares",KOR,Korea,C26,"Manufacture of computer, electronic and optical products",CZE,Czechia,PT_EXGR_DVA,2005,0.227,0
EXGR_DVA_PSH,"Domestic value added in gross exports, destination partner shares",KOR,Korea,C26,"Manufacture of computer, electronic and optical products",G20,G20,PT_EXGR_DVA,2005,82.495,0
EXGR_DVA_PSH,"Domestic value added in gross exports, destination partner shares",KOR,Korea,C26,"Manufacture of computer, electronic and optical products",SGP,Singapore,PT_EXGR_DVA,2005,0.62,0
EXGR_DVA_PSH,"Domestic value added in gross exports, destination partner shares",KOR,Korea,C26,"Manufacture of computer, electronic and optical products",EU27_2020,European Union (27 countries from 01/02/2020),PT_EXGR_DVA,2005,13.806,0
EXGR_DVA_PSH,"Domestic value added in gross exports, destination partner shares",KOR,Korea,C26,"Manufacture of computer, electronic and optical products",EU28,European Union (28 countries),PT_EXGR_DVA,2005,16.539,0
EXGR_DVA_PSH,"Domestic value added in gross exports, destination partner shares",KOR,Korea,C26,"Manufacture of computer, electronic and optical products",TUR,Türkiye,PT_EXGR_DVA,2005,0.373,0
EXGR_DVA_PSH,"Domestic value added in gross exports, destination partner shares",KOR,Korea,C26,"Manufacture of computer, electronic and optical products",JOR,Jordan,PT_EXGR_DVA,2005,0.021,0
EXGR_DVA_PSH,"Domestic value added in gross exports, destination partner shares",KOR,Korea,C26,"Manufacture of computer, electronic and optical products",CRI,Costa Rica,PT_EXGR_DVA,2005,0.014,0
EXGR_DVA_PSH,"Domestic value added in gross exports, destination partner shares",KOR,Korea,C26,"Manufacture of computer, electronic and optical products",UKR,Ukraine,PT_EXGR_DVA,2005,0.011,0
EXGR_DVA_PSH,"Domestic value added in gross exports, destination partner shares",KOR,Korea,C26,"Manufacture of computer, electronic and optical products",ISL,Iceland,PT_EXGR_DVA,2005,0.008,0
EXGR_DVA_PSH,"Domestic value added in gross exports, destination partner shares",KOR,Korea,C26,"Manufacture of computer, electronic and optical products",AGO,Angola,PT_EXGR_DVA,2005,0.007,0
EXGR_DVA_PSH,"Domestic value added in gross exports, destination partner shares",KOR,Korea,C26,"Manufacture of computer, electronic and optical products",BLR,Belarus,PT_EXGR_DVA,2005,0.007,0
EXGR_DVA_PSH,"Domestic value added in gross exports, destination partner shares",KOR,Korea,C26,"Manufacture of computer, electronic and optical products",KHM,Cambodia,PT_EXGR_DVA,2005,0.004,0
EXGR_DVA_PSH,"Domestic value added in gross exports, destination partner shares",KOR,Korea,C26,"Manufacture of computer, electronic and optical products",MLT,Malta,PT_EXGR_DVA,2005,0.003,0
EXGR_DVA_PSH,"Domestic value added in gross exports, destination partner shares",KOR,Korea,C26,"Manufacture of computer, electronic and optical products",LUX,Luxembourg,PT_EXGR_DVA,2005,0.003,0
EXGR_DVA_PSH,"Domestic value added in gross exports, destination partner shares",KOR,Korea,C26,"Manufacture of computer, electronic and optical products",CMR,Cameroon,PT_EXGR_DVA,2005,0.003,0
EXGR_DVA_PSH,"Domestic value added in gross exports, destination partner shares",KOR,Korea,C26,"Manufacture of computer, electronic and optical products",MMR,Myanmar,PT_EXGR_DVA,2005,0.003,0
EXGR_DVA_PSH,"Domestic value added in gross exports, destination partner shares",KOR,Korea,C26,"Manufacture of computer, electronic and optical products",BRN,Brunei Darussalam,PT_EXGR_DVA,2005,0.002,0
EXGR_DVA_PSH,"Domestic value added in gross exports, destination partner shares",KOR,Korea,C26,"Manufacture of computer, electronic and optical products",COD,Democratic Republic of the Congo,PT_EXGR_DVA,2005,0.002,0
EXGR_DVA_PSH,"Domestic value added in gross exports, destination partner shares",KOR,Korea,C26,"Manufacture of computer, electronic and optical products",SEN,Senegal,PT_EXGR_DVA,2005,0.001,0
EXGR_DVA_PSH,"Domestic value added in gross exports, destination partner shares",KOR,Korea,C26,"Manufacture of computer, electronic and optical products",CIV,Côte d’Ivoire,PT_EXGR_DVA,2005,0.001,0
EXGR_DVA_PSH,"Domestic value added in gross exports, destination partner shares",KOR,Korea,C26,"Manufacture of computer, electronic and optical products",SAU,Saudi Arabia,PT_EXGR_DVA,2005,0.175,0
EXGR_DVA_PSH,"Domestic value added in gross exports, destination partner shares",KOR,Korea,C26,"Manufacture of computer, electronic and optical products",DNK,Denmark,PT_EXGR_DVA,2005,0.053,0
EXGR_DVA_PSH,"Domestic value added in gross exports, destination partner shares",KOR,Korea,C26,"Manufacture of computer, electronic and optical products",CHE,Switzerland,PT_EXGR_DVA,2005,0.111,0
EXGR_DVA_PSH,"Domestic value added in gross exports, destination partner shares",KOR,Korea,C26,"Manufacture of computer, electronic and optical products",SVN,Slovenia,PT_EXGR_DVA,2005,0.04,0
EXGR_DVA_PSH,"Domestic value added in gross exports, destination partner shares",KOR,Korea,C26,"Manufacture of computer, electronic and optical products",EGY,Egypt,PT_EXGR_DVA,2005,0.037,0
EXGR_DVA_PSH,"Domestic value added in gross exports, destination partner shares",KOR,Korea,C26,"Manufacture of computer, electronic and optical products",TUN,Tunisia,PT_EXGR_DVA,2005,0.033,0
EXGR_DVA_PSH,"Domestic value added in gross exports, destination partner shares",KOR,Korea,C26,"Manufacture of computer, electronic and optical products",LVA,Latvia,PT_EXGR_DVA,2005,0.011,0
EXGR_DVA_PSH,"Domestic value added in gross exports, destination partner shares",KOR,Korea,C26,"Manufacture of computer, electronic and optical products",W,World,PT_EXGR_DVA,2005,100,0
EXGR_DVA_PSH,"Domestic value added in gross exports, destination partner shares",KOR,Korea,C26,"Manufacture of computer, electronic and optical products",KOR,Korea,PT_EXGR_DVA,2005,0,0
EXGR_DVA_PSH,"Domestic value added in gross exports, destination partner shares",KOR,Korea,C26,"Manufacture of computer, electronic and optical products",LAO,Lao People’s Democratic Republic,PT_EXGR_DVA,2005,0,0
EXGR_DVA_PSH,"Domestic value added in gross exports, destination partner shares",KOR,Korea,C26,"Manufacture of computer, electronic and optical products",STP,Sao Tome and Principe,PT_EXGR_DVA,2005,0,0
EXGR_DVA_PSH,"Domestic value added in gross exports, destination partner shares",KOR,Korea,C26,"Manufacture of computer, electronic and optical products",GBR,United Kingdom,PT_EXGR_DVA,2002,4.599,0
EXGR_DVA_PSH,"Domestic value added in gross exports, destination partner shares",KOR,Korea,C26,"Manufacture of computer, electronic and optical products",WXOECD,Non-OECD economies,PT_EXGR_DVA,2002,41.479,0
EXGR_DVA_PSH,"Domestic value added in gross exports, destination partner shares",KOR,Korea,C26,"Manufacture of computer, electronic and optical products",W_O,Other countries,PT_EXGR_DVA,2002,6.426,0
EXGR_DVA_PSH,"Domestic value added in gross exports, destination partner shares",KOR,Korea,C26,"Manufacture of computer, electronic and optical products",HUN,Hungary,PT_EXGR_DVA,2002,0.689,0
EXGR_DVA_PSH,"Domestic value added in gross exports, destination partner shares",KOR,Korea,C26,"Manufacture of computer, electronic and optical products",E,Europe,PT_EXGR_DVA,2002,15.735,0
EXGR_DVA_PSH,"Domestic value added in gross exports, destination partner shares",KOR,Korea,C26,"Manufacture of computer, electronic and optical products",BRA,Brazil,PT_EXGR_DVA,2002,1.258,0
EXGR_DVA_PSH,"Domestic value added in gross exports, destination partner shares",KOR,Korea,C26,"Manufacture of computer, electronic and optical products",JPN,Japan,PT_EXGR_DVA,2002,9.371,0
EXGR_DVA_PSH,"Domestic value added in gross exports, destination partner shares",KOR,Korea,C26,"Manufacture of computer, electronic and optical products",NAFTA,NAFTA,PT_EXGR_DVA,2002,31.864,0
EXGR_DVA_PSH,"Domestic value added in gross exports, destination partner shares",KOR,Korea,C26,"Manufacture of computer, electronic and optical products",FIN,Finland,PT_EXGR_DVA,2002,0.244,0
EXGR_DVA_PSH,"Domestic value added in gross exports, destination partner shares",KOR,Korea,C26,"Manufacture of computer, electronic and optical products",LTU,Lithuania,PT_EXGR_DVA,2002,0.025,0
EXGR_DVA_PSH,"Domestic value added in gross exports, destination partner shares",KOR,Korea,C26,"Manufacture of computer, electronic and optical products",EGY,Egypt,PT_EXGR_DVA,2002,0.075,0
EXGR_DVA_PSH,"Domestic value added in gross exports, destination partner shares",KOR,Korea,C26,"Manufacture of computer, electronic and optical products",AUS,Australia,PT_EXGR_DVA,2002,1.541,0
EXGR_DVA_PSH,"Domestic value added in gross exports, destination partner shares",KOR,Korea,C26,"Manufacture of computer, electronic and optical products",EU15,European Union (15 countries),PT_EXGR_DVA,2002,13.222,0
EXGR_DVA_PSH,"Domestic value added in gross exports, destination partner shares",KOR,Korea,C26,"Manufacture of computer, electronic and optical products",ARE,United Arab Emirates,PT_EXGR_DVA,2002,0.499,0
EXGR_DVA_PSH,"Domestic value added in gross exports, destination partner shares",KOR,Korea,C26,"Manufacture of computer, electronic and optical products",PAK,Pakistan,PT_EXGR_DVA,2002,0.058,0
EXGR_DVA_PSH,"Domestic value added in gross exports, destination partner shares",KOR,Korea,C26,"Manufacture of computer, electronic and optical products",MEX,Mexico,PT_EXGR_DVA,2002,3.815,0
EXGR_DVA_PSH,"Domestic value added in gross exports, destination partner shares",KOR,Korea,C26,"Manufacture of computer, electronic and optical products",PHL,Philippines,PT_EXGR_DVA,2002,1.202,0
EXGR_DVA_PSH,"Domestic value added in gross exports, destination partner shares",KOR,Korea,C26,"Manufacture of computer, electronic and optical products",S2,Eastern Asia,PT_EXGR_DVA,2002,37.04,0
EXGR_DVA_PSH,"Domestic value added in gross exports, destination partner shares",KOR,Korea,C26,"Manufacture of computer, electronic and optical products",IDN,Indonesia,PT_EXGR_DVA,2002,0.615,0
EXGR_DVA_PSH,"Domestic value added in gross exports, destination partner shares",KOR,Korea,C26,"Manufacture of computer, electronic and optical products",KAZ,Kazakhstan,PT_EXGR_DVA,2002,0.112,0
EXGR_DVA_PSH,"Domestic value added in gross exports, destination partner shares",KOR,Korea,C26,"Manufacture of computer, electronic and optical products",HKG,Hong Kong (China),PT_EXGR_DVA,2002,0.055,0
EXGR_DVA_PSH,"Domestic value added in gross exports, destination partner shares",KOR,Korea,C26,"Manufacture of computer, electronic and optical products",WXD,Rest of the world,PT_EXGR_DVA,2002,2.582,0
EXGR_DVA_PSH,"Domestic value added in gross exports, destination partner shares",KOR,Korea,C26,"Manufacture of computer, electronic and optical products",ROU,Romania,PT_EXGR_DVA,2002,0.081,0
EXGR_DVA_PSH,"Domestic value added in gross exports, destination partner shares",KOR,Korea,C26,"Manufacture of computer, electronic and optical products",ISR,Israel,PT_EXGR_DVA,2002,0.328,0
EXGR_DVA_PSH,"Domestic value added in gross exports, destination partner shares",KOR,Korea,C26,"Manufacture of computer, electronic and optical products",THA,Thailand,PT_EXGR_DVA,2002,1.91,0
EXGR_DVA_PSH,"Domestic value added in gross exports, destination partner shares",KOR,Korea,C26,"Manufacture of computer, electronic and optical products",PRT,Portugal,PT_EXGR_DVA,2002,0.114,0
EXGR_DVA_PSH,"Domestic value added in gross exports, destination partner shares",KOR,Korea,C26,"Manufacture of computer, electronic and optical products",F,Africa,PT_EXGR_DVA,2002,0.516,0
EXGR_DVA_PSH,"Domestic value added in gross exports, destination partner shares",KOR,Korea,C26,"Manufacture of computer, electronic and optical products",EA19,Euro area (19 countries),PT_EXGR_DVA,2002,8.344,0
EXGR_DVA_PSH,"Domestic value added in gross exports, destination partner shares",KOR,Korea,C26,"Manufacture of computer, electronic and optical products",NLD,Netherlands,PT_EXGR_DVA,2002,0.053,0
EXGR_DVA_PSH,"Domestic value added in gross exports, destination partner shares",KOR,Korea,C26,"Manufacture of computer, electronic and optical products",TUN,Tunisia,PT_EXGR_DVA,2002,0.054,0
EXGR_DVA_PSH,"Domestic value added in gross exports, destination partner shares",KOR,Korea,C26,"Manufacture of computer, electronic and optical products",TWN,Chinese Taipei,PT_EXGR_DVA,2002,9.976,0
EXGR_DVA_PSH,"Domestic value added in gross exports, destination partner shares",KOR,Korea,C26,"Manufacture of computer, electronic and optical products",NOR,Norway,PT_EXGR_DVA,2002,0.129,0
EXGR_DVA_PSH,"Domestic value added in gross exports, destination partner shares",KOR,Korea,C26,"Manufacture of computer, electronic and optical products",RUS,Russia,PT_EXGR_DVA,2002,0.712,0
EXGR_DVA_PSH,"Domestic value added in gross exports, destination partner shares",KOR,Korea,C26,"Manufacture of computer, electronic and optical products",AUT,Austria,PT_EXGR_DVA,2002,0.546,0
EXGR_DVA_PSH,"Domestic value added in gross exports, destination partner shares",KOR,Korea,C26,"Manufacture of computer, electronic and optical products",POL,Poland,PT_EXGR_DVA,2002,0.435,0
EXGR_DVA_PSH,"Domestic value added in gross exports, destination partner shares",KOR,Korea,C26,"Manufacture of computer, electronic and optical products",MYS,Malaysia,PT_EXGR_DVA,2002,2.467,0
EXGR_DVA_PSH,"Domestic value added in gross exports, destination partner shares",KOR,Korea,C26,"Manufacture of computer, electronic and optical products",BEL,Belgium,PT_EXGR_DVA,2002,0.119,0
EXGR_DVA_PSH,"Domestic value added in gross exports, destination partner shares",KOR,Korea,C26,"Manufacture of computer, electronic and optical products",ZAF,South Africa,PT_EXGR_DVA,2002,0.198,0
EXGR_DVA_PSH,"Domestic value added in gross exports, destination partner shares",KOR,Korea,C26,"Manufacture of computer, electronic and optical products",S2_S8,Eastern and South-eastern Asia,PT_EXGR_DVA,2002,43.819,0
EXGR_DVA_PSH,"Domestic value added in gross exports, destination partner shares",KOR,Korea,C26,"Manufacture of computer, electronic and optical products",GRC,Greece,PT_EXGR_DVA,2002,0.066,0
EXGR_DVA_PSH,"Domestic value added in gross exports, destination partner shares",KOR,Korea,C26,"Manufacture of computer, electronic and optical products",A5_A7,South and Central America,PT_EXGR_DVA,2002,1.64,0
EXGR_DVA_PSH,"Domestic value added in gross exports, destination partner shares",KOR,Korea,C26,"Manufacture of computer, electronic and optical products",CHL,Chile,PT_EXGR_DVA,2002,0.045,0
EXGR_DVA_PSH,"Domestic value added in gross exports, destination partner shares",KOR,Korea,C26,"Manufacture of computer, electronic and optical products",ESP,Spain,PT_EXGR_DVA,2002,1.139,0
EXGR_DVA_PSH,"Domestic value added in gross exports, destination partner shares",KOR,Korea,C26,"Manufacture of computer, electronic and optical products",CHN,China (People’s Republic of),PT_EXGR_DVA,2002,17.638,0
EXGR_DVA_PSH,"Domestic value added in gross exports, destination partner shares",KOR,Korea,C26,"Manufacture of computer, electronic and optical products",IND,India,PT_EXGR_DVA,2002,0.631,0
EXGR_DVA_PSH,"Domestic value added in gross exports, destination partner shares",KOR,Korea,C26,"Manufacture of computer, electronic and optical products",OECD,OECD,PT_EXGR_DVA,2002,58.521,0
EXGR_DVA_PSH,"Domestic value added in gross exports, destination partner shares",KOR,Korea,C26,"Manufacture of computer, electronic and optical products",ITA,Italy,PT_EXGR_DVA,2002,1.05,0
EXGR_DVA_PSH,"Domestic value added in gross exports, destination partner shares",KOR,Korea,C26,"Manufacture of computer, electronic and optical products",JOR,Jordan,PT_EXGR_DVA,2002,0.015,0
EXGR_DVA_PSH,"Domestic value added in gross exports, destination partner shares",KOR,Korea,C26,"Manufacture of computer, electronic and optical products",PER,Peru,PT_EXGR_DVA,2002,0.095,0
EXGR_DVA_PSH,"Domestic value added in gross exports, destination partner shares",KOR,Korea,C26,"Manufacture of computer, electronic and optical products",APEC,APEC,PT_EXGR_DVA,2002,78.201,0
EXGR_DVA_PSH,"Domestic value added in gross exports, destination partner shares",KOR,Korea,C26,"Manufacture of computer, electronic and optical products",USA,United States,PT_EXGR_DVA,2002,26.414,0
EXGR_DVA_PSH,"Domestic value added in gross exports, destination partner shares",KOR,Korea,C26,"Manufacture of computer, electronic and optical products",SAU,Saudi Arabia,PT_EXGR_DVA,2002,0.318,0
EXGR_DVA_PSH,"Domestic value added in gross exports, destination partner shares",KOR,Korea,C26,"Manufacture of computer, electronic and optical products",VNM,Viet Nam,PT_EXGR_DVA,2002,0.286,0
EXGR_DVA_PSH,"Domestic value added in gross exports, destination partner shares",KOR,Korea,C26,"Manufacture of computer, electronic and optical products",EU28XEU15,European Union 28 excluding European Union 15 countries,PT_EXGR_DVA,2002,1.553,0
EXGR_DVA_PSH,"Domestic value added in gross exports, destination partner shares",KOR,Korea,C26,"Manufacture of computer, electronic and optical products",IRL,Ireland,PT_EXGR_DVA,2002,0.379,0
EXGR_DVA_PSH,"Domestic value added in gross exports, destination partner shares",KOR,Korea,C26,"Manufacture of computer, electronic and optical products",NZL,New Zealand,PT_EXGR_DVA,2002,0.141,0
EXGR_DVA_PSH,"Domestic value added in gross exports, destination partner shares",KOR,Korea,C26,"Manufacture of computer, electronic and optical products",CIV,Côte d’Ivoire,PT_EXGR_DVA,2002,0.005,0
EXGR_DVA_PSH,"Domestic value added in gross exports, destination partner shares",KOR,Korea,C26,"Manufacture of computer, electronic and optical products",MAR,Morocco,PT_EXGR_DVA,2002,0.046,0
EXGR_DVA_PSH,"Domestic value added in gross exports, destination partner shares",KOR,Korea,C26,"Manufacture of computer, electronic and optical products",SWE,Sweden,PT_EXGR_DVA,2002,0.315,0
EXGR_DVA_PSH,"Domestic value added in gross exports, destination partner shares",KOR,Korea,C26,"Manufacture of computer, electronic and optical products",DEU,Germany,PT_EXGR_DVA,2002,3.222,0
EXGR_DVA_PSH,"Domestic value added in gross exports, destination partner shares",KOR,Korea,C26,"Manufacture of computer, electronic and optical products",ASEAN,ASEAN,PT_EXGR_DVA,2002,6.778,0
EXGR_DVA_PSH,"Domestic value added in gross exports, destination partner shares",KOR,Korea,C26,"Manufacture of computer, electronic and optical products",CZE,Czechia,PT_EXGR_DVA,2002,0.186,0
EXGR_DVA_PSH,"Domestic value added in gross exports, destination partner shares",KOR,Korea,C26,"Manufacture of computer, electronic and optical products",G20,G20,PT_EXGR_DVA,2002,79.152,0
EXGR_DVA_PSH,"Domestic value added in gross exports, destination partner shares",KOR,Korea,C26,"Manufacture of computer, electronic and optical products",SGP,Singapore,PT_EXGR_DVA,2002,0.275,0
EXGR_DVA_PSH,"Domestic value added in gross exports, destination partner shares",KOR,Korea,C26,"Manufacture of computer, electronic and optical products",EU27_2020,European Union (27 countries from 01/02/2020),PT_EXGR_DVA,2002,10.176,0
EXGR_DVA_PSH,"Domestic value added in gross exports, destination partner shares",KOR,Korea,C26,"Manufacture of computer, electronic and optical products",EU28,European Union (28 countries),PT_EXGR_DVA,2002,14.775,0
EXGR_DVA_PSH,"Domestic value added in gross exports, destination partner shares",KOR,Korea,C26,"Manufacture of computer, electronic and optical products",TUR,Türkiye,PT_EXGR_DVA,2002,0.183,0
EXGR_DVA_PSH,"Domestic value added in gross exports, destination partner shares",KOR,Korea,C26,"Manufacture of computer, electronic and optical products",UKR,Ukraine,PT_EXGR_DVA,2002,0.012,0
EXGR_DVA_PSH,"Domestic value added in gross exports, destination partner shares",KOR,Korea,C26,"Manufacture of computer, electronic and optical products",DNK,Denmark,PT_EXGR_DVA,2002,0.057,0
EXGR_DVA_PSH,"Domestic value added in gross exports, destination partner shares",KOR,Korea,C26,"Manufacture of computer, electronic and optical products",CHE,Switzerland,PT_EXGR_DVA,2002,0.103,0
EXGR_DVA_PSH,"Domestic value added in gross exports, destination partner shares",KOR,Korea,C26,"Manufacture of computer, electronic and optical products",GBR,United Kingdom,PT_EXGR_DVA,2003,3.301,0
EXGR_DVA_PSH,"Domestic value added in gross exports, destination partner shares",KOR,Korea,C26,"Manufacture of computer, electronic and optical products",COL,Colombia,PT_EXGR_DVA,2003,0.171,0
EXGR_DVA_PSH,"Domestic value added in gross exports, destination partner shares",KOR,Korea,C26,"Manufacture of computer, electronic and optical products",WXOECD,Non-OECD economies,PT_EXGR_DVA,2003,47.838,0
EXGR_DVA_PSH,"Domestic value added in gross exports, destination partner shares",KOR,Korea,C26,"Manufacture of computer, electronic and optical products",W_O,Other countries,PT_EXGR_DVA,2003,7.531,0
EXGR_DVA_PSH,"Domestic value added in gross exports, destination partner shares",KOR,Korea,C26,"Manufacture of computer, electronic and optical products",HUN,Hungary,PT_EXGR_DVA,2003,1.002,0
EXGR_DVA_PSH,"Domestic value added in gross exports, destination partner shares",KOR,Korea,C26,"Manufacture of computer, electronic and optical products",E,Europe,PT_EXGR_DVA,2003,15.765,0
EXGR_DVA_PSH,"Domestic value added in gross exports, destination partner shares",KOR,Korea,C26,"Manufacture of computer, electronic and optical products",BRA,Brazil,PT_EXGR_DVA,2003,1.256,0
EXGR_DVA_PSH,"Domestic value added in gross exports, destination partner shares",KOR,Korea,C26,"Manufacture of computer, electronic and optical products",JPN,Japan,PT_EXGR_DVA,2003,9.004,0
EXGR_DVA_PSH,"Domestic value added in gross exports, destination partner shares",KOR,Korea,C26,"Manufacture of computer, electronic and optical products",NAFTA,NAFTA,PT_EXGR_DVA,2003,25.362,0
EXGR_DVA_PSH,"Domestic value added in gross exports, destination partner shares",KOR,Korea,C26,"Manufacture of computer, electronic and optical products",FIN,Finland,PT_EXGR_DVA,2003,0.379,0
EXGR_DVA_PSH,"Domestic value added in gross exports, destination partner shares",KOR,Korea,C26,"Manufacture of computer, electronic and optical products",LTU,Lithuania,PT_EXGR_DVA,2003,0.029,0
EXGR_DVA_PSH,"Domestic value added in gross exports, destination partner shares",KOR,Korea,C26,"Manufacture of computer, electronic and optical products",AUS,Australia,PT_EXGR_DVA,2003,1.947,0
EXGR_DVA_PSH,"Domestic value added in gross exports, destination partner shares",KOR,Korea,C26,"Manufacture of computer, electronic and optical products",EU15,European Union (15 countries),PT_EXGR_DVA,2003,12.927,0
EXGR_DVA_PSH,"Domestic value added in gross exports, destination partner shares",KOR,Korea,C26,"Manufacture of computer, electronic and optical products",ARE,United Arab Emirates,PT_EXGR_DVA,2003,0.436,0
EXGR_DVA_PSH,"Domestic value added in gross exports, destination partner shares",KOR,Korea,C26,"Manufacture of computer, electronic and optical products",PAK,Pakistan,PT_EXGR_DVA,2003,0.064,0
EXGR_DVA_PSH,"Domestic value added in gross exports, destination partner shares",KOR,Korea,C26,"Manufacture of computer, electronic and optical products",MEX,Mexico,PT_EXGR_DVA,2003,3.439,0
EXGR_DVA_PSH,"Domestic value added in gross exports, destination partner shares",KOR,Korea,C26,"Manufacture of computer, electronic and optical products",PHL,Philippines,PT_EXGR_DVA,2003,0.834,0
EXGR_DVA_PSH,"Domestic value added in gross exports, destination partner shares",KOR,Korea,C26,"Manufacture of computer, electronic and optical products",S2,Eastern Asia,PT_EXGR_DVA,2003,43.012,0
EXGR_DVA_PSH,"Domestic value added in gross exports, destination partner shares",KOR,Korea,C26,"Manufacture of computer, electronic and optical products",IDN,Indonesia,PT_EXGR_DVA,2003,0.812,0
EXGR_DVA_PSH,"Domestic value added in gross exports, destination partner shares",KOR,Korea,C26,"Manufacture of computer, electronic and optical products",KAZ,Kazakhstan,PT_EXGR_DVA,2003,0.062,0
EXGR_DVA_PSH,"Domestic value added in gross exports, destination partner shares",KOR,Korea,C26,"Manufacture of computer, electronic and optical products",HKG,Hong Kong (China),PT_EXGR_DVA,2003,0.042,0
EXGR_DVA_PSH,"Domestic value added in gross exports, destination partner shares",KOR,Korea,C26,"Manufacture of computer, electronic and optical products",WXD,Rest of the world,PT_EXGR_DVA,2003,2.315,0
EXGR_DVA_PSH,"Domestic value added in gross exports, destination partner shares",KOR,Korea,C26,"Manufacture of computer, electronic and optical products",ROU,Romania,PT_EXGR_DVA,2003,0.076,0
EXGR_DVA_PSH,"Domestic value added in gross exports, destination partner shares",KOR,Korea,C26,"Manufacture of computer, electronic and optical products",ISR,Israel,PT_EXGR_DVA,2003,0.25,0
EXGR_DVA_PSH,"Domestic value added in gross exports, destination partner shares",KOR,Korea,C26,"Manufacture of computer, electronic and optical products",THA,Thailand,PT_EXGR_DVA,2003,1.679,0
EXGR_DVA_PSH,"Domestic value added in gross exports, destination partner shares",KOR,Korea,C26,"Manufacture of computer, electronic and optical products",PRT,Portugal,PT_EXGR_DVA,2003,0.122,0
EXGR_DVA_PSH,"Domestic value added in gross exports, destination partner shares",KOR,Korea,C26,"Manufacture of computer, electronic and optical products",F,Africa,PT_EXGR_DVA,2003,0.478,0
EXGR_DVA_PSH,"Domestic value added in gross exports, destination partner shares",KOR,Korea,C26,"Manufacture of computer, electronic and optical products",ARG,Argentina,PT_EXGR_DVA,2003,0.074,0
EXGR_DVA_PSH,"Domestic value added in gross exports, destination partner shares",KOR,Korea,C26,"Manufacture of computer, electronic and optical products",CAN,Canada,PT_EXGR_DVA,2003,1.665,0
EXGR_DVA_PSH,"Domestic value added in gross exports, destination partner shares",KOR,Korea,C26,"Manufacture of computer, electronic and optical products",EA19,Euro area (19 countries),PT_EXGR_DVA,2003,9.412,0
EXGR_DVA_PSH,"Domestic value added in gross exports, destination partner shares",KOR,Korea,C26,"Manufacture of computer, electronic and optical products",NLD,Netherlands,PT_EXGR_DVA,2003,0.061,0
EXGR_DVA_PSH,"Domestic value added in gross exports, destination partner shares",KOR,Korea,C26,"Manufacture of computer, electronic and optical products",TUN,Tunisia,PT_EXGR_DVA,2003,0.03,0
EXGR_DVA_PSH,"Domestic value added in gross exports, destination partner shares",KOR,Korea,C26,"Manufacture of computer, electronic and optical products",TWN,Chinese Taipei,PT_EXGR_DVA,2003,9.101,0
EXGR_DVA_PSH,"Domestic value added in gross exports, destination partner shares",KOR,Korea,C26,"Manufacture of computer, electronic and optical products",NOR,Norway,PT_EXGR_DVA,2003,0.133,0
EXGR_DVA_PSH,"Domestic value added in gross exports, destination partner shares",KOR,Korea,C26,"Manufacture of computer, electronic and optical products",RUS,Russia,PT_EXGR_DVA,2003,0.618,0
EXGR_DVA_PSH,"Domestic value added in gross exports, destination partner shares",KOR,Korea,C26,"Manufacture of computer, electronic and optical products",AUT,Austria,PT_EXGR_DVA,2003,0.415,0
EXGR_DVA_PSH,"Domestic value added in gross exports, destination partner shares",KOR,Korea,C26,"Manufacture of computer, electronic and optical products",LVA,Latvia,PT_EXGR_DVA,2003,0.009,0
EXGR_DVA_PSH,"Domestic value added in gross exports, destination partner shares",KOR,Korea,C26,"Manufacture of computer, electronic and optical products",POL,Poland,PT_EXGR_DVA,2003,0.367,0
EXGR_DVA_PSH,"Domestic value added in gross exports, destination partner shares",KOR,Korea,C26,"Manufacture of computer, electronic and optical products",MYS,Malaysia,PT_EXGR_DVA,2003,2.391,0
EXGR_DVA_PSH,"Domestic value added in gross exports, destination partner shares",KOR,Korea,C26,"Manufacture of computer, electronic and optical products",BEL,Belgium,PT_EXGR_DVA,2003,0.22,0
EXGR_DVA_PSH,"Domestic value added in gross exports, destination partner shares",KOR,Korea,C26,"Manufacture of computer, electronic and optical products",LUX,Luxembourg,PT_EXGR_DVA,2003,0.004,0
EXGR_DVA_PSH,"Domestic value added in gross exports, destination partner shares",KOR,Korea,C26,"Manufacture of computer, electronic and optical products",ZAF,South Africa,PT_EXGR_DVA,2003,0.212,0
EXGR_DVA_PSH,"Domestic value added in gross exports, destination partner shares",KOR,Korea,C26,"Manufacture of computer, electronic and optical products",S2_S8,Eastern and South-eastern Asia,PT_EXGR_DVA,2003,49.243,0
EXGR_DVA_PSH,"Domestic value added in gross exports, destination partner shares",KOR,Korea,C26,"Manufacture of computer, electronic and optical products",GRC,Greece,PT_EXGR_DVA,2003,0.125,0
EXGR_DVA_PSH,"Domestic value added in gross exports, destination partner shares",KOR,Korea,C26,"Manufacture of computer, electronic and optical products",A5_A7,South and Central America,PT_EXGR_DVA,2003,1.621,0
EXGR_DVA_PSH,"Domestic value added in gross exports, destination partner shares",KOR,Korea,C26,"Manufacture of computer, electronic and optical products",ESP,Spain,PT_EXGR_DVA,2003,1.028,0
EXGR_DVA_PSH,"Domestic value added in gross exports, destination partner shares",KOR,Korea,C26,"Manufacture of computer, electronic and optical products",CHN,China (People’s Republic of),PT_EXGR_DVA,2003,24.866,0
EXGR_DVA_PSH,"Domestic value added in gross exports, destination partner shares",KOR,Korea,C26,"Manufacture of computer, electronic and optical products",IND,India,PT_EXGR_DVA,2003,1.737,0
EXGR_DVA_PSH,"Domestic value added in gross exports, destination partner shares",KOR,Korea,C26,"Manufacture of computer, electronic and optical products",OECD,OECD,PT_EXGR_DVA,2003,52.162,0
EXGR_DVA_PSH,"Domestic value added in gross exports, destination partner shares",KOR,Korea,C26,"Manufacture of computer, electronic and optical products",AGO,Angola,PT_EXGR_DVA,2003,0.002,0
EXGR_DVA_PSH,"Domestic value added in gross exports, destination partner shares",KOR,Korea,C26,"Manufacture of computer, electronic and optical products",ITA,Italy,PT_EXGR_DVA,2003,1.143,0
EXGR_DVA_PSH,"Domestic value added in gross exports, destination partner shares",KOR,Korea,C26,"Manufacture of computer, electronic and optical products",FRA,France,PT_EXGR_DVA,2003,1.639,0
EXGR_DVA_PSH,"Domestic value added in gross exports, destination partner shares",KOR,Korea,C26,"Manufacture of computer, electronic and optical products",PER,Peru,PT_EXGR_DVA,2003,0.082,0
EXGR_DVA_PSH,"Domestic value added in gross exports, destination partner shares",KOR,Korea,C26,"Manufacture of computer, electronic and optical products",APEC,APEC,PT_EXGR_DVA,2003,77.459,0
EXGR_DVA_PSH,"Domestic value added in gross exports, destination partner shares",KOR,Korea,C26,"Manufacture of computer, electronic and optical products",USA,United States,PT_EXGR_DVA,2003,20.258,0
EXGR_DVA_PSH,"Domestic value added in gross exports, destination partner shares",KOR,Korea,C26,"Manufacture of computer, electronic and optical products",SAU,Saudi Arabia,PT_EXGR_DVA,2003,0.264,0
EXGR_DVA_PSH,"Domestic value added in gross exports, destination partner shares",KOR,Korea,C26,"Manufacture of computer, electronic and optical products",VNM,Viet Nam,PT_EXGR_DVA,2003,0.217,0
EXGR_DVA_PSH,"Domestic value added in gross exports, destination partner shares",KOR,Korea,C26,"Manufacture of computer, electronic and optical products",EU28XEU15,European Union 28 excluding European Union 15 countries,PT_EXGR_DVA,2003,1.974,0
EXGR_DVA_PSH,"Domestic value added in gross exports, destination partner shares",KOR,Korea,C26,"Manufacture of computer, electronic and optical products",IRL,Ireland,PT_EXGR_DVA,2003,0.451,0
EXGR_DVA_PSH,"Domestic value added in gross exports, destination partner shares",KOR,Korea,C26,"Manufacture of computer, electronic and optical products",NZL,New Zealand,PT_EXGR_DVA,2003,0.182,0
EXGR_DVA_PSH,"Domestic value added in gross exports, destination partner shares",KOR,Korea,C26,"Manufacture of computer, electronic and optical products",MAR,Morocco,PT_EXGR_DVA,2003,0.053,0
EXGR_DVA_PSH,"Domestic value added in gross exports, destination partner shares",KOR,Korea,C26,"Manufacture of computer, electronic and optical products",SWE,Sweden,PT_EXGR_DVA,2003,0.347,0
EXGR_DVA_PSH,"Domestic value added in gross exports, destination partner shares",KOR,Korea,C26,"Manufacture of computer, electronic and optical products",DEU,Germany,PT_EXGR_DVA,2003,3.628,0
EXGR_DVA_PSH,"Domestic value added in gross exports, destination partner shares",KOR,Korea,C26,"Manufacture of computer, electronic and optical products",ASEAN,ASEAN,PT_EXGR_DVA,2003,6.23,0
EXGR_DVA_PSH,"Domestic value added in gross exports, destination partner shares",KOR,Korea,C26,"Manufacture of computer, electronic and optical products",CZE,Czechia,PT_EXGR_DVA,2003,0.249,0
EXGR_DVA_PSH,"Domestic value added in gross exports, destination partner shares",KOR,Korea,C26,"Manufacture of computer, electronic and optical products",G20,G20,PT_EXGR_DVA,2003,81.299,0
EXGR_DVA_PSH,"Domestic value added in gross exports, destination partner shares",KOR,Korea,C26,"Manufacture of computer, electronic and optical products",SGP,Singapore,PT_EXGR_DVA,2003,0.282,0
EXGR_DVA_PSH,"Domestic value added in gross exports, destination partner shares",KOR,Korea,C26,"Manufacture of computer, electronic and optical products",EU27_2020,European Union (27 countries from 01/02/2020),PT_EXGR_DVA,2003,11.6,0
EXGR_DVA_PSH,"Domestic value added in gross exports, destination partner shares",KOR,Korea,C26,"Manufacture of computer, electronic and optical products",EU28,European Union (28 countries),PT_EXGR_DVA,2003,14.9,0
EXGR_DVA_PSH,"Domestic value added in gross exports, destination partner shares",KOR,Korea,C26,"Manufacture of computer, electronic and optical products",TUR,Türkiye,PT_EXGR_DVA,2003,0.245,0
EXGR_DVA_PSH,"Domestic value added in gross exports, destination partner shares",KOR,Korea,C26,"Manufacture of computer, electronic and optical products",UKR,Ukraine,PT_EXGR_DVA,2003,0.014,0
EXGR_DVA_PSH,"Domestic value added in gross exports, destination partner shares",KOR,Korea,C26,"Manufacture of computer, electronic and optical products",DNK,Denmark,PT_EXGR_DVA,2003,0.063,0
EXGR_DVA_PSH,"Domestic value added in gross exports, destination partner shares",KOR,Korea,C26,"Manufacture of computer, electronic and optical products",CHE,Switzerland,PT_EXGR_DVA,2003,0.091,0
EXGR_DVA_PSH,"Domestic value added in gross exports, destination partner shares",KOR,Korea,C26,"Manufacture of computer, electronic and optical products",JOR,Jordan,PT_EXGR_DVA,2003,0.017,0
EXGR_DVA_PSH,"Domestic value added in gross exports, destination partner shares",KOR,Korea,C26,"Manufacture of computer, electronic and optical products",EST,Estonia,PT_EXGR_DVA,2003,0.012,0
EXGR_DVA_PSH,"Domestic value added in gross exports, destination partner shares",KOR,Korea,C26,"Manufacture of computer, electronic and optical products",BGD,Bangladesh,PT_EXGR_DVA,2003,0.01,0
EXGR_DVA_PSH,"Domestic value added in gross exports, destination partner shares",KOR,Korea,C26,"Manufacture of computer, electronic and optical products",BRN,Brunei Darussalam,PT_EXGR_DVA,2003,0.006,0
EXGR_DVA_PSH,"Domestic value added in gross exports, destination partner shares",KOR,Korea,C26,"Manufacture of computer, electronic and optical products",BLR,Belarus,PT_EXGR_DVA,2003,0.006,0
EXGR_DVA_PSH,"Domestic value added in gross exports, destination partner shares",KOR,Korea,C26,"Manufacture of computer, electronic and optical products",MMR,Myanmar,PT_EXGR_DVA,2003,0.005,0
EXGR_DVA_PSH,"Domestic value added in gross exports, destination partner shares",KOR,Korea,C26,"Manufacture of computer, electronic and optical products",KHM,Cambodia,PT_EXGR_DVA,2003,0.004,0
EXGR_DVA_PSH,"Domestic value added in gross exports, destination partner shares",KOR,Korea,C26,"Manufacture of computer, electronic and optical products",CYP,Cyprus,PT_EXGR_DVA,2003,0.004,0
EXGR_DVA_PSH,"Domestic value added in gross exports, destination partner shares",KOR,Korea,C26,"Manufacture of computer, electronic and optical products",ISL,Iceland,PT_EXGR_DVA,2003,0.004,0
EXGR_DVA_PSH,"Domestic value added in gross exports, destination partner shares",KOR,Korea,C26,"Manufacture of computer, electronic and optical products",CIV,Côte d’Ivoire,PT_EXGR_DVA,2003,0.004,0
EXGR_DVA_PSH,"Domestic value added in gross exports, destination partner shares",KOR,Korea,C26,"Manufacture of computer, electronic and optical products",CRI,Costa Rica,PT_EXGR_DVA,2003,0.004,0
EXGR_DVA_PSH,"Domestic value added in gross exports, destination partner shares",KOR,Korea,C26,"Manufacture of computer, electronic and optical products",COD,Democratic Republic of the Congo,PT_EXGR_DVA,2003,0.003,0
EXGR_DVA_PSH,"Domestic value added in gross exports, destination partner shares",KOR,Korea,C26,"Manufacture of computer, electronic and optical products",AGO,Angola,PT_EXGR_DVA,2002,0.003,0
EXGR_DVA_PSH,"Domestic value added in gross exports, destination partner shares",KOR,Korea,C26,"Manufacture of computer, electronic and optical products",BLR,Belarus,PT_EXGR_DVA,2002,0.003,0
EXGR_DVA_PSH,"Domestic value added in gross exports, destination partner shares",KOR,Korea,C26,"Manufacture of computer, electronic and optical products",LVA,Latvia,PT_EXGR_DVA,2002,0.004,0
EXGR_DVA_PSH,"Domestic value added in gross exports, destination partner shares",KOR,Korea,C26,"Manufacture of computer, electronic and optical products",KHM,Cambodia,PT_EXGR_DVA,2002,0.005,0
EXGR_DVA_PSH,"Domestic value added in gross exports, destination partner shares",KOR,Korea,C26,"Manufacture of computer, electronic and optical products",BRN,Brunei Darussalam,PT_EXGR_DVA,2002,0.007,0
EXGR_DVA_PSH,"Domestic value added in gross exports, destination partner shares",KOR,Korea,C26,"Manufacture of computer, electronic and optical products",CYP,Cyprus,PT_EXGR_DVA,2002,0.007,0
EXGR_DVA_PSH,"Domestic value added in gross exports, destination partner shares",KOR,Korea,C26,"Manufacture of computer, electronic and optical products",EST,Estonia,PT_EXGR_DVA,2002,0.008,0
EXGR_DVA_PSH,"Domestic value added in gross exports, destination partner shares",KOR,Korea,C26,"Manufacture of computer, electronic and optical products",MMR,Myanmar,PT_EXGR_DVA,2002,0.01,0
EXGR_DVA_PSH,"Domestic value added in gross exports, destination partner shares",KOR,Korea,C26,"Manufacture of computer, electronic and optical products",COD,Democratic Republic of the Congo,PT_EXGR_DVA,2002,0.002,0
EXGR_DVA_PSH,"Domestic value added in gross exports, destination partner shares",KOR,Korea,C26,"Manufacture of computer, electronic and optical products",MLT,Malta,PT_EXGR_DVA,2003,0.002,0
EXGR_DVA_PSH,"Domestic value added in gross exports, destination partner shares",KOR,Korea,C26,"Manufacture of computer, electronic and optical products",SEN,Senegal,PT_EXGR_DVA,2003,0.001,0
EXGR_DVA_PSH,"Domestic value added in gross exports, destination partner shares",KOR,Korea,C26,"Manufacture of computer, electronic and optical products",CMR,Cameroon,PT_EXGR_DVA,2003,0.001,0
EXGR_DVA_PSH,"Domestic value added in gross exports, destination partner shares",KOR,Korea,C26,"Manufacture of computer, electronic and optical products",LUX,Luxembourg,PT_EXGR_DVA,2002,0.001,0
EXGR_DVA_PSH,"Domestic value added in gross exports, destination partner shares",KOR,Korea,C26,"Manufacture of computer, electronic and optical products",MLT,Malta,PT_EXGR_DVA,2002,0.001,0
EXGR_DVA_PSH,"Domestic value added in gross exports, destination partner shares",KOR,Korea,C26,"Manufacture of computer, electronic and optical products",CMR,Cameroon,PT_EXGR_DVA,2002,0.001,0
EXGR_DVA_PSH,"Domestic value added in gross exports, destination partner shares",KOR,Korea,C26,"Manufacture of computer, electronic and optical products",W,World,PT_EXGR_DVA,2002,100,0
EXGR_DVA_PSH,"Domestic value added in gross exports, destination partner shares",KOR,Korea,C26,"Manufacture of computer, electronic and optical products",W,World,PT_EXGR_DVA,2003,100,0
EXGR_DVA_PSH,"Domestic value added in gross exports, destination partner shares",KOR,Korea,C26,"Manufacture of computer, electronic and optical products",EGY,Egypt,PT_EXGR_DVA,2003,0.065,0
EXGR_DVA_PSH,"Domestic value added in gross exports, destination partner shares",KOR,Korea,C26,"Manufacture of computer, electronic and optical products",SVN,Slovenia,PT_EXGR_DVA,2003,0.027,0
EXGR_DVA_PSH,"Domestic value added in gross exports, destination partner shares",KOR,Korea,C26,"Manufacture of computer, electronic and optical products",BGR,Bulgaria,PT_EXGR_DVA,2003,0.023,0
EXGR_DVA_PSH,"Domestic value added in gross exports, destination partner shares",KOR,Korea,C26,"Manufacture of computer, electronic and optical products",HRV,Croatia,PT_EXGR_DVA,2003,0.061,0
EXGR_DVA_PSH,"Domestic value added in gross exports, destination partner shares",KOR,Korea,C26,"Manufacture of computer, electronic and optical products",CHL,Chile,PT_EXGR_DVA,2003,0.034,0
EXGR_DVA_PSH,"Domestic value added in gross exports, destination partner shares",KOR,Korea,C26,"Manufacture of computer, electronic and optical products",SVK,Slovak Republic,PT_EXGR_DVA,2003,0.113,0
EXGR_DVA_PSH,"Domestic value added in gross exports, destination partner shares",KOR,Korea,C26,"Manufacture of computer, electronic and optical products",NGA,Nigeria,PT_EXGR_DVA,2003,0.107,0
EXGR_DVA_PSH,"Domestic value added in gross exports, destination partner shares",KOR,Korea,C26,"Manufacture of computer, electronic and optical products",SVN,Slovenia,PT_EXGR_DVA,2002,0.026,0
EXGR_DVA_PSH,"Domestic value added in gross exports, destination partner shares",KOR,Korea,C26,"Manufacture of computer, electronic and optical products",COL,Colombia,PT_EXGR_DVA,2002,0.188,0
EXGR_DVA_PSH,"Domestic value added in gross exports, destination partner shares",KOR,Korea,C26,"Manufacture of computer, electronic and optical products",ARG,Argentina,PT_EXGR_DVA,2002,0.047,0
EXGR_DVA_PSH,"Domestic value added in gross exports, destination partner shares",KOR,Korea,C26,"Manufacture of computer, electronic and optical products",CAN,Canada,PT_EXGR_DVA,2002,1.634,0
EXGR_DVA_PSH,"Domestic value added in gross exports, destination partner shares",KOR,Korea,C26,"Manufacture of computer, electronic and optical products",HRV,Croatia,PT_EXGR_DVA,2002,0.048,0
EXGR_DVA_PSH,"Domestic value added in gross exports, destination partner shares",KOR,Korea,C26,"Manufacture of computer, electronic and optical products",FRA,France,PT_EXGR_DVA,2002,1.319,0
EXGR_DVA_PSH,"Domestic value added in gross exports, destination partner shares",KOR,Korea,C26,"Manufacture of computer, electronic and optical products",NGA,Nigeria,PT_EXGR_DVA,2002,0.13,0
EXGR_DVA_PSH,"Domestic value added in gross exports, destination partner shares",KOR,Korea,C26,"Manufacture of computer, electronic and optical products",SVK,Slovak Republic,PT_EXGR_DVA,2002,0.022,0
EXGR_DVA_PSH,"Domestic value added in gross exports, destination partner shares",KOR,Korea,C26,"Manufacture of computer, electronic and optical products",BGD,Bangladesh,PT_EXGR_DVA,2002,0.018,0
EXGR_DVA_PSH,"Domestic value added in gross exports, destination partner shares",KOR,Korea,C26,"Manufacture of computer, electronic and optical products",BGR,Bulgaria,PT_EXGR_DVA,2002,0.02,0
EXGR_DVA_PSH,"Domestic value added in gross exports, destination partner shares",KOR,Korea,C26,"Manufacture of computer, electronic and optical products",CRI,Costa Rica,PT_EXGR_DVA,2002,0.007,0
EXGR_DVA_PSH,"Domestic value added in gross exports, destination partner shares",KOR,Korea,C26,"Manufacture of computer, electronic and optical products",SEN,Senegal,PT_EXGR_DVA,2002,0.003,0
EXGR_DVA_PSH,"Domestic value added in gross exports, destination partner shares",KOR,Korea,C26,"Manufacture of computer, electronic and optical products",ISL,Iceland,PT_EXGR_DVA,2002,0.003,0
EXGR_DVA_PSH,"Domestic value added in gross exports, destination partner shares",KOR,Korea,C26,"Manufacture of computer, electronic and optical products",KOR,Korea,PT_EXGR_DVA,2003,0,0
EXGR_DVA_PSH,"Domestic value added in gross exports, destination partner shares",KOR,Korea,C26,"Manufacture of computer, electronic and optical products",LAO,Lao People’s Democratic Republic,PT_EXGR_DVA,2003,0,0
EXGR_DVA_PSH,"Domestic value added in gross exports, destination partner shares",KOR,Korea,C26,"Manufacture of computer, electronic and optical products",STP,Sao Tome and Principe,PT_EXGR_DVA,2003,0,0
EXGR_DVA_PSH,"Domestic value added in gross exports, destination partner shares",KOR,Korea,C26,"Manufacture of computer, electronic and optical products",KOR,Korea,PT_EXGR_DVA,2002,0,0
EXGR_DVA_PSH,"Domestic value added in gross exports, destination partner shares",KOR,Korea,C26,"Manufacture of computer, electronic and optical products",LAO,Lao People’s Democratic Republic,PT_EXGR_DVA,2002,0,0
EXGR_DVA_PSH,"Domestic value added in gross exports, destination partner shares",KOR,Korea,C26,"Manufacture of computer, electronic and optical products",STP,Sao Tome and Principe,PT_EXGR_DVA,2002,0,0
EXGR_DVA_PSH,"Domestic value added in gross exports, destination partner shares",KOR,Korea,C26,"Manufacture of computer, electronic and optical products",GBR,United Kingdom,PT_EXGR_DVA,1999,5.018,0
EXGR_DVA_PSH,"Domestic value added in gross exports, destination partner shares",KOR,Korea,C26,"Manufacture of computer, electronic and optical products",COL,Colombia,PT_EXGR_DVA,1999,0.07,0
EXGR_DVA_PSH,"Domestic value added in gross exports, destination partner shares",KOR,Korea,C26,"Manufacture of computer, electronic and optical products",WXOECD,Non-OECD economies,PT_EXGR_DVA,1999,30.807,0
EXGR_DVA_PSH,"Domestic value added in gross exports, destination partner shares",KOR,Korea,C26,"Manufacture of computer, electronic and optical products",W_O,Other countries,PT_EXGR_DVA,1999,5.406,0
EXGR_DVA_PSH,"Domestic value added in gross exports, destination partner shares",KOR,Korea,C26,"Manufacture of computer, electronic and optical products",HUN,Hungary,PT_EXGR_DVA,1999,0.441,0
EXGR_DVA_PSH,"Domestic value added in gross exports, destination partner shares",KOR,Korea,C26,"Manufacture of computer, electronic and optical products",E,Europe,PT_EXGR_DVA,1999,16.491,0
EXGR_DVA_PSH,"Domestic value added in gross exports, destination partner shares",KOR,Korea,C26,"Manufacture of computer, electronic and optical products",BRA,Brazil,PT_EXGR_DVA,1999,1.29,0
EXGR_DVA_PSH,"Domestic value added in gross exports, destination partner shares",KOR,Korea,C26,"Manufacture of computer, electronic and optical products",JPN,Japan,PT_EXGR_DVA,1999,11.225,0
EXGR_DVA_PSH,"Domestic value added in gross exports, destination partner shares",KOR,Korea,C26,"Manufacture of computer, electronic and optical products",NAFTA,NAFTA,PT_EXGR_DVA,1999,39.547,0
EXGR_DVA_PSH,"Domestic value added in gross exports, destination partner shares",KOR,Korea,C26,"Manufacture of computer, electronic and optical products",FIN,Finland,PT_EXGR_DVA,1999,0.529,0
EXGR_DVA_PSH,"Domestic value added in gross exports, destination partner shares",KOR,Korea,C26,"Manufacture of computer, electronic and optical products",EGY,Egypt,PT_EXGR_DVA,1999,0.076,0
EXGR_DVA_PSH,"Domestic value added in gross exports, destination partner shares",KOR,Korea,C26,"Manufacture of computer, electronic and optical products",AUS,Australia,PT_EXGR_DVA,1999,1.598,0
EXGR_DVA_PSH,"Domestic value added in gross exports, destination partner shares",KOR,Korea,C26,"Manufacture of computer, electronic and optical products",EU15,European Union (15 countries),PT_EXGR_DVA,1999,14.971,0
EXGR_DVA_PSH,"Domestic value added in gross exports, destination partner shares",KOR,Korea,C26,"Manufacture of computer, electronic and optical products",ARE,United Arab Emirates,PT_EXGR_DVA,1999,0.167,0
EXGR_DVA_PSH,"Domestic value added in gross exports, destination partner shares",KOR,Korea,C26,"Manufacture of computer, electronic and optical products",MEX,Mexico,PT_EXGR_DVA,1999,3.308,0
EXGR_DVA_PSH,"Domestic value added in gross exports, destination partner shares",KOR,Korea,C26,"Manufacture of computer, electronic and optical products",PHL,Philippines,PT_EXGR_DVA,1999,1.429,0
EXGR_DVA_PSH,"Domestic value added in gross exports, destination partner shares",KOR,Korea,C26,"Manufacture of computer, electronic and optical products",S2,Eastern Asia,PT_EXGR_DVA,1999,29.491,0
EXGR_DVA_PSH,"Domestic value added in gross exports, destination partner shares",KOR,Korea,C26,"Manufacture of computer, electronic and optical products",IDN,Indonesia,PT_EXGR_DVA,1999,0.665,0
EXGR_DVA_PSH,"Domestic value added in gross exports, destination partner shares",KOR,Korea,C26,"Manufacture of computer, electronic and optical products",KAZ,Kazakhstan,PT_EXGR_DVA,1999,0.083,0
EXGR_DVA_PSH,"Domestic value added in gross exports, destination partner shares",KOR,Korea,C26,"Manufacture of computer, electronic and optical products",HKG,Hong Kong (China),PT_EXGR_DVA,1999,0.075,0
EXGR_DVA_PSH,"Domestic value added in gross exports, destination partner shares",KOR,Korea,C26,"Manufacture of computer, electronic and optical products",WXD,Rest of the world,PT_EXGR_DVA,1999,2.421,0
EXGR_DVA_PSH,"Domestic value added in gross exports, destination partner shares",KOR,Korea,C26,"Manufacture of computer, electronic and optical products",SVN,Slovenia,PT_EXGR_DVA,1999,0.021,0
EXGR_DVA_PSH,"Domestic value added in gross exports, destination partner shares",KOR,Korea,C26,"Manufacture of computer, electronic and optical products",ROU,Romania,PT_EXGR_DVA,1999,0.094,0
EXGR_DVA_PSH,"Domestic value added in gross exports, destination partner shares",KOR,Korea,C26,"Manufacture of computer, electronic and optical products",ISR,Israel,PT_EXGR_DVA,1999,0.207,0
EXGR_DVA_PSH,"Domestic value added in gross exports, destination partner shares",KOR,Korea,C26,"Manufacture of computer, electronic and optical products",THA,Thailand,PT_EXGR_DVA,1999,1.222,0
EXGR_DVA_PSH,"Domestic value added in gross exports, destination partner shares",KOR,Korea,C26,"Manufacture of computer, electronic and optical products",PRT,Portugal,PT_EXGR_DVA,1999,0.384,0
EXGR_DVA_PSH,"Domestic value added in gross exports, destination partner shares",KOR,Korea,C26,"Manufacture of computer, electronic and optical products",F,Africa,PT_EXGR_DVA,1999,0.456,0
EXGR_DVA_PSH,"Domestic value added in gross exports, destination partner shares",KOR,Korea,C26,"Manufacture of computer, electronic and optical products",ARG,Argentina,PT_EXGR_DVA,1999,0.39,0
EXGR_DVA_PSH,"Domestic value added in gross exports, destination partner shares",KOR,Korea,C26,"Manufacture of computer, electronic and optical products",CAN,Canada,PT_EXGR_DVA,1999,1.997,0
EXGR_DVA_PSH,"Domestic value added in gross exports, destination partner shares",KOR,Korea,C26,"Manufacture of computer, electronic and optical products",BGD,Bangladesh,PT_EXGR_DVA,1999,0.025,0
EXGR_DVA_PSH,"Domestic value added in gross exports, destination partner shares",KOR,Korea,C26,"Manufacture of computer, electronic and optical products",EA19,Euro area (19 countries),PT_EXGR_DVA,1999,9.75,0
EXGR_DVA_PSH,"Domestic value added in gross exports, destination partner shares",KOR,Korea,C26,"Manufacture of computer, electronic and optical products",NLD,Netherlands,PT_EXGR_DVA,1999,0.349,0
EXGR_DVA_PSH,"Domestic value added in gross exports, destination partner shares",KOR,Korea,C26,"Manufacture of computer, electronic and optical products",TUN,Tunisia,PT_EXGR_DVA,1999,0.083,0
EXGR_DVA_PSH,"Domestic value added in gross exports, destination partner shares",KOR,Korea,C26,"Manufacture of computer, electronic and optical products",TWN,Chinese Taipei,PT_EXGR_DVA,1999,11.453,0
EXGR_DVA_PSH,"Domestic value added in gross exports, destination partner shares",KOR,Korea,C26,"Manufacture of computer, electronic and optical products",NOR,Norway,PT_EXGR_DVA,1999,0.167,0
EXGR_DVA_PSH,"Domestic value added in gross exports, destination partner shares",KOR,Korea,C26,"Manufacture of computer, electronic and optical products",RUS,Russia,PT_EXGR_DVA,1999,0.159,0
EXGR_DVA_PSH,"Domestic value added in gross exports, destination partner shares",KOR,Korea,C26,"Manufacture of computer, electronic and optical products",AUT,Austria,PT_EXGR_DVA,1999,0.331,0
EXGR_DVA_PSH,"Domestic value added in gross exports, destination partner shares",KOR,Korea,C26,"Manufacture of computer, electronic and optical products",POL,Poland,PT_EXGR_DVA,1999,0.392,0
EXGR_DVA_PSH,"Domestic value added in gross exports, destination partner shares",KOR,Korea,C26,"Manufacture of computer, electronic and optical products",MYS,Malaysia,PT_EXGR_DVA,1999,2.544,0
EXGR_DVA_PSH,"Domestic value added in gross exports, destination partner shares",KOR,Korea,C26,"Manufacture of computer, electronic and optical products",BEL,Belgium,PT_EXGR_DVA,1999,0.051,0
EXGR_DVA_PSH,"Domestic value added in gross exports, destination partner shares",KOR,Korea,C26,"Manufacture of computer, electronic and optical products",CRI,Costa Rica,PT_EXGR_DVA,1999,0.012,0
EXGR_DVA_PSH,"Domestic value added in gross exports, destination partner shares",KOR,Korea,C26,"Manufacture of computer, electronic and optical products",ZAF,South Africa,PT_EXGR_DVA,1999,0.173,0
EXGR_DVA_PSH,"Domestic value added in gross exports, destination partner shares",KOR,Korea,C26,"Manufacture of computer, electronic and optical products",S2_S8,Eastern and South-eastern Asia,PT_EXGR_DVA,1999,36.216,0
EXGR_DVA_PSH,"Domestic value added in gross exports, destination partner shares",KOR,Korea,C26,"Manufacture of computer, electronic and optical products",HRV,Croatia,PT_EXGR_DVA,1999,0.017,0
EXGR_DVA_PSH,"Domestic value added in gross exports, destination partner shares",KOR,Korea,C26,"Manufacture of computer, electronic and optical products",GRC,Greece,PT_EXGR_DVA,1999,0.069,0
EXGR_DVA_PSH,"Domestic value added in gross exports, destination partner shares",KOR,Korea,C26,"Manufacture of computer, electronic and optical products",A5_A7,South and Central America,PT_EXGR_DVA,1999,1.884,0
EXGR_DVA_PSH,"Domestic value added in gross exports, destination partner shares",KOR,Korea,C26,"Manufacture of computer, electronic and optical products",CHL,Chile,PT_EXGR_DVA,1999,0.039,0
EXGR_DVA_PSH,"Domestic value added in gross exports, destination partner shares",KOR,Korea,C26,"Manufacture of computer, electronic and optical products",ESP,Spain,PT_EXGR_DVA,1999,0.646,0
EXGR_DVA_PSH,"Domestic value added in gross exports, destination partner shares",KOR,Korea,C26,"Manufacture of computer, electronic and optical products",CHN,China (People’s Republic of),PT_EXGR_DVA,1999,6.738,0
EXGR_DVA_PSH,"Domestic value added in gross exports, destination partner shares",KOR,Korea,C26,"Manufacture of computer, electronic and optical products",IND,India,PT_EXGR_DVA,1999,0.344,0
EXGR_DVA_PSH,"Domestic value added in gross exports, destination partner shares",KOR,Korea,C26,"Manufacture of computer, electronic and optical products",OECD,OECD,PT_EXGR_DVA,1999,69.193,0
EXGR_DVA_PSH,"Domestic value added in gross exports, destination partner shares",KOR,Korea,C26,"Manufacture of computer, electronic and optical products",AGO,Angola,PT_EXGR_DVA,1999,0.003,0
EXGR_DVA_PSH,"Domestic value added in gross exports, destination partner shares",KOR,Korea,C26,"Manufacture of computer, electronic and optical products",ITA,Italy,PT_EXGR_DVA,1999,1.11,0
EXGR_DVA_PSH,"Domestic value added in gross exports, destination partner shares",KOR,Korea,C26,"Manufacture of computer, electronic and optical products",MMR,Myanmar,PT_EXGR_DVA,1999,0.016,0
EXGR_DVA_PSH,"Domestic value added in gross exports, destination partner shares",KOR,Korea,C26,"Manufacture of computer, electronic and optical products",FRA,France,PT_EXGR_DVA,1999,1.916,0
EXGR_DVA_PSH,"Domestic value added in gross exports, destination partner shares",KOR,Korea,C26,"Manufacture of computer, electronic and optical products",JOR,Jordan,PT_EXGR_DVA,1999,0.02,0
EXGR_DVA_PSH,"Domestic value added in gross exports, destination partner shares",KOR,Korea,C26,"Manufacture of computer, electronic and optical products",PER,Peru,PT_EXGR_DVA,1999,0.083,0
EXGR_DVA_PSH,"Domestic value added in gross exports, destination partner shares",KOR,Korea,C26,"Manufacture of computer, electronic and optical products",APEC,APEC,PT_EXGR_DVA,1999,77.741,0
EXGR_DVA_PSH,"Domestic value added in gross exports, destination partner shares",KOR,Korea,C26,"Manufacture of computer, electronic and optical products",USA,United States,PT_EXGR_DVA,1999,34.242,0
EXGR_DVA_PSH,"Domestic value added in gross exports, destination partner shares",KOR,Korea,C26,"Manufacture of computer, electronic and optical products",SAU,Saudi Arabia,PT_EXGR_DVA,1999,0.136,0
EXGR_DVA_PSH,"Domestic value added in gross exports, destination partner shares",KOR,Korea,C26,"Manufacture of computer, electronic and optical products",NGA,Nigeria,PT_EXGR_DVA,1999,0.093,0
EXGR_DVA_PSH,"Domestic value added in gross exports, destination partner shares",KOR,Korea,C26,"Manufacture of computer, electronic and optical products",VNM,Viet Nam,PT_EXGR_DVA,1999,0.178,0
EXGR_DVA_PSH,"Domestic value added in gross exports, destination partner shares",KOR,Korea,C26,"Manufacture of computer, electronic and optical products",EU28XEU15,European Union 28 excluding European Union 15 countries,PT_EXGR_DVA,1999,1.075,0
EXGR_DVA_PSH,"Domestic value added in gross exports, destination partner shares",KOR,Korea,C26,"Manufacture of computer, electronic and optical products",IRL,Ireland,PT_EXGR_DVA,1999,0.3,0
EXGR_DVA_PSH,"Domestic value added in gross exports, destination partner shares",KOR,Korea,C26,"Manufacture of computer, electronic and optical products",NZL,New Zealand,PT_EXGR_DVA,1999,0.117,0
EXGR_DVA_PSH,"Domestic value added in gross exports, destination partner shares",KOR,Korea,C26,"Manufacture of computer, electronic and optical products",CIV,Côte d’Ivoire,PT_EXGR_DVA,1999,0.004,0
EXGR_DVA_PSH,"Domestic value added in gross exports, destination partner shares",KOR,Korea,C26,"Manufacture of computer, electronic and optical products",SWE,Sweden,PT_EXGR_DVA,1999,0.196,0
EXGR_DVA_PSH,"Domestic value added in gross exports, destination partner shares",KOR,Korea,C26,"Manufacture of computer, electronic and optical products",DEU,Germany,PT_EXGR_DVA,1999,3.998,0
EXGR_DVA_PSH,"Domestic value added in gross exports, destination partner shares",KOR,Korea,C26,"Manufacture of computer, electronic and optical products",ASEAN,ASEAN,PT_EXGR_DVA,1999,6.724,0
EXGR_DVA_PSH,"Domestic value added in gross exports, destination partner shares",KOR,Korea,C26,"Manufacture of computer, electronic and optical products",CZE,Czechia,PT_EXGR_DVA,1999,0.064,0
EXGR_DVA_PSH,"Domestic value added in gross exports, destination partner shares",KOR,Korea,C26,"Manufacture of computer, electronic and optical products",G20,G20,PT_EXGR_DVA,1999,78.503,0
EXGR_DVA_PSH,"Domestic value added in gross exports, destination partner shares",KOR,Korea,C26,"Manufacture of computer, electronic and optical products",SGP,Singapore,PT_EXGR_DVA,1999,0.665,0
EXGR_DVA_PSH,"Domestic value added in gross exports, destination partner shares",KOR,Korea,C26,"Manufacture of computer, electronic and optical products",EU27_2020,European Union (27 countries from 01/02/2020),PT_EXGR_DVA,1999,11.029,0
EXGR_DVA_PSH,"Domestic value added in gross exports, destination partner shares",KOR,Korea,C26,"Manufacture of computer, electronic and optical products",EU28,European Union (28 countries),PT_EXGR_DVA,1999,16.046,0
EXGR_DVA_PSH,"Domestic value added in gross exports, destination partner shares",KOR,Korea,C26,"Manufacture of computer, electronic and optical products",TUR,Türkiye,PT_EXGR_DVA,1999,0.191,0
EXGR_DVA_PSH,"Domestic value added in gross exports, destination partner shares",KOR,Korea,C26,"Manufacture of computer, electronic and optical products",UKR,Ukraine,PT_EXGR_DVA,1999,0.014,0
EXGR_DVA_PSH,"Domestic value added in gross exports, destination partner shares",KOR,Korea,C26,"Manufacture of computer, electronic and optical products",DNK,Denmark,PT_EXGR_DVA,1999,0.071,0
EXGR_DVA_PSH,"Domestic value added in gross exports, destination partner shares",KOR,Korea,C26,"Manufacture of computer, electronic and optical products",VNM,Viet Nam,PT_EXGR_DVA,1996,0.173,0
EXGR_DVA_PSH,"Domestic value added in gross exports, destination partner shares",KOR,Korea,C26,"Manufacture of computer, electronic and optical products",EU28XEU15,European Union 28 excluding European Union 15 countries,PT_EXGR_DVA,1996,1.77,0
EXGR_DVA_PSH,"Domestic value added in gross exports, destination partner shares",KOR,Korea,C26,"Manufacture of computer, electronic and optical products",IRL,Ireland,PT_EXGR_DVA,1996,0.331,0
EXGR_DVA_PSH,"Domestic value added in gross exports, destination partner shares",KOR,Korea,C26,"Manufacture of computer, electronic and optical products",ISL,Iceland,PT_EXGR_DVA,1996,0.033,0
EXGR_DVA_PSH,"Domestic value added in gross exports, destination partner shares",KOR,Korea,C26,"Manufacture of computer, electronic and optical products",NZL,New Zealand,PT_EXGR_DVA,1996,0.113,0
EXGR_DVA_PSH,"Domestic value added in gross exports, destination partner shares",KOR,Korea,C26,"Manufacture of computer, electronic and optical products",CIV,Côte d’Ivoire,PT_EXGR_DVA,1996,0.019,0
EXGR_DVA_PSH,"Domestic value added in gross exports, destination partner shares",KOR,Korea,C26,"Manufacture of computer, electronic and optical products",MAR,Morocco,PT_EXGR_DVA,1996,0.06,0
EXGR_DVA_PSH,"Domestic value added in gross exports, destination partner shares",KOR,Korea,C26,"Manufacture of computer, electronic and optical products",SWE,Sweden,PT_EXGR_DVA,1996,0.314,0
EXGR_DVA_PSH,"Domestic value added in gross exports, destination partner shares",KOR,Korea,C26,"Manufacture of computer, electronic and optical products",DEU,Germany,PT_EXGR_DVA,1996,4.925,0
EXGR_DVA_PSH,"Domestic value added in gross exports, destination partner shares",KOR,Korea,C26,"Manufacture of computer, electronic and optical products",ASEAN,ASEAN,PT_EXGR_DVA,1996,10.238,0
EXGR_DVA_PSH,"Domestic value added in gross exports, destination partner shares",KOR,Korea,C26,"Manufacture of computer, electronic and optical products",CZE,Czechia,PT_EXGR_DVA,1996,0.138,0
EXGR_DVA_PSH,"Domestic value added in gross exports, destination partner shares",KOR,Korea,C26,"Manufacture of computer, electronic and optical products",G20,G20,PT_EXGR_DVA,1996,77.637,0
EXGR_DVA_PSH,"Domestic value added in gross exports, destination partner shares",KOR,Korea,C26,"Manufacture of computer, electronic and optical products",SGP,Singapore,PT_EXGR_DVA,1996,0.615,0
EXGR_DVA_PSH,"Domestic value added in gross exports, destination partner shares",KOR,Korea,C26,"Manufacture of computer, electronic and optical products",EU27_2020,European Union (27 countries from 01/02/2020),PT_EXGR_DVA,1996,14.431,0
EXGR_DVA_PSH,"Domestic value added in gross exports, destination partner shares",KOR,Korea,C26,"Manufacture of computer, electronic and optical products",EU28,European Union (28 countries),PT_EXGR_DVA,1996,18.511,0
EXGR_DVA_PSH,"Domestic value added in gross exports, destination partner shares",KOR,Korea,C26,"Manufacture of computer, electronic and optical products",TUR,Türkiye,PT_EXGR_DVA,1996,0.386,0
EXGR_DVA_PSH,"Domestic value added in gross exports, destination partner shares",KOR,Korea,C26,"Manufacture of computer, electronic and optical products",DNK,Denmark,PT_EXGR_DVA,1996,0.145,0
EXGR_DVA_PSH,"Domestic value added in gross exports, destination partner shares",KOR,Korea,C26,"Manufacture of computer, electronic and optical products",CHE,Switzerland,PT_EXGR_DVA,1996,0.269,0
EXGR_DVA_PSH,"Domestic value added in gross exports, destination partner shares",KOR,Korea,C26,"Manufacture of computer, electronic and optical products",EST,Estonia,PT_EXGR_DVA,1999,0.01,0
EXGR_DVA_PSH,"Domestic value added in gross exports, destination partner shares",KOR,Korea,C26,"Manufacture of computer, electronic and optical products",ISL,Iceland,PT_EXGR_DVA,1999,0.008,0
EXGR_DVA_PSH,"Domestic value added in gross exports, destination partner shares",KOR,Korea,C26,"Manufacture of computer, electronic and optical products",CYP,Cyprus,PT_EXGR_DVA,1999,0.007,0
EXGR_DVA_PSH,"Domestic value added in gross exports, destination partner shares",KOR,Korea,C26,"Manufacture of computer, electronic and optical products",BLR,Belarus,PT_EXGR_DVA,1999,0.006,0
EXGR_DVA_PSH,"Domestic value added in gross exports, destination partner shares",KOR,Korea,C26,"Manufacture of computer, electronic and optical products",SEN,Senegal,PT_EXGR_DVA,1999,0.003,0
EXGR_DVA_PSH,"Domestic value added in gross exports, destination partner shares",KOR,Korea,C26,"Manufacture of computer, electronic and optical products",BRN,Brunei Darussalam,PT_EXGR_DVA,1999,0.003,0
EXGR_DVA_PSH,"Domestic value added in gross exports, destination partner shares",KOR,Korea,C26,"Manufacture of computer, electronic and optical products",CMR,Cameroon,PT_EXGR_DVA,1999,0.002,0
EXGR_DVA_PSH,"Domestic value added in gross exports, destination partner shares",KOR,Korea,C26,"Manufacture of computer, electronic and optical products",MLT,Malta,PT_EXGR_DVA,1999,0.002,0
EXGR_DVA_PSH,"Domestic value added in gross exports, destination partner shares",KOR,Korea,C26,"Manufacture of computer, electronic and optical products",KHM,Cambodia,PT_EXGR_DVA,1999,0.002,0
EXGR_DVA_PSH,"Domestic value added in gross exports, destination partner shares",KOR,Korea,C26,"Manufacture of computer, electronic and optical products",LUX,Luxembourg,PT_EXGR_DVA,1999,0.001,0
EXGR_DVA_PSH,"Domestic value added in gross exports, destination partner shares",KOR,Korea,C26,"Manufacture of computer, electronic and optical products",COD,Democratic Republic of the Congo,PT_EXGR_DVA,1999,0.001,0
EXGR_DVA_PSH,"Domestic value added in gross exports, destination partner shares",KOR,Korea,C26,"Manufacture of computer, electronic and optical products",UKR,Ukraine,PT_EXGR_DVA,1996,0.019,0
EXGR_DVA_PSH,"Domestic value added in gross exports, destination partner shares",KOR,Korea,C26,"Manufacture of computer, electronic and optical products",PAK,Pakistan,PT_EXGR_DVA,1999,0.097,0
EXGR_DVA_PSH,"Domestic value added in gross exports, destination partner shares",KOR,Korea,C26,"Manufacture of computer, electronic and optical products",SVK,Slovak Republic,PT_EXGR_DVA,1999,0.014,0
EXGR_DVA_PSH,"Domestic value added in gross exports, destination partner shares",KOR,Korea,C26,"Manufacture of computer, electronic and optical products",MAR,Morocco,PT_EXGR_DVA,1999,0.017,0
EXGR_DVA_PSH,"Domestic value added in gross exports, destination partner shares",KOR,Korea,C26,"Manufacture of computer, electronic and optical products",CHE,Switzerland,PT_EXGR_DVA,1999,0.091,0
EXGR_DVA_PSH,"Domestic value added in gross exports, destination partner shares",KOR,Korea,C26,"Manufacture of computer, electronic and optical products",LVA,Latvia,PT_EXGR_DVA,1999,0.006,0
EXGR_DVA_PSH,"Domestic value added in gross exports, destination partner shares",KOR,Korea,C26,"Manufacture of computer, electronic and optical products",LTU,Lithuania,PT_EXGR_DVA,1999,0.005,0
EXGR_DVA_PSH,"Domestic value added in gross exports, destination partner shares",KOR,Korea,C26,"Manufacture of computer, electronic and optical products",BGR,Bulgaria,PT_EXGR_DVA,1999,0.005,0
EXGR_DVA_PSH,"Domestic value added in gross exports, destination partner shares",KOR,Korea,C26,"Manufacture of computer, electronic and optical products",W,World,PT_EXGR_DVA,1999,100,0
EXGR_DVA_PSH,"Domestic value added in gross exports, destination partner shares",KOR,Korea,C26,"Manufacture of computer, electronic and optical products",KOR,Korea,PT_EXGR_DVA,1999,0,0
EXGR_DVA_PSH,"Domestic value added in gross exports, destination partner shares",KOR,Korea,C26,"Manufacture of computer, electronic and optical products",LAO,Lao People’s Democratic Republic,PT_EXGR_DVA,1999,0,0
EXGR_DVA_PSH,"Domestic value added in gross exports, destination partner shares",KOR,Korea,C26,"Manufacture of computer, electronic and optical products",STP,Sao Tome and Principe,PT_EXGR_DVA,1999,0,0
EXGR_DVA_PSH,"Domestic value added in gross exports, destination partner shares",KOR,Korea,C26,"Manufacture of computer, electronic and optical products",GBR,United Kingdom,PT_EXGR_DVA,2000,5.093,0
EXGR_DVA_PSH,"Domestic value added in gross exports, destination partner shares",KOR,Korea,C26,"Manufacture of computer, electronic and optical products",COL,Colombia,PT_EXGR_DVA,2000,0.088,0
EXGR_DVA_PSH,"Domestic value added in gross exports, destination partner shares",KOR,Korea,C26,"Manufacture of computer, electronic and optical products",WXOECD,Non-OECD economies,PT_EXGR_DVA,2000,29.466,0
EXGR_DVA_PSH,"Domestic value added in gross exports, destination partner shares",KOR,Korea,C26,"Manufacture of computer, electronic and optical products",W_O,Other countries,PT_EXGR_DVA,2000,5.187,0
EXGR_DVA_PSH,"Domestic value added in gross exports, destination partner shares",KOR,Korea,C26,"Manufacture of computer, electronic and optical products",HUN,Hungary,PT_EXGR_DVA,2000,0.673,0
EXGR_DVA_PSH,"Domestic value added in gross exports, destination partner shares",KOR,Korea,C26,"Manufacture of computer, electronic and optical products",E,Europe,PT_EXGR_DVA,2000,16.696,0
EXGR_DVA_PSH,"Domestic value added in gross exports, destination partner shares",KOR,Korea,C26,"Manufacture of computer, electronic and optical products",BRA,Brazil,PT_EXGR_DVA,2000,1.404,0
EXGR_DVA_PSH,"Domestic value added in gross exports, destination partner shares",KOR,Korea,C26,"Manufacture of computer, electronic and optical products",JPN,Japan,PT_EXGR_DVA,2000,12.48,0
EXGR_DVA_PSH,"Domestic value added in gross exports, destination partner shares",KOR,Korea,C26,"Manufacture of computer, electronic and optical products",NAFTA,NAFTA,PT_EXGR_DVA,2000,39.5,0
EXGR_DVA_PSH,"Domestic value added in gross exports, destination partner shares",KOR,Korea,C26,"Manufacture of computer, electronic and optical products",FIN,Finland,PT_EXGR_DVA,2000,0.67,0
EXGR_DVA_PSH,"Domestic value added in gross exports, destination partner shares",KOR,Korea,C26,"Manufacture of computer, electronic and optical products",LTU,Lithuania,PT_EXGR_DVA,2000,0.011,0
EXGR_DVA_PSH,"Domestic value added in gross exports, destination partner shares",KOR,Korea,C26,"Manufacture of computer, electronic and optical products",AUS,Australia,PT_EXGR_DVA,2000,1.619,0
EXGR_DVA_PSH,"Domestic value added in gross exports, destination partner shares",KOR,Korea,C26,"Manufacture of computer, electronic and optical products",EU15,European Union (15 countries),PT_EXGR_DVA,2000,14.998,0
EXGR_DVA_PSH,"Domestic value added in gross exports, destination partner shares",KOR,Korea,C26,"Manufacture of computer, electronic and optical products",ARE,United Arab Emirates,PT_EXGR_DVA,2000,0.243,0
EXGR_DVA_PSH,"Domestic value added in gross exports, destination partner shares",KOR,Korea,C26,"Manufacture of computer, electronic and optical products",PAK,Pakistan,PT_EXGR_DVA,2000,0.073,0
EXGR_DVA_PSH,"Domestic value added in gross exports, destination partner shares",KOR,Korea,C26,"Manufacture of computer, electronic and optical products",MEX,Mexico,PT_EXGR_DVA,2000,3.012,0
EXGR_DVA_PSH,"Domestic value added in gross exports, destination partner shares",KOR,Korea,C26,"Manufacture of computer, electronic and optical products",PHL,Philippines,PT_EXGR_DVA,2000,0.255,0
EXGR_DVA_PSH,"Domestic value added in gross exports, destination partner shares",KOR,Korea,C26,"Manufacture of computer, electronic and optical products",S2,Eastern Asia,PT_EXGR_DVA,2000,31.248,0
EXGR_DVA_PSH,"Domestic value added in gross exports, destination partner shares",KOR,Korea,C26,"Manufacture of computer, electronic and optical products",IDN,Indonesia,PT_EXGR_DVA,2000,0.45,0
EXGR_DVA_PSH,"Domestic value added in gross exports, destination partner shares",KOR,Korea,C26,"Manufacture of computer, electronic and optical products",HKG,Hong Kong (China),PT_EXGR_DVA,2000,0.059,0
EXGR_DVA_PSH,"Domestic value added in gross exports, destination partner shares",KOR,Korea,C26,"Manufacture of computer, electronic and optical products",WXD,Rest of the world,PT_EXGR_DVA,2000,2.179,0
EXGR_DVA_PSH,"Domestic value added in gross exports, destination partner shares",KOR,Korea,C26,"Manufacture of computer, electronic and optical products",ISR,Israel,PT_EXGR_DVA,2000,0.196,0
EXGR_DVA_PSH,"Domestic value added in gross exports, destination partner shares",KOR,Korea,C26,"Manufacture of computer, electronic and optical products",THA,Thailand,PT_EXGR_DVA,2000,1.575,0
EXGR_DVA_PSH,"Domestic value added in gross exports, destination partner shares",KOR,Korea,C26,"Manufacture of computer, electronic and optical products",PRT,Portugal,PT_EXGR_DVA,2000,0.342,0
EXGR_DVA_PSH,"Domestic value added in gross exports, destination partner shares",KOR,Korea,C26,"Manufacture of computer, electronic and optical products",F,Africa,PT_EXGR_DVA,2000,0.336,0
EXGR_DVA_PSH,"Domestic value added in gross exports, destination partner shares",KOR,Korea,C26,"Manufacture of computer, electronic and optical products",ARG,Argentina,PT_EXGR_DVA,2000,0.299,0
EXGR_DVA_PSH,"Domestic value added in gross exports, destination partner shares",KOR,Korea,C26,"Manufacture of computer, electronic and optical products",CAN,Canada,PT_EXGR_DVA,2000,1.781,0
EXGR_DVA_PSH,"Domestic value added in gross exports, destination partner shares",KOR,Korea,C26,"Manufacture of computer, electronic and optical products",BGD,Bangladesh,PT_EXGR_DVA,2000,0.02,0
EXGR_DVA_PSH,"Domestic value added in gross exports, destination partner shares",KOR,Korea,C26,"Manufacture of computer, electronic and optical products",EA19,Euro area (19 countries),PT_EXGR_DVA,2000,9.617,0
EXGR_DVA_PSH,"Domestic value added in gross exports, destination partner shares",KOR,Korea,C26,"Manufacture of computer, electronic and optical products",NLD,Netherlands,PT_EXGR_DVA,2000,0.34,0
EXGR_DVA_PSH,"Domestic value added in gross exports, destination partner shares",KOR,Korea,C26,"Manufacture of computer, electronic and optical products",TUN,Tunisia,PT_EXGR_DVA,2000,0.072,0
EXGR_DVA_PSH,"Domestic value added in gross exports, destination partner shares",KOR,Korea,C26,"Manufacture of computer, electronic and optical products",TWN,Chinese Taipei,PT_EXGR_DVA,2000,10.01,0
EXGR_DVA_PSH,"Domestic value added in gross exports, destination partner shares",KOR,Korea,C26,"Manufacture of computer, electronic and optical products",NOR,Norway,PT_EXGR_DVA,2000,0.132,0
EXGR_DVA_PSH,"Domestic value added in gross exports, destination partner shares",KOR,Korea,C26,"Manufacture of computer, electronic and optical products",RUS,Russia,PT_EXGR_DVA,2000,0.33,0
EXGR_DVA_PSH,"Domestic value added in gross exports, destination partner shares",KOR,Korea,C26,"Manufacture of computer, electronic and optical products",AUT,Austria,PT_EXGR_DVA,2000,0.288,0
EXGR_DVA_PSH,"Domestic value added in gross exports, destination partner shares",KOR,Korea,C26,"Manufacture of computer, electronic and optical products",POL,Poland,PT_EXGR_DVA,2000,0.322,0
EXGR_DVA_PSH,"Domestic value added in gross exports, destination partner shares",KOR,Korea,C26,"Manufacture of computer, electronic and optical products",MYS,Malaysia,PT_EXGR_DVA,2000,1.744,0
EXGR_DVA_PSH,"Domestic value added in gross exports, destination partner shares",KOR,Korea,C26,"Manufacture of computer, electronic and optical products",BEL,Belgium,PT_EXGR_DVA,2000,0.095,0
EXGR_DVA_PSH,"Domestic value added in gross exports, destination partner shares",KOR,Korea,C26,"Manufacture of computer, electronic and optical products",CRI,Costa Rica,PT_EXGR_DVA,2000,0.007,0
EXGR_DVA_PSH,"Domestic value added in gross exports, destination partner shares",KOR,Korea,C26,"Manufacture of computer, electronic and optical products",ZAF,South Africa,PT_EXGR_DVA,2000,0.145,0
EXGR_DVA_PSH,"Domestic value added in gross exports, destination partner shares",KOR,Korea,C26,"Manufacture of computer, electronic and optical products",S2_S8,Eastern and South-eastern Asia,PT_EXGR_DVA,2000,36.364,0
EXGR_DVA_PSH,"Domestic value added in gross exports, destination partner shares",KOR,Korea,C26,"Manufacture of computer, electronic and optical products",GRC,Greece,PT_EXGR_DVA,2000,0.067,0
EXGR_DVA_PSH,"Domestic value added in gross exports, destination partner shares",KOR,Korea,C26,"Manufacture of computer, electronic and optical products",A5_A7,South and Central America,PT_EXGR_DVA,2000,1.918,0
EXGR_DVA_PSH,"Domestic value added in gross exports, destination partner shares",KOR,Korea,C26,"Manufacture of computer, electronic and optical products",CHL,Chile,PT_EXGR_DVA,2000,0.052,0
EXGR_DVA_PSH,"Domestic value added in gross exports, destination partner shares",KOR,Korea,C26,"Manufacture of computer, electronic and optical products",ESP,Spain,PT_EXGR_DVA,2000,0.818,0
EXGR_DVA_PSH,"Domestic value added in gross exports, destination partner shares",KOR,Korea,C26,"Manufacture of computer, electronic and optical products",CHN,China (People’s Republic of),PT_EXGR_DVA,2000,8.699,0
EXGR_DVA_PSH,"Domestic value added in gross exports, destination partner shares",KOR,Korea,C26,"Manufacture of computer, electronic and optical products",IND,India,PT_EXGR_DVA,2000,0.277,0
EXGR_DVA_PSH,"Domestic value added in gross exports, destination partner shares",KOR,Korea,C26,"Manufacture of computer, electronic and optical products",OECD,OECD,PT_EXGR_DVA,2000,70.534,0
EXGR_DVA_PSH,"Domestic value added in gross exports, destination partner shares",KOR,Korea,C26,"Manufacture of computer, electronic and optical products",ITA,Italy,PT_EXGR_DVA,2000,0.913,0
EXGR_DVA_PSH,"Domestic value added in gross exports, destination partner shares",KOR,Korea,C26,"Manufacture of computer, electronic and optical products",FRA,France,PT_EXGR_DVA,2000,1.83,0
EXGR_DVA_PSH,"Domestic value added in gross exports, destination partner shares",KOR,Korea,C26,"Manufacture of computer, electronic and optical products",PER,Peru,PT_EXGR_DVA,2000,0.068,0
EXGR_DVA_PSH,"Domestic value added in gross exports, destination partner shares",KOR,Korea,C26,"Manufacture of computer, electronic and optical products",APEC,APEC,PT_EXGR_DVA,2000,77.99,0
EXGR_DVA_PSH,"Domestic value added in gross exports, destination partner shares",KOR,Korea,C26,"Manufacture of computer, electronic and optical products",USA,United States,PT_EXGR_DVA,2000,34.707,0
EXGR_DVA_PSH,"Domestic value added in gross exports, destination partner shares",KOR,Korea,C26,"Manufacture of computer, electronic and optical products",SAU,Saudi Arabia,PT_EXGR_DVA,2000,0.264,0
EXGR_DVA_PSH,"Domestic value added in gross exports, destination partner shares",KOR,Korea,C26,"Manufacture of computer, electronic and optical products",BLR,Belarus,PT_EXGR_DVA,2000,0.004,0
EXGR_DVA_PSH,"Domestic value added in gross exports, destination partner shares",KOR,Korea,C26,"Manufacture of computer, electronic and optical products",VNM,Viet Nam,PT_EXGR_DVA,2000,0.137,0
EXGR_DVA_PSH,"Domestic value added in gross exports, destination partner shares",KOR,Korea,C26,"Manufacture of computer, electronic and optical products",EU28XEU15,European Union 28 excluding European Union 15 countries,PT_EXGR_DVA,2000,1.146,0
EXGR_DVA_PSH,"Domestic value added in gross exports, destination partner shares",KOR,Korea,C26,"Manufacture of computer, electronic and optical products",IRL,Ireland,PT_EXGR_DVA,2000,0.16,0
EXGR_DVA_PSH,"Domestic value added in gross exports, destination partner shares",KOR,Korea,C26,"Manufacture of computer, electronic and optical products",NZL,New Zealand,PT_EXGR_DVA,2000,0.072,0
EXGR_DVA_PSH,"Domestic value added in gross exports, destination partner shares",KOR,Korea,C26,"Manufacture of computer, electronic and optical products",MAR,Morocco,PT_EXGR_DVA,2000,0.036,0
EXGR_DVA_PSH,"Domestic value added in gross exports, destination partner shares",KOR,Korea,C26,"Manufacture of computer, electronic and optical products",SWE,Sweden,PT_EXGR_DVA,2000,0.295,0
EXGR_DVA_PSH,"Domestic value added in gross exports, destination partner shares",KOR,Korea,C26,"Manufacture of computer, electronic and optical products",DEU,Germany,PT_EXGR_DVA,2000,4.031,0
EXGR_DVA_PSH,"Domestic value added in gross exports, destination partner shares",KOR,Korea,C26,"Manufacture of computer, electronic and optical products",ASEAN,ASEAN,PT_EXGR_DVA,2000,5.115,0
EXGR_DVA_PSH,"Domestic value added in gross exports, destination partner shares",KOR,Korea,C26,"Manufacture of computer, electronic and optical products",CZE,Czechia,PT_EXGR_DVA,2000,0.05,0
EXGR_DVA_PSH,"Domestic value added in gross exports, destination partner shares",KOR,Korea,C26,"Manufacture of computer, electronic and optical products",G20,G20,PT_EXGR_DVA,2000,81.83,0
EXGR_DVA_PSH,"Domestic value added in gross exports, destination partner shares",KOR,Korea,C26,"Manufacture of computer, electronic and optical products",SGP,Singapore,PT_EXGR_DVA,2000,0.938,0
EXGR_DVA_PSH,"Domestic value added in gross exports, destination partner shares",KOR,Korea,C26,"Manufacture of computer, electronic and optical products",EU27_2020,European Union (27 countries from 01/02/2020),PT_EXGR_DVA,2000,11.051,0
EXGR_DVA_PSH,"Domestic value added in gross exports, destination partner shares",KOR,Korea,C26,"Manufacture of computer, electronic and optical products",EU28,European Union (28 countries),PT_EXGR_DVA,2000,16.144,0
EXGR_DVA_PSH,"Domestic value added in gross exports, destination partner shares",KOR,Korea,C26,"Manufacture of computer, electronic and optical products",TUR,Türkiye,PT_EXGR_DVA,2000,0.219,0
EXGR_DVA_PSH,"Domestic value added in gross exports, destination partner shares",KOR,Korea,C26,"Manufacture of computer, electronic and optical products",UKR,Ukraine,PT_EXGR_DVA,2000,0.012,0
EXGR_DVA_PSH,"Domestic value added in gross exports, destination partner shares",KOR,Korea,C26,"Manufacture of computer, electronic and optical products",DNK,Denmark,PT_EXGR_DVA,2000,0.056,0
EXGR_DVA_PSH,"Domestic value added in gross exports, destination partner shares",KOR,Korea,C26,"Manufacture of computer, electronic and optical products",CHE,Switzerland,PT_EXGR_DVA,2000,0.07,0
EXGR_DVA_PSH,"Domestic value added in gross exports, destination partner shares",KOR,Korea,C26,"Manufacture of computer, electronic and optical products",ROU,Romania,PT_EXGR_DVA,2000,0.017,0
EXGR_DVA_PSH,"Domestic value added in gross exports, destination partner shares",KOR,Korea,C26,"Manufacture of computer, electronic and optical products",MMR,Myanmar,PT_EXGR_DVA,2000,0.012,0
EXGR_DVA_PSH,"Domestic value added in gross exports, destination partner shares",KOR,Korea,C26,"Manufacture of computer, electronic and optical products",EST,Estonia,PT_EXGR_DVA,2000,0.008,0
EXGR_DVA_PSH,"Domestic value added in gross exports, destination partner shares",KOR,Korea,C26,"Manufacture of computer, electronic and optical products",CYP,Cyprus,PT_EXGR_DVA,2000,0.007,0
EXGR_DVA_PSH,"Domestic value added in gross exports, destination partner shares",KOR,Korea,C26,"Manufacture of computer, electronic and optical products",KAZ,Kazakhstan,PT_EXGR_DVA,2000,0.005,0
EXGR_DVA_PSH,"Domestic value added in gross exports, destination partner shares",KOR,Korea,C26,"Manufacture of computer, electronic and optical products",BGR,Bulgaria,PT_EXGR_DVA,2000,0.005,0
EXGR_DVA_PSH,"Domestic value added in gross exports, destination partner shares",KOR,Korea,C26,"Manufacture of computer, electronic and optical products",LVA,Latvia,PT_EXGR_DVA,2000,0.004,0
EXGR_DVA_PSH,"Domestic value added in gross exports, destination partner shares",KOR,Korea,C26,"Manufacture of computer, electronic and optical products",ISL,Iceland,PT_EXGR_DVA,2000,0.004,0
EXGR_DVA_PSH,"Domestic value added in gross exports, destination partner shares",KOR,Korea,C26,"Manufacture of computer, electronic and optical products",MLT,Malta,PT_EXGR_DVA,2000,0.004,0
EXGR_DVA_PSH,"Domestic value added in gross exports, destination partner shares",KOR,Korea,C26,"Manufacture of computer, electronic and optical products",AGO,Angola,PT_EXGR_DVA,2000,0.002,0
EXGR_DVA_PSH,"Domestic value added in gross exports, destination partner shares",KOR,Korea,C26,"Manufacture of computer, electronic and optical products",CIV,Côte d’Ivoire,PT_EXGR_DVA,2000,0.002,0
EXGR_DVA_PSH,"Domestic value added in gross exports, destination partner shares",KOR,Korea,C26,"Manufacture of computer, electronic and optical products",BRN,Brunei Darussalam,PT_EXGR_DVA,2000,0.002,0
EXGR_DVA_PSH,"Domestic value added in gross exports, destination partner shares",KOR,Korea,C26,"Manufacture of computer, electronic and optical products",SEN,Senegal,PT_EXGR_DVA,2000,0.002,0
EXGR_DVA_PSH,"Domestic value added in gross exports, destination partner shares",KOR,Korea,C26,"Manufacture of computer, electronic and optical products",KHM,Cambodia,PT_EXGR_DVA,2000,0.002,0
EXGR_DVA_PSH,"Domestic value added in gross exports, destination partner shares",KOR,Korea,C26,"Manufacture of computer, electronic and optical products",LUX,Luxembourg,PT_EXGR_DVA,2000,0.001,0
EXGR_DVA_PSH,"Domestic value added in gross exports, destination partner shares",KOR,Korea,C26,"Manufacture of computer, electronic and optical products",CMR,Cameroon,PT_EXGR_DVA,2000,0.001,0
EXGR_DVA_PSH,"Domestic value added in gross exports, destination partner shares",KOR,Korea,C26,"Manufacture of computer, electronic and optical products",COD,Democratic Republic of the Congo,PT_EXGR_DVA,2000,0.001,0
EXGR_DVA_PSH,"Domestic value added in gross exports, destination partner shares",KOR,Korea,C26,"Manufacture of computer, electronic and optical products",EGY,Egypt,PT_EXGR_DVA,2000,0.05,0
EXGR_DVA_PSH,"Domestic value added in gross exports, destination partner shares",KOR,Korea,C26,"Manufacture of computer, electronic and optical products",NGA,Nigeria,PT_EXGR_DVA,2000,0.024,0
EXGR_DVA_PSH,"Domestic value added in gross exports, destination partner shares",KOR,Korea,C26,"Manufacture of computer, electronic and optical products",SVN,Slovenia,PT_EXGR_DVA,2000,0.014,0
EXGR_DVA_PSH,"Domestic value added in gross exports, destination partner shares",KOR,Korea,C26,"Manufacture of computer, electronic and optical products",JOR,Jordan,PT_EXGR_DVA,2000,0.021,0
EXGR_DVA_PSH,"Domestic value added in gross exports, destination partner shares",KOR,Korea,C26,"Manufacture of computer, electronic and optical products",HRV,Croatia,PT_EXGR_DVA,2000,0.016,0
EXGR_DVA_PSH,"Domestic value added in gross exports, destination partner shares",KOR,Korea,C26,"Manufacture of computer, electronic and optical products",SVK,Slovak Republic,PT_EXGR_DVA,2000,0.015,0
EXGR_DVA_PSH,"Domestic value added in gross exports, destination partner shares",KOR,Korea,C26,"Manufacture of computer, electronic and optical products",W,World,PT_EXGR_DVA,2000,100,0
EXGR_DVA_PSH,"Domestic value added in gross exports, destination partner shares",KOR,Korea,C26,"Manufacture of computer, electronic and optical products",KOR,Korea,PT_EXGR_DVA,2000,0,0
EXGR_DVA_PSH,"Domestic value added in gross exports, destination partner shares",KOR,Korea,C26,"Manufacture of computer, electronic and optical products",LAO,Lao People’s Democratic Republic,PT_EXGR_DVA,2000,0,0
EXGR_DVA_PSH,"Domestic value added in gross exports, destination partner shares",KOR,Korea,C26,"Manufacture of computer, electronic and optical products",STP,Sao Tome and Principe,PT_EXGR_DVA,2000,0,0
EXGR_DVA_PSH,"Domestic value added in gross exports, destination partner shares",KOR,Korea,C26,"Manufacture of computer, electronic and optical products",GBR,United Kingdom,PT_EXGR_DVA,1998,5.185,0
EXGR_DVA_PSH,"Domestic value added in gross exports, destination partner shares",KOR,Korea,C26,"Manufacture of computer, electronic and optical products",COL,Colombia,PT_EXGR_DVA,1998,0.091,0
EXGR_DVA_PSH,"Domestic value added in gross exports, destination partner shares",KOR,Korea,C26,"Manufacture of computer, electronic and optical products",WXOECD,Non-OECD economies,PT_EXGR_DVA,1998,34.148,0
EXGR_DVA_PSH,"Domestic value added in gross exports, destination partner shares",KOR,Korea,C26,"Manufacture of computer, electronic and optical products",W_O,Other countries,PT_EXGR_DVA,1998,6.167,0
EXGR_DVA_PSH,"Domestic value added in gross exports, destination partner shares",KOR,Korea,C26,"Manufacture of computer, electronic and optical products",COD,Democratic Republic of the Congo,PT_EXGR_DVA,1998,0.009,0
EXGR_DVA_PSH,"Domestic value added in gross exports, destination partner shares",KOR,Korea,C26,"Manufacture of computer, electronic and optical products",HUN,Hungary,PT_EXGR_DVA,1998,0.435,0
EXGR_DVA_PSH,"Domestic value added in gross exports, destination partner shares",KOR,Korea,C26,"Manufacture of computer, electronic and optical products",E,Europe,PT_EXGR_DVA,1998,18.698,0
EXGR_DVA_PSH,"Domestic value added in gross exports, destination partner shares",KOR,Korea,C26,"Manufacture of computer, electronic and optical products",BRA,Brazil,PT_EXGR_DVA,1998,1.115,0
EXGR_DVA_PSH,"Domestic value added in gross exports, destination partner shares",KOR,Korea,C26,"Manufacture of computer, electronic and optical products",JPN,Japan,PT_EXGR_DVA,1998,8.771,0
EXGR_DVA_PSH,"Domestic value added in gross exports, destination partner shares",KOR,Korea,C26,"Manufacture of computer, electronic and optical products",NAFTA,NAFTA,PT_EXGR_DVA,1998,37.125,0
EXGR_DVA_PSH,"Domestic value added in gross exports, destination partner shares",KOR,Korea,C26,"Manufacture of computer, electronic and optical products",FIN,Finland,PT_EXGR_DVA,1998,0.459,0
EXGR_DVA_PSH,"Domestic value added in gross exports, destination partner shares",KOR,Korea,C26,"Manufacture of computer, electronic and optical products",EGY,Egypt,PT_EXGR_DVA,1998,0.147,0
EXGR_DVA_PSH,"Domestic value added in gross exports, destination partner shares",KOR,Korea,C26,"Manufacture of computer, electronic and optical products",AUS,Australia,PT_EXGR_DVA,1998,1.212,0
EXGR_DVA_PSH,"Domestic value added in gross exports, destination partner shares",KOR,Korea,C26,"Manufacture of computer, electronic and optical products",EU15,European Union (15 countries),PT_EXGR_DVA,1998,16.13,0
EXGR_DVA_PSH,"Domestic value added in gross exports, destination partner shares",KOR,Korea,C26,"Manufacture of computer, electronic and optical products",ARE,United Arab Emirates,PT_EXGR_DVA,1998,0.279,0
EXGR_DVA_PSH,"Domestic value added in gross exports, destination partner shares",KOR,Korea,C26,"Manufacture of computer, electronic and optical products",PAK,Pakistan,PT_EXGR_DVA,1998,0.146,0
EXGR_DVA_PSH,"Domestic value added in gross exports, destination partner shares",KOR,Korea,C26,"Manufacture of computer, electronic and optical products",MEX,Mexico,PT_EXGR_DVA,1998,3.205,0
EXGR_DVA_PSH,"Domestic value added in gross exports, destination partner shares",KOR,Korea,C26,"Manufacture of computer, electronic and optical products",PHL,Philippines,PT_EXGR_DVA,1998,2.544,0
EXGR_DVA_PSH,"Domestic value added in gross exports, destination partner shares",KOR,Korea,C26,"Manufacture of computer, electronic and optical products",S2,Eastern Asia,PT_EXGR_DVA,1998,26.348,0
EXGR_DVA_PSH,"Domestic value added in gross exports, destination partner shares",KOR,Korea,C26,"Manufacture of computer, electronic and optical products",IDN,Indonesia,PT_EXGR_DVA,1998,0.237,0
EXGR_DVA_PSH,"Domestic value added in gross exports, destination partner shares",KOR,Korea,C26,"Manufacture of computer, electronic and optical products",KAZ,Kazakhstan,PT_EXGR_DVA,1998,0.198,0
EXGR_DVA_PSH,"Domestic value added in gross exports, destination partner shares",KOR,Korea,C26,"Manufacture of computer, electronic and optical products",HKG,Hong Kong (China),PT_EXGR_DVA,1998,0.095,0
EXGR_DVA_PSH,"Domestic value added in gross exports, destination partner shares",KOR,Korea,C26,"Manufacture of computer, electronic and optical products",WXD,Rest of the world,PT_EXGR_DVA,1998,2.895,0
EXGR_DVA_PSH,"Domestic value added in gross exports, destination partner shares",KOR,Korea,C26,"Manufacture of computer, electronic and optical products",SVN,Slovenia,PT_EXGR_DVA,1998,0.026,0
EXGR_DVA_PSH,"Domestic value added in gross exports, destination partner shares",KOR,Korea,C26,"Manufacture of computer, electronic and optical products",ROU,Romania,PT_EXGR_DVA,1998,0.131,0
EXGR_DVA_PSH,"Domestic value added in gross exports, destination partner shares",KOR,Korea,C26,"Manufacture of computer, electronic and optical products",ISR,Israel,PT_EXGR_DVA,1998,0.114,0
EXGR_DVA_PSH,"Domestic value added in gross exports, destination partner shares",KOR,Korea,C26,"Manufacture of computer, electronic and optical products",THA,Thailand,PT_EXGR_DVA,1998,1.181,0
EXGR_DVA_PSH,"Domestic value added in gross exports, destination partner shares",KOR,Korea,C26,"Manufacture of computer, electronic and optical products",PRT,Portugal,PT_EXGR_DVA,1998,0.327,0
EXGR_DVA_PSH,"Domestic value added in gross exports, destination partner shares",KOR,Korea,C26,"Manufacture of computer, electronic and optical products",CYP,Cyprus,PT_EXGR_DVA,1998,0.008,0
EXGR_DVA_PSH,"Domestic value added in gross exports, destination partner shares",KOR,Korea,C26,"Manufacture of computer, electronic and optical products",F,Africa,PT_EXGR_DVA,1998,0.56,0
EXGR_DVA_PSH,"Domestic value added in gross exports, destination partner shares",KOR,Korea,C26,"Manufacture of computer, electronic and optical products",ARG,Argentina,PT_EXGR_DVA,1998,0.906,0
EXGR_DVA_PSH,"Domestic value added in gross exports, destination partner shares",KOR,Korea,C26,"Manufacture of computer, electronic and optical products",CAN,Canada,PT_EXGR_DVA,1998,2.547,0
EXGR_DVA_PSH,"Domestic value added in gross exports, destination partner shares",KOR,Korea,C26,"Manufacture of computer, electronic and optical products",BGD,Bangladesh,PT_EXGR_DVA,1998,0.02,0
EXGR_DVA_PSH,"Domestic value added in gross exports, destination partner shares",KOR,Korea,C26,"Manufacture of computer, electronic and optical products",EA19,Euro area (19 countries),PT_EXGR_DVA,1998,10.754,0
EXGR_DVA_PSH,"Domestic value added in gross exports, destination partner shares",KOR,Korea,C26,"Manufacture of computer, electronic and optical products",NLD,Netherlands,PT_EXGR_DVA,1998,0.251,0
EXGR_DVA_PSH,"Domestic value added in gross exports, destination partner shares",KOR,Korea,C26,"Manufacture of computer, electronic and optical products",TUN,Tunisia,PT_EXGR_DVA,1998,0.104,0
EXGR_DVA_PSH,"Domestic value added in gross exports, destination partner shares",KOR,Korea,C26,"Manufacture of computer, electronic and optical products",TWN,Chinese Taipei,PT_EXGR_DVA,1998,11.744,0
EXGR_DVA_PSH,"Domestic value added in gross exports, destination partner shares",KOR,Korea,C26,"Manufacture of computer, electronic and optical products",NOR,Norway,PT_EXGR_DVA,1998,0.238,0
EXGR_DVA_PSH,"Domestic value added in gross exports, destination partner shares",KOR,Korea,C26,"Manufacture of computer, electronic and optical products",RUS,Russia,PT_EXGR_DVA,1998,0.583,0
EXGR_DVA_PSH,"Domestic value added in gross exports, destination partner shares",KOR,Korea,C26,"Manufacture of computer, electronic and optical products",BGR,Bulgaria,PT_EXGR_DVA,1998,0.009,0
EXGR_DVA_PSH,"Domestic value added in gross exports, destination partner shares",KOR,Korea,C26,"Manufacture of computer, electronic and optical products",AUT,Austria,PT_EXGR_DVA,1998,0.31,0
EXGR_DVA_PSH,"Domestic value added in gross exports, destination partner shares",KOR,Korea,C26,"Manufacture of computer, electronic and optical products",POL,Poland,PT_EXGR_DVA,1998,0.732,0
EXGR_DVA_PSH,"Domestic value added in gross exports, destination partner shares",KOR,Korea,C26,"Manufacture of computer, electronic and optical products",MYS,Malaysia,PT_EXGR_DVA,1998,4.168,0
EXGR_DVA_PSH,"Domestic value added in gross exports, destination partner shares",KOR,Korea,C26,"Manufacture of computer, electronic and optical products",BEL,Belgium,PT_EXGR_DVA,1998,0.08,0
EXGR_DVA_PSH,"Domestic value added in gross exports, destination partner shares",KOR,Korea,C26,"Manufacture of computer, electronic and optical products",CRI,Costa Rica,PT_EXGR_DVA,1998,0.011,0
EXGR_DVA_PSH,"Domestic value added in gross exports, destination partner shares",KOR,Korea,C26,"Manufacture of computer, electronic and optical products",LUX,Luxembourg,PT_EXGR_DVA,1998,0.001,0
EXGR_DVA_PSH,"Domestic value added in gross exports, destination partner shares",KOR,Korea,C26,"Manufacture of computer, electronic and optical products",ZAF,South Africa,PT_EXGR_DVA,1998,0.199,0
EXGR_DVA_PSH,"Domestic value added in gross exports, destination partner shares",KOR,Korea,C26,"Manufacture of computer, electronic and optical products",S2_S8,Eastern and South-eastern Asia,PT_EXGR_DVA,1998,35.139,0
EXGR_DVA_PSH,"Domestic value added in gross exports, destination partner shares",KOR,Korea,C26,"Manufacture of computer, electronic and optical products",HRV,Croatia,PT_EXGR_DVA,1998,0.025,0
EXGR_DVA_PSH,"Domestic value added in gross exports, destination partner shares",KOR,Korea,C26,"Manufacture of computer, electronic and optical products",GRC,Greece,PT_EXGR_DVA,1998,0.055,0
EXGR_DVA_PSH,"Domestic value added in gross exports, destination partner shares",KOR,Korea,C26,"Manufacture of computer, electronic and optical products",A5_A7,South and Central America,PT_EXGR_DVA,1998,2.311,0
EXGR_DVA_PSH,"Domestic value added in gross exports, destination partner shares",KOR,Korea,C26,"Manufacture of computer, electronic and optical products",CHL,Chile,PT_EXGR_DVA,1998,0.06,0
EXGR_DVA_PSH,"Domestic value added in gross exports, destination partner shares",KOR,Korea,C26,"Manufacture of computer, electronic and optical products",ESP,Spain,PT_EXGR_DVA,1998,0.619,0
EXGR_DVA_PSH,"Domestic value added in gross exports, destination partner shares",KOR,Korea,C26,"Manufacture of computer, electronic and optical products",CHN,China (People’s Republic of),PT_EXGR_DVA,1998,5.738,0
EXGR_DVA_PSH,"Domestic value added in gross exports, destination partner shares",KOR,Korea,C26,"Manufacture of computer, electronic and optical products",IND,India,PT_EXGR_DVA,1998,0.468,0
EXGR_DVA_PSH,"Domestic value added in gross exports, destination partner shares",KOR,Korea,C26,"Manufacture of computer, electronic and optical products",OECD,OECD,PT_EXGR_DVA,1998,65.852,0
EXGR_DVA_PSH,"Domestic value added in gross exports, destination partner shares",KOR,Korea,C26,"Manufacture of computer, electronic and optical products",ITA,Italy,PT_EXGR_DVA,1998,1.117,0
EXGR_DVA_PSH,"Domestic value added in gross exports, destination partner shares",KOR,Korea,C26,"Manufacture of computer, electronic and optical products",MMR,Myanmar,PT_EXGR_DVA,1998,0.012,0
EXGR_DVA_PSH,"Domestic value added in gross exports, destination partner shares",KOR,Korea,C26,"Manufacture of computer, electronic and optical products",FRA,France,PT_EXGR_DVA,1998,2.268,0
EXGR_DVA_PSH,"Domestic value added in gross exports, destination partner shares",KOR,Korea,C26,"Manufacture of computer, electronic and optical products",JOR,Jordan,PT_EXGR_DVA,1998,0.035,0
EXGR_DVA_PSH,"Domestic value added in gross exports, destination partner shares",KOR,Korea,C26,"Manufacture of computer, electronic and optical products",PER,Peru,PT_EXGR_DVA,1998,0.128,0
EXGR_DVA_PSH,"Domestic value added in gross exports, destination partner shares",KOR,Korea,C26,"Manufacture of computer, electronic and optical products",APEC,APEC,PT_EXGR_DVA,1998,74.329,0
EXGR_DVA_PSH,"Domestic value added in gross exports, destination partner shares",KOR,Korea,C26,"Manufacture of computer, electronic and optical products",USA,United States,PT_EXGR_DVA,1998,31.372,0
EXGR_DVA_PSH,"Domestic value added in gross exports, destination partner shares",KOR,Korea,C26,"Manufacture of computer, electronic and optical products",SVK,Slovak Republic,PT_EXGR_DVA,1998,0.036,0
EXGR_DVA_PSH,"Domestic value added in gross exports, destination partner shares",KOR,Korea,C26,"Manufacture of computer, electronic and optical products",SAU,Saudi Arabia,PT_EXGR_DVA,1998,0.228,0
EXGR_DVA_PSH,"Domestic value added in gross exports, destination partner shares",KOR,Korea,C26,"Manufacture of computer, electronic and optical products",NGA,Nigeria,PT_EXGR_DVA,1998,0.025,0
EXGR_DVA_PSH,"Domestic value added in gross exports, destination partner shares",KOR,Korea,C26,"Manufacture of computer, electronic and optical products",VNM,Viet Nam,PT_EXGR_DVA,1998,0.223,0
EXGR_DVA_PSH,"Domestic value added in gross exports, destination partner shares",KOR,Korea,C26,"Manufacture of computer, electronic and optical products",EU28XEU15,European Union 28 excluding European Union 15 countries,PT_EXGR_DVA,1998,1.552,0
EXGR_DVA_PSH,"Domestic value added in gross exports, destination partner shares",KOR,Korea,C26,"Manufacture of computer, electronic and optical products",IRL,Ireland,PT_EXGR_DVA,1998,0.692,0
EXGR_DVA_PSH,"Domestic value added in gross exports, destination partner shares",KOR,Korea,C26,"Manufacture of computer, electronic and optical products",ISL,Iceland,PT_EXGR_DVA,1998,0.017,0
EXGR_DVA_PSH,"Domestic value added in gross exports, destination partner shares",KOR,Korea,C26,"Manufacture of computer, electronic and optical products",NZL,New Zealand,PT_EXGR_DVA,1998,0.097,0
EXGR_DVA_PSH,"Domestic value added in gross exports, destination partner shares",KOR,Korea,C26,"Manufacture of computer, electronic and optical products",CIV,Côte d’Ivoire,PT_EXGR_DVA,1998,0.014,0
EXGR_DVA_PSH,"Domestic value added in gross exports, destination partner shares",KOR,Korea,C26,"Manufacture of computer, electronic and optical products",MAR,Morocco,PT_EXGR_DVA,1998,0.051,0
EXGR_DVA_PSH,"Domestic value added in gross exports, destination partner shares",KOR,Korea,C26,"Manufacture of computer, electronic and optical products",SWE,Sweden,PT_EXGR_DVA,1998,0.218,0
EXGR_DVA_PSH,"Domestic value added in gross exports, destination partner shares",KOR,Korea,C26,"Manufacture of computer, electronic and optical products",DEU,Germany,PT_EXGR_DVA,1998,4.448,0
EXGR_DVA_PSH,"Domestic value added in gross exports, destination partner shares",KOR,Korea,C26,"Manufacture of computer, electronic and optical products",ASEAN,ASEAN,PT_EXGR_DVA,1998,8.791,0
EXGR_DVA_PSH,"Domestic value added in gross exports, destination partner shares",KOR,Korea,C26,"Manufacture of computer, electronic and optical products",CZE,Czechia,PT_EXGR_DVA,1998,0.095,0
EXGR_DVA_PSH,"Domestic value added in gross exports, destination partner shares",KOR,Korea,C26,"Manufacture of computer, electronic and optical products",G20,G20,PT_EXGR_DVA,1998,74.74,0
EXGR_DVA_PSH,"Domestic value added in gross exports, destination partner shares",KOR,Korea,C26,"Manufacture of computer, electronic and optical products",SGP,Singapore,PT_EXGR_DVA,1998,0.42,0
EXGR_DVA_PSH,"Domestic value added in gross exports, destination partner shares",KOR,Korea,C26,"Manufacture of computer, electronic and optical products",EU27_2020,European Union (27 countries from 01/02/2020),PT_EXGR_DVA,1998,12.498,0
EXGR_DVA_PSH,"Domestic value added in gross exports, destination partner shares",KOR,Korea,C26,"Manufacture of computer, electronic and optical products",EU28,European Union (28 countries),PT_EXGR_DVA,1998,17.682,0
EXGR_DVA_PSH,"Domestic value added in gross exports, destination partner shares",KOR,Korea,C26,"Manufacture of computer, electronic and optical products",TUR,Türkiye,PT_EXGR_DVA,1998,0.476,0
EXGR_DVA_PSH,"Domestic value added in gross exports, destination partner shares",KOR,Korea,C26,"Manufacture of computer, electronic and optical products",UKR,Ukraine,PT_EXGR_DVA,1998,0.028,0
EXGR_DVA_PSH,"Domestic value added in gross exports, destination partner shares",KOR,Korea,C26,"Manufacture of computer, electronic and optical products",CHE,Switzerland,PT_EXGR_DVA,1998,0.134,0
EXGR_DVA_PSH,"Domestic value added in gross exports, destination partner shares",KOR,Korea,C26,"Manufacture of computer, electronic and optical products",BLR,Belarus,PT_EXGR_DVA,1998,0.017,0
EXGR_DVA_PSH,"Domestic value added in gross exports, destination partner shares",KOR,Korea,C26,"Manufacture of computer, electronic and optical products",BRN,Brunei Darussalam,PT_EXGR_DVA,1998,0.003,0
EXGR_DVA_PSH,"Domestic value added in gross exports, destination partner shares",KOR,Korea,C26,"Manufacture of computer, electronic and optical products",AGO,Angola,PT_EXGR_DVA,1998,0.003,0
EXGR_DVA_PSH,"Domestic value added in gross exports, destination partner shares",KOR,Korea,C26,"Manufacture of computer, electronic and optical products",MLT,Malta,PT_EXGR_DVA,1998,0.003,0
EXGR_DVA_PSH,"Domestic value added in gross exports, destination partner shares",KOR,Korea,C26,"Manufacture of computer, electronic and optical products",KHM,Cambodia,PT_EXGR_DVA,1998,0.002,0
EXGR_DVA_PSH,"Domestic value added in gross exports, destination partner shares",KOR,Korea,C26,"Manufacture of computer, electronic and optical products",DNK,Denmark,PT_EXGR_DVA,1998,0.098,0
EXGR_DVA_PSH,"Domestic value added in gross exports, destination partner shares",KOR,Korea,C26,"Manufacture of computer, electronic and optical products",LTU,Lithuania,PT_EXGR_DVA,1998,0.017,0
EXGR_DVA_PSH,"Domestic value added in gross exports, destination partner shares",KOR,Korea,C26,"Manufacture of computer, electronic and optical products",EST,Estonia,PT_EXGR_DVA,1998,0.023,0
EXGR_DVA_PSH,"Domestic value added in gross exports, destination partner shares",KOR,Korea,C26,"Manufacture of computer, electronic and optical products",LVA,Latvia,PT_EXGR_DVA,1998,0.014,0
EXGR_DVA_PSH,"Domestic value added in gross exports, destination partner shares",KOR,Korea,C26,"Manufacture of computer, electronic and optical products",CMR,Cameroon,PT_EXGR_DVA,1998,0.005,0
EXGR_DVA_PSH,"Domestic value added in gross exports, destination partner shares",KOR,Korea,C26,"Manufacture of computer, electronic and optical products",SEN,Senegal,PT_EXGR_DVA,1998,0.004,0
EXGR_DVA_PSH,"Domestic value added in gross exports, destination partner shares",KOR,Korea,C26,"Manufacture of computer, electronic and optical products",W,World,PT_EXGR_DVA,1998,100,0
EXGR_DVA_PSH,"Domestic value added in gross exports, destination partner shares",KOR,Korea,C26,"Manufacture of computer, electronic and optical products",KOR,Korea,PT_EXGR_DVA,1998,0,0
EXGR_DVA_PSH,"Domestic value added in gross exports, destination partner shares",KOR,Korea,C26,"Manufacture of computer, electronic and optical products",LAO,Lao People’s Democratic Republic,PT_EXGR_DVA,1998,0,0
EXGR_DVA_PSH,"Domestic value added in gross exports, destination partner shares",KOR,Korea,C26,"Manufacture of computer, electronic and optical products",STP,Sao Tome and Principe,PT_EXGR_DVA,1998,0,0
EXGR_PSH,"Gross exports, destination partner shares",KOR,Korea,C26,"Manufacture of computer, electronic and optical products",KOR,Korea,PT_EXGR,2020,0,0
EXGR_PSH,"Gross exports, destination partner shares",KOR,Korea,C26,"Manufacture of computer, electronic and optical products",STP,Sao Tome and Principe,PT_EXGR,2020,0,0
EXGR_PSH,"Gross exports, destination partner shares",KOR,Korea,C26,"Manufacture of computer, electronic and optical products",W,World,PT_EXGR,2020,100,0
EXGR_PSH,"Gross exports, destination partner shares",KOR,Korea,C26,"Manufacture of computer, electronic and optical products",BEL,Belgium,PT_EXGR,2020,0.027,0
EXGR_PSH,"Gross exports, destination partner shares",KOR,Korea,C26,"Manufacture of computer, electronic and optical products",EST,Estonia,PT_EXGR,2020,0.012,0
EXGR_PSH,"Gross exports, destination partner shares",KOR,Korea,C26,"Manufacture of computer, electronic and optical products",MMR,Myanmar,PT_EXGR,2020,0.007,0
EXGR_PSH,"Gross exports, destination partner shares",KOR,Korea,C26,"Manufacture of computer, electronic and optical products",MLT,Malta,PT_EXGR,2020,0.008,0
EXGR_PSH,"Gross exports, destination partner shares",KOR,Korea,C26,"Manufacture of computer, electronic and optical products",TUN,Tunisia,PT_EXGR,2020,0.01,0
EXGR_PSH,"Gross exports, destination partner shares",KOR,Korea,C26,"Manufacture of computer, electronic and optical products",COL,Colombia,PT_EXGR,2020,0.025,0
EXGR_PSH,"Gross exports, destination partner shares",KOR,Korea,C26,"Manufacture of computer, electronic and optical products",CRI,Costa Rica,PT_EXGR,2020,0.005,0
EXGR_PSH,"Gross exports, destination partner shares",KOR,Korea,C26,"Manufacture of computer, electronic and optical products",GRC,Greece,PT_EXGR,2020,0.004,0
EXGR_PSH,"Gross exports, destination partner shares",KOR,Korea,C26,"Manufacture of computer, electronic and optical products",BLR,Belarus,PT_EXGR,2020,0.004,0
EXGR_PSH,"Gross exports, destination partner shares",KOR,Korea,C26,"Manufacture of computer, electronic and optical products",BGR,Bulgaria,PT_EXGR,2020,0.004,0
EXGR_PSH,"Gross exports, destination partner shares",KOR,Korea,C26,"Manufacture of computer, electronic and optical products",KHM,Cambodia,PT_EXGR,2020,0.004,0
EXGR_PSH,"Gross exports, destination partner shares",KOR,Korea,C26,"Manufacture of computer, electronic and optical products",HRV,Croatia,PT_EXGR,2020,0.003,0
EXGR_PSH,"Gross exports, destination partner shares",KOR,Korea,C26,"Manufacture of computer, electronic and optical products",LTU,Lithuania,PT_EXGR,2020,0.002,0
EXGR_PSH,"Gross exports, destination partner shares",KOR,Korea,C26,"Manufacture of computer, electronic and optical products",ISL,Iceland,PT_EXGR,2020,0.002,0
EXGR_PSH,"Gross exports, destination partner shares",KOR,Korea,C26,"Manufacture of computer, electronic and optical products",CMR,Cameroon,PT_EXGR,2020,0.001,0
EXGR_PSH,"Gross exports, destination partner shares",KOR,Korea,C26,"Manufacture of computer, electronic and optical products",AGO,Angola,PT_EXGR,2020,0.001,0
EXGR_PSH,"Gross exports, destination partner shares",KOR,Korea,C26,"Manufacture of computer, electronic and optical products",BRN,Brunei Darussalam,PT_EXGR,2020,0.001,0
EXGR_PSH,"Gross exports, destination partner shares",KOR,Korea,C26,"Manufacture of computer, electronic and optical products",LAO,Lao People’s Democratic Republic,PT_EXGR,2020,0.001,0
EXGR_PSH,"Gross exports, destination partner shares",KOR,Korea,C26,"Manufacture of computer, electronic and optical products",HKG,Hong Kong (China),PT_EXGR,2020,0.043,0
EXGR_PSH,"Gross exports, destination partner shares",KOR,Korea,C26,"Manufacture of computer, electronic and optical products",F,Africa,PT_EXGR,2020,0.146,0
EXGR_PSH,"Gross exports, destination partner shares",KOR,Korea,C26,"Manufacture of computer, electronic and optical products",SVN,Slovenia,PT_EXGR,2020,0.026,0
EXGR_PSH,"Gross exports, destination partner shares",KOR,Korea,C26,"Manufacture of computer, electronic and optical products",ZAF,South Africa,PT_EXGR,2020,0.036,0
EXGR_PSH,"Gross exports, destination partner shares",KOR,Korea,C26,"Manufacture of computer, electronic and optical products",S2_S8,Eastern and South-eastern Asia,PT_EXGR,2020,77.818,0
EXGR_PSH,"Gross exports, destination partner shares",KOR,Korea,C26,"Manufacture of computer, electronic and optical products",NAFTA,NAFTA,PT_EXGR,2020,13.353,0
EXGR_PSH,"Gross exports, destination partner shares",KOR,Korea,C26,"Manufacture of computer, electronic and optical products",SEN,Senegal,PT_EXGR,2020,0.001,0
EXGR_PSH,"Gross exports, destination partner shares",KOR,Korea,C26,"Manufacture of computer, electronic and optical products",CIV,Côte d’Ivoire,PT_EXGR,2020,0.002,0
EXGR_PSH,"Gross exports, destination partner shares",KOR,Korea,C26,"Manufacture of computer, electronic and optical products",CHN,China (People’s Republic of),PT_EXGR,2020,48.671,0
EXGR_PSH,"Gross exports, destination partner shares",KOR,Korea,C26,"Manufacture of computer, electronic and optical products",NGA,Nigeria,PT_EXGR,2020,0.032,0
EXGR_PSH,"Gross exports, destination partner shares",KOR,Korea,C26,"Manufacture of computer, electronic and optical products",AUT,Austria,PT_EXGR,2020,0.061,0
EXGR_PSH,"Gross exports, destination partner shares",KOR,Korea,C26,"Manufacture of computer, electronic and optical products",MYS,Malaysia,PT_EXGR,2020,0.734,0
EXGR_PSH,"Gross exports, destination partner shares",KOR,Korea,C26,"Manufacture of computer, electronic and optical products",EGY,Egypt,PT_EXGR,2020,0.041,0
EXGR_PSH,"Gross exports, destination partner shares",KOR,Korea,C26,"Manufacture of computer, electronic and optical products",NOR,Norway,PT_EXGR,2020,0.043,0
EXGR_PSH,"Gross exports, destination partner shares",KOR,Korea,C26,"Manufacture of computer, electronic and optical products",EU27_2020,European Union (27 countries from 01/02/2020),PT_EXGR,2020,3.8,0
EXGR_PSH,"Gross exports, destination partner shares",KOR,Korea,C26,"Manufacture of computer, electronic and optical products",CHE,Switzerland,PT_EXGR,2020,0.079,0
EXGR_PSH,"Gross exports, destination partner shares",KOR,Korea,C26,"Manufacture of computer, electronic and optical products",DNK,Denmark,PT_EXGR,2020,0.021,0
EXGR_PSH,"Gross exports, destination partner shares",KOR,Korea,C26,"Manufacture of computer, electronic and optical products",JPN,Japan,PT_EXGR,2020,1.828,0
EXGR_PSH,"Gross exports, destination partner shares",KOR,Korea,C26,"Manufacture of computer, electronic and optical products",JOR,Jordan,PT_EXGR,2020,0.005,0
EXGR_PSH,"Gross exports, destination partner shares",KOR,Korea,C26,"Manufacture of computer, electronic and optical products",PER,Peru,PT_EXGR,2020,0.013,0
EXGR_PSH,"Gross exports, destination partner shares",KOR,Korea,C26,"Manufacture of computer, electronic and optical products",USA,United States,PT_EXGR,2020,9.903,0
EXGR_PSH,"Gross exports, destination partner shares",KOR,Korea,C26,"Manufacture of computer, electronic and optical products",BGD,Bangladesh,PT_EXGR,2020,0.038,0
EXGR_PSH,"Gross exports, destination partner shares",KOR,Korea,C26,"Manufacture of computer, electronic and optical products",FRA,France,PT_EXGR,2020,0.236,0
EXGR_PSH,"Gross exports, destination partner shares",KOR,Korea,C26,"Manufacture of computer, electronic and optical products",POL,Poland,PT_EXGR,2020,0.295,0
EXGR_PSH,"Gross exports, destination partner shares",KOR,Korea,C26,"Manufacture of computer, electronic and optical products",PRT,Portugal,PT_EXGR,2020,0.019,0
EXGR_PSH,"Gross exports, destination partner shares",KOR,Korea,C26,"Manufacture of computer, electronic and optical products",ISR,Israel,PT_EXGR,2020,0.269,0
EXGR_PSH,"Gross exports, destination partner shares",KOR,Korea,C26,"Manufacture of computer, electronic and optical products",EU15,European Union (15 countries),PT_EXGR,2020,3.11,0
EXGR_PSH,"Gross exports, destination partner shares",KOR,Korea,C26,"Manufacture of computer, electronic and optical products",WXD,Rest of the world,PT_EXGR,2020,0.981,0
EXGR_PSH,"Gross exports, destination partner shares",KOR,Korea,C26,"Manufacture of computer, electronic and optical products",EA19,Euro area (19 countries),PT_EXGR,2020,2.945,0
EXGR_PSH,"Gross exports, destination partner shares",KOR,Korea,C26,"Manufacture of computer, electronic and optical products",FIN,Finland,PT_EXGR,2020,0.08,0
EXGR_PSH,"Gross exports, destination partner shares",KOR,Korea,C26,"Manufacture of computer, electronic and optical products",ROU,Romania,PT_EXGR,2020,0.019,0
EXGR_PSH,"Gross exports, destination partner shares",KOR,Korea,C26,"Manufacture of computer, electronic and optical products",KAZ,Kazakhstan,PT_EXGR,2020,0.007,0
EXGR_PSH,"Gross exports, destination partner shares",KOR,Korea,C26,"Manufacture of computer, electronic and optical products",MAR,Morocco,PT_EXGR,2020,0.022,0
EXGR_PSH,"Gross exports, destination partner shares",KOR,Korea,C26,"Manufacture of computer, electronic and optical products",RUS,Russia,PT_EXGR,2020,0.316,0
EXGR_PSH,"Gross exports, destination partner shares",KOR,Korea,C26,"Manufacture of computer, electronic and optical products",ARE,United Arab Emirates,PT_EXGR,2020,0.233,0
EXGR_PSH,"Gross exports, destination partner shares",KOR,Korea,C26,"Manufacture of computer, electronic and optical products",VNM,Viet Nam,PT_EXGR,2020,14.61,0
EXGR_PSH,"Gross exports, destination partner shares",KOR,Korea,C26,"Manufacture of computer, electronic and optical products",CAN,Canada,PT_EXGR,2020,0.268,0
EXGR_PSH,"Gross exports, destination partner shares",KOR,Korea,C26,"Manufacture of computer, electronic and optical products",GBR,United Kingdom,PT_EXGR,2020,0.357,0
EXGR_PSH,"Gross exports, destination partner shares",KOR,Korea,C26,"Manufacture of computer, electronic and optical products",ITA,Italy,PT_EXGR,2020,0.094,0
EXGR_PSH,"Gross exports, destination partner shares",KOR,Korea,C26,"Manufacture of computer, electronic and optical products",COD,Democratic Republic of the Congo,PT_EXGR,2020,0.001,0
EXGR_PSH,"Gross exports, destination partner shares",KOR,Korea,C26,"Manufacture of computer, electronic and optical products",UKR,Ukraine,PT_EXGR,2020,0.031,0
EXGR_PSH,"Gross exports, destination partner shares",KOR,Korea,C26,"Manufacture of computer, electronic and optical products",PHL,Philippines,PT_EXGR,2020,1.716,0
EXGR_PSH,"Gross exports, destination partner shares",KOR,Korea,C26,"Manufacture of computer, electronic and optical products",DEU,Germany,PT_EXGR,2020,1.585,0
EXGR_PSH,"Gross exports, destination partner shares",KOR,Korea,C26,"Manufacture of computer, electronic and optical products",CYP,Cyprus,PT_EXGR,2020,0.001,0
EXGR_PSH,"Gross exports, destination partner shares",KOR,Korea,C26,"Manufacture of computer, electronic and optical products",ASEAN,ASEAN,PT_EXGR,2020,20.696,0
EXGR_PSH,"Gross exports, destination partner shares",KOR,Korea,C26,"Manufacture of computer, electronic and optical products",OECD,OECD,PT_EXGR,2020,20.158,0
EXGR_PSH,"Gross exports, destination partner shares",KOR,Korea,C26,"Manufacture of computer, electronic and optical products",A5_A7,South and Central America,PT_EXGR,2020,0.782,0
EXGR_PSH,"Gross exports, destination partner shares",KOR,Korea,C26,"Manufacture of computer, electronic and optical products",SGP,Singapore,PT_EXGR,2020,2.608,0
EXGR_PSH,"Gross exports, destination partner shares",KOR,Korea,C26,"Manufacture of computer, electronic and optical products",S2,Eastern Asia,PT_EXGR,2020,57.122,0
EXGR_PSH,"Gross exports, destination partner shares",KOR,Korea,C26,"Manufacture of computer, electronic and optical products",ARG,Argentina,PT_EXGR,2020,0.023,0
EXGR_PSH,"Gross exports, destination partner shares",KOR,Korea,C26,"Manufacture of computer, electronic and optical products",AUS,Australia,PT_EXGR,2020,0.239,0
EXGR_PSH,"Gross exports, destination partner shares",KOR,Korea,C26,"Manufacture of computer, electronic and optical products",NZL,New Zealand,PT_EXGR,2020,0.023,0
EXGR_PSH,"Gross exports, destination partner shares",KOR,Korea,C26,"Manufacture of computer, electronic and optical products",TUR,Türkiye,PT_EXGR,2020,0.15,0
EXGR_PSH,"Gross exports, destination partner shares",KOR,Korea,C26,"Manufacture of computer, electronic and optical products",EU28,European Union (28 countries),PT_EXGR,2020,4.157,0
EXGR_PSH,"Gross exports, destination partner shares",KOR,Korea,C26,"Manufacture of computer, electronic and optical products",CZE,Czechia,PT_EXGR,2020,0.249,0
EXGR_PSH,"Gross exports, destination partner shares",KOR,Korea,C26,"Manufacture of computer, electronic and optical products",SWE,Sweden,PT_EXGR,2020,0.03,0
EXGR_PSH,"Gross exports, destination partner shares",KOR,Korea,C26,"Manufacture of computer, electronic and optical products",EU28XEU15,European Union 28 excluding European Union 15 countries,PT_EXGR,2020,1.047,0
EXGR_PSH,"Gross exports, destination partner shares",KOR,Korea,C26,"Manufacture of computer, electronic and optical products",MEX,Mexico,PT_EXGR,2020,3.182,0
EXGR_PSH,"Gross exports, destination partner shares",KOR,Korea,C26,"Manufacture of computer, electronic and optical products",TWN,Chinese Taipei,PT_EXGR,2020,6.58,0
EXGR_PSH,"Gross exports, destination partner shares",KOR,Korea,C26,"Manufacture of computer, electronic and optical products",ESP,Spain,PT_EXGR,2020,0.072,0
EXGR_PSH,"Gross exports, destination partner shares",KOR,Korea,C26,"Manufacture of computer, electronic and optical products",LVA,Latvia,PT_EXGR,2020,0.004,0
EXGR_PSH,"Gross exports, destination partner shares",KOR,Korea,C26,"Manufacture of computer, electronic and optical products",HUN,Hungary,PT_EXGR,2020,0.234,0
EXGR_PSH,"Gross exports, destination partner shares",KOR,Korea,C26,"Manufacture of computer, electronic and optical products",E,Europe,PT_EXGR,2020,4.631,0
EXGR_PSH,"Gross exports, destination partner shares",KOR,Korea,C26,"Manufacture of computer, electronic and optical products",G20,G20,PT_EXGR,2020,71.16,0
EXGR_PSH,"Gross exports, destination partner shares",KOR,Korea,C26,"Manufacture of computer, electronic and optical products",LUX,Luxembourg,PT_EXGR,2020,0.006,0
EXGR_PSH,"Gross exports, destination partner shares",KOR,Korea,C26,"Manufacture of computer, electronic and optical products",WXOECD,Non-OECD economies,PT_EXGR,2020,79.842,0
EXGR_PSH,"Gross exports, destination partner shares",KOR,Korea,C26,"Manufacture of computer, electronic and optical products",NLD,Netherlands,PT_EXGR,2020,0.239,0
EXGR_PSH,"Gross exports, destination partner shares",KOR,Korea,C26,"Manufacture of computer, electronic and optical products",BRA,Brazil,PT_EXGR,2020,0.696,0
EXGR_PSH,"Gross exports, destination partner shares",KOR,Korea,C26,"Manufacture of computer, electronic and optical products",IDN,Indonesia,PT_EXGR,2020,0.374,0
EXGR_PSH,"Gross exports, destination partner shares",KOR,Korea,C26,"Manufacture of computer, electronic and optical products",APEC,APEC,PT_EXGR,2020,91.771,0
EXGR_PSH,"Gross exports, destination partner shares",KOR,Korea,C26,"Manufacture of computer, electronic and optical products",THA,Thailand,PT_EXGR,2020,0.641,0
EXGR_PSH,"Gross exports, destination partner shares",KOR,Korea,C26,"Manufacture of computer, electronic and optical products",IND,India,PT_EXGR,2020,1.139,0
EXGR_PSH,"Gross exports, destination partner shares",KOR,Korea,C26,"Manufacture of computer, electronic and optical products",IRL,Ireland,PT_EXGR,2020,0.28,0
EXGR_PSH,"Gross exports, destination partner shares",KOR,Korea,C26,"Manufacture of computer, electronic and optical products",PAK,Pakistan,PT_EXGR,2020,0.009,0
EXGR_PSH,"Gross exports, destination partner shares",KOR,Korea,C26,"Manufacture of computer, electronic and optical products",W_O,Other countries,PT_EXGR,2020,3.271,0
EXGR_PSH,"Gross exports, destination partner shares",KOR,Korea,C26,"Manufacture of computer, electronic and optical products",CHL,Chile,PT_EXGR,2020,0.021,0
EXGR_PSH,"Gross exports, destination partner shares",KOR,Korea,C26,"Manufacture of computer, electronic and optical products",SVK,Slovak Republic,PT_EXGR,2020,0.189,0
EXGR_PSH,"Gross exports, destination partner shares",KOR,Korea,C26,"Manufacture of computer, electronic and optical products",SAU,Saudi Arabia,PT_EXGR,2020,0.179,0
EXGR_DVA_PSH,"Domestic value added in gross exports, destination partner shares",KOR,Korea,C26,"Manufacture of computer, electronic and optical products",GBR,United Kingdom,PT_EXGR_DVA,1997,4.699,0
EXGR_DVA_PSH,"Domestic value added in gross exports, destination partner shares",KOR,Korea,C26,"Manufacture of computer, electronic and optical products",COL,Colombia,PT_EXGR_DVA,1997,0.144,0
EXGR_DVA_PSH,"Domestic value added in gross exports, destination partner shares",KOR,Korea,C26,"Manufacture of computer, electronic and optical products",WXOECD,Non-OECD economies,PT_EXGR_DVA,1997,34.795,0
EXGR_DVA_PSH,"Domestic value added in gross exports, destination partner shares",KOR,Korea,C26,"Manufacture of computer, electronic and optical products",W_O,Other countries,PT_EXGR_DVA,1997,6.81,0
EXGR_DVA_PSH,"Domestic value added in gross exports, destination partner shares",KOR,Korea,C26,"Manufacture of computer, electronic and optical products",HUN,Hungary,PT_EXGR_DVA,1997,0.235,0
EXGR_DVA_PSH,"Domestic value added in gross exports, destination partner shares",KOR,Korea,C26,"Manufacture of computer, electronic and optical products",E,Europe,PT_EXGR_DVA,1997,18.55,0
EXGR_DVA_PSH,"Domestic value added in gross exports, destination partner shares",KOR,Korea,C26,"Manufacture of computer, electronic and optical products",BRA,Brazil,PT_EXGR_DVA,1997,1.739,0
EXGR_DVA_PSH,"Domestic value added in gross exports, destination partner shares",KOR,Korea,C26,"Manufacture of computer, electronic and optical products",JPN,Japan,PT_EXGR_DVA,1997,11.527,0
EXGR_DVA_PSH,"Domestic value added in gross exports, destination partner shares",KOR,Korea,C26,"Manufacture of computer, electronic and optical products",NAFTA,NAFTA,PT_EXGR_DVA,1997,34.242,0
EXGR_DVA_PSH,"Domestic value added in gross exports, destination partner shares",KOR,Korea,C26,"Manufacture of computer, electronic and optical products",FIN,Finland,PT_EXGR_DVA,1997,0.259,0
EXGR_DVA_PSH,"Domestic value added in gross exports, destination partner shares",KOR,Korea,C26,"Manufacture of computer, electronic and optical products",EGY,Egypt,PT_EXGR_DVA,1997,0.227,0
EXGR_DVA_PSH,"Domestic value added in gross exports, destination partner shares",KOR,Korea,C26,"Manufacture of computer, electronic and optical products",AUS,Australia,PT_EXGR_DVA,1997,1.206,0
EXGR_DVA_PSH,"Domestic value added in gross exports, destination partner shares",KOR,Korea,C26,"Manufacture of computer, electronic and optical products",EU15,European Union (15 countries),PT_EXGR_DVA,1997,15.546,0
EXGR_DVA_PSH,"Domestic value added in gross exports, destination partner shares",KOR,Korea,C26,"Manufacture of computer, electronic and optical products",ARE,United Arab Emirates,PT_EXGR_DVA,1997,0.295,0
EXGR_DVA_PSH,"Domestic value added in gross exports, destination partner shares",KOR,Korea,C26,"Manufacture of computer, electronic and optical products",PAK,Pakistan,PT_EXGR_DVA,1997,0.186,0
EXGR_DVA_PSH,"Domestic value added in gross exports, destination partner shares",KOR,Korea,C26,"Manufacture of computer, electronic and optical products",MEX,Mexico,PT_EXGR_DVA,1997,1.695,0
EXGR_DVA_PSH,"Domestic value added in gross exports, destination partner shares",KOR,Korea,C26,"Manufacture of computer, electronic and optical products",SEN,Senegal,PT_EXGR_DVA,1997,0.018,0
EXGR_DVA_PSH,"Domestic value added in gross exports, destination partner shares",KOR,Korea,C26,"Manufacture of computer, electronic and optical products",PHL,Philippines,PT_EXGR_DVA,1997,2.365,0
EXGR_DVA_PSH,"Domestic value added in gross exports, destination partner shares",KOR,Korea,C26,"Manufacture of computer, electronic and optical products",S2,Eastern Asia,PT_EXGR_DVA,1997,25.464,0
EXGR_DVA_PSH,"Domestic value added in gross exports, destination partner shares",KOR,Korea,C26,"Manufacture of computer, electronic and optical products",IDN,Indonesia,PT_EXGR_DVA,1997,0.719,0
EXGR_DVA_PSH,"Domestic value added in gross exports, destination partner shares",KOR,Korea,C26,"Manufacture of computer, electronic and optical products",KAZ,Kazakhstan,PT_EXGR_DVA,1997,0.39,0
EXGR_DVA_PSH,"Domestic value added in gross exports, destination partner shares",KOR,Korea,C26,"Manufacture of computer, electronic and optical products",HKG,Hong Kong (China),PT_EXGR_DVA,1997,0.087,0
EXGR_DVA_PSH,"Domestic value added in gross exports, destination partner shares",KOR,Korea,C26,"Manufacture of computer, electronic and optical products",WXD,Rest of the world,PT_EXGR_DVA,1997,3.273,0
EXGR_DVA_PSH,"Domestic value added in gross exports, destination partner shares",KOR,Korea,C26,"Manufacture of computer, electronic and optical products",SVN,Slovenia,PT_EXGR_DVA,1997,0.027,0
EXGR_DVA_PSH,"Domestic value added in gross exports, destination partner shares",KOR,Korea,C26,"Manufacture of computer, electronic and optical products",ROU,Romania,PT_EXGR_DVA,1997,0.322,0
EXGR_DVA_PSH,"Domestic value added in gross exports, destination partner shares",KOR,Korea,C26,"Manufacture of computer, electronic and optical products",ISR,Israel,PT_EXGR_DVA,1997,0.124,0
EXGR_DVA_PSH,"Domestic value added in gross exports, destination partner shares",KOR,Korea,C26,"Manufacture of computer, electronic and optical products",THA,Thailand,PT_EXGR_DVA,1997,1.231,0
EXGR_DVA_PSH,"Domestic value added in gross exports, destination partner shares",KOR,Korea,C26,"Manufacture of computer, electronic and optical products",PRT,Portugal,PT_EXGR_DVA,1997,0.521,0
EXGR_DVA_PSH,"Domestic value added in gross exports, destination partner shares",KOR,Korea,C26,"Manufacture of computer, electronic and optical products",CYP,Cyprus,PT_EXGR_DVA,1997,0.007,0
EXGR_DVA_PSH,"Domestic value added in gross exports, destination partner shares",KOR,Korea,C26,"Manufacture of computer, electronic and optical products",F,Africa,PT_EXGR_DVA,1997,0.696,0
EXGR_DVA_PSH,"Domestic value added in gross exports, destination partner shares",KOR,Korea,C26,"Manufacture of computer, electronic and optical products",ARG,Argentina,PT_EXGR_DVA,1997,1.027,0
EXGR_DVA_PSH,"Domestic value added in gross exports, destination partner shares",KOR,Korea,C26,"Manufacture of computer, electronic and optical products",CAN,Canada,PT_EXGR_DVA,1997,3.554,0
EXGR_DVA_PSH,"Domestic value added in gross exports, destination partner shares",KOR,Korea,C26,"Manufacture of computer, electronic and optical products",EA19,Euro area (19 countries),PT_EXGR_DVA,1997,10.679,0
EXGR_DVA_PSH,"Domestic value added in gross exports, destination partner shares",KOR,Korea,C26,"Manufacture of computer, electronic and optical products",NLD,Netherlands,PT_EXGR_DVA,1997,0.38,0
EXGR_DVA_PSH,"Domestic value added in gross exports, destination partner shares",KOR,Korea,C26,"Manufacture of computer, electronic and optical products",TUN,Tunisia,PT_EXGR_DVA,1997,0.073,0
EXGR_DVA_PSH,"Domestic value added in gross exports, destination partner shares",KOR,Korea,C26,"Manufacture of computer, electronic and optical products",TWN,Chinese Taipei,PT_EXGR_DVA,1997,8.666,0
EXGR_DVA_PSH,"Domestic value added in gross exports, destination partner shares",KOR,Korea,C26,"Manufacture of computer, electronic and optical products",NOR,Norway,PT_EXGR_DVA,1997,0.281,0
EXGR_DVA_PSH,"Domestic value added in gross exports, destination partner shares",KOR,Korea,C26,"Manufacture of computer, electronic and optical products",RUS,Russia,PT_EXGR_DVA,1997,0.982,0
EXGR_DVA_PSH,"Domestic value added in gross exports, destination partner shares",KOR,Korea,C26,"Manufacture of computer, electronic and optical products",AUT,Austria,PT_EXGR_DVA,1997,0.304,0
EXGR_DVA_PSH,"Domestic value added in gross exports, destination partner shares",KOR,Korea,C26,"Manufacture of computer, electronic and optical products",POL,Poland,PT_EXGR_DVA,1997,0.621,0
EXGR_DVA_PSH,"Domestic value added in gross exports, destination partner shares",KOR,Korea,C26,"Manufacture of computer, electronic and optical products",MYS,Malaysia,PT_EXGR_DVA,1997,6.023,0
EXGR_DVA_PSH,"Domestic value added in gross exports, destination partner shares",KOR,Korea,C26,"Manufacture of computer, electronic and optical products",BEL,Belgium,PT_EXGR_DVA,1997,0.224,0
EXGR_DVA_PSH,"Domestic value added in gross exports, destination partner shares",KOR,Korea,C26,"Manufacture of computer, electronic and optical products",CRI,Costa Rica,PT_EXGR_DVA,1997,0.015,0
EXGR_DVA_PSH,"Domestic value added in gross exports, destination partner shares",KOR,Korea,C26,"Manufacture of computer, electronic and optical products",LUX,Luxembourg,PT_EXGR_DVA,1997,0.001,0
EXGR_DVA_PSH,"Domestic value added in gross exports, destination partner shares",KOR,Korea,C26,"Manufacture of computer, electronic and optical products",ZAF,South Africa,PT_EXGR_DVA,1997,0.257,0
EXGR_DVA_PSH,"Domestic value added in gross exports, destination partner shares",KOR,Korea,C26,"Manufacture of computer, electronic and optical products",S2_S8,Eastern and South-eastern Asia,PT_EXGR_DVA,1997,36.624,0
EXGR_DVA_PSH,"Domestic value added in gross exports, destination partner shares",KOR,Korea,C26,"Manufacture of computer, electronic and optical products",HRV,Croatia,PT_EXGR_DVA,1997,0.035,0
EXGR_DVA_PSH,"Domestic value added in gross exports, destination partner shares",KOR,Korea,C26,"Manufacture of computer, electronic and optical products",GRC,Greece,PT_EXGR_DVA,1997,0.057,0
EXGR_DVA_PSH,"Domestic value added in gross exports, destination partner shares",KOR,Korea,C26,"Manufacture of computer, electronic and optical products",A5_A7,South and Central America,PT_EXGR_DVA,1997,3.077,0
EXGR_DVA_PSH,"Domestic value added in gross exports, destination partner shares",KOR,Korea,C26,"Manufacture of computer, electronic and optical products",CHL,Chile,PT_EXGR_DVA,1997,0.06,0
EXGR_DVA_PSH,"Domestic value added in gross exports, destination partner shares",KOR,Korea,C26,"Manufacture of computer, electronic and optical products",ESP,Spain,PT_EXGR_DVA,1997,0.612,0
EXGR_DVA_PSH,"Domestic value added in gross exports, destination partner shares",KOR,Korea,C26,"Manufacture of computer, electronic and optical products",EST,Estonia,PT_EXGR_DVA,1997,0.074,0
EXGR_DVA_PSH,"Domestic value added in gross exports, destination partner shares",KOR,Korea,C26,"Manufacture of computer, electronic and optical products",CHN,China (People’s Republic of),PT_EXGR_DVA,1997,5.184,0
EXGR_DVA_PSH,"Domestic value added in gross exports, destination partner shares",KOR,Korea,C26,"Manufacture of computer, electronic and optical products",IND,India,PT_EXGR_DVA,1997,0.337,0
EXGR_DVA_PSH,"Domestic value added in gross exports, destination partner shares",KOR,Korea,C26,"Manufacture of computer, electronic and optical products",OECD,OECD,PT_EXGR_DVA,1997,65.205,0
EXGR_DVA_PSH,"Domestic value added in gross exports, destination partner shares",KOR,Korea,C26,"Manufacture of computer, electronic and optical products",AGO,Angola,PT_EXGR_DVA,1997,0.003,0
EXGR_DVA_PSH,"Domestic value added in gross exports, destination partner shares",KOR,Korea,C26,"Manufacture of computer, electronic and optical products",ITA,Italy,PT_EXGR_DVA,1997,0.9,0
EXGR_DVA_PSH,"Domestic value added in gross exports, destination partner shares",KOR,Korea,C26,"Manufacture of computer, electronic and optical products",FRA,France,PT_EXGR_DVA,1997,2.485,0
EXGR_DVA_PSH,"Domestic value added in gross exports, destination partner shares",KOR,Korea,C26,"Manufacture of computer, electronic and optical products",JOR,Jordan,PT_EXGR_DVA,1997,0.012,0
EXGR_DVA_PSH,"Domestic value added in gross exports, destination partner shares",KOR,Korea,C26,"Manufacture of computer, electronic and optical products",PER,Peru,PT_EXGR_DVA,1997,0.092,0
EXGR_DVA_PSH,"Domestic value added in gross exports, destination partner shares",KOR,Korea,C26,"Manufacture of computer, electronic and optical products",APEC,APEC,PT_EXGR_DVA,1997,73.301,0
EXGR_DVA_PSH,"Domestic value added in gross exports, destination partner shares",KOR,Korea,C26,"Manufacture of computer, electronic and optical products",USA,United States,PT_EXGR_DVA,1997,28.993,0
EXGR_DVA_PSH,"Domestic value added in gross exports, destination partner shares",KOR,Korea,C26,"Manufacture of computer, electronic and optical products",SVK,Slovak Republic,PT_EXGR_DVA,1997,0.031,0
EXGR_DVA_PSH,"Domestic value added in gross exports, destination partner shares",KOR,Korea,C26,"Manufacture of computer, electronic and optical products",CMR,Cameroon,PT_EXGR_DVA,1997,0.005,0
EXGR_DVA_PSH,"Domestic value added in gross exports, destination partner shares",KOR,Korea,C26,"Manufacture of computer, electronic and optical products",MLT,Malta,PT_EXGR_DVA,1997,0.007,0
EXGR_DVA_PSH,"Domestic value added in gross exports, destination partner shares",KOR,Korea,C26,"Manufacture of computer, electronic and optical products",SAU,Saudi Arabia,PT_EXGR_DVA,1997,0.247,0
EXGR_DVA_PSH,"Domestic value added in gross exports, destination partner shares",KOR,Korea,C26,"Manufacture of computer, electronic and optical products",NGA,Nigeria,PT_EXGR_DVA,1997,0.027,0
EXGR_DVA_PSH,"Domestic value added in gross exports, destination partner shares",KOR,Korea,C26,"Manufacture of computer, electronic and optical products",VNM,Viet Nam,PT_EXGR_DVA,1997,0.194,0
EXGR_DVA_PSH,"Domestic value added in gross exports, destination partner shares",KOR,Korea,C26,"Manufacture of computer, electronic and optical products",EU28XEU15,European Union 28 excluding European Union 15 countries,PT_EXGR_DVA,1997,1.53,0
EXGR_DVA_PSH,"Domestic value added in gross exports, destination partner shares",KOR,Korea,C26,"Manufacture of computer, electronic and optical products",IRL,Ireland,PT_EXGR_DVA,1997,0.498,0
EXGR_DVA_PSH,"Domestic value added in gross exports, destination partner shares",KOR,Korea,C26,"Manufacture of computer, electronic and optical products",ISL,Iceland,PT_EXGR_DVA,1997,0.021,0
EXGR_DVA_PSH,"Domestic value added in gross exports, destination partner shares",KOR,Korea,C26,"Manufacture of computer, electronic and optical products",NZL,New Zealand,PT_EXGR_DVA,1997,0.114,0
EXGR_DVA_PSH,"Domestic value added in gross exports, destination partner shares",KOR,Korea,C26,"Manufacture of computer, electronic and optical products",MAR,Morocco,PT_EXGR_DVA,1997,0.074,0
EXGR_DVA_PSH,"Domestic value added in gross exports, destination partner shares",KOR,Korea,C26,"Manufacture of computer, electronic and optical products",SWE,Sweden,PT_EXGR_DVA,1997,0.294,0
EXGR_DVA_PSH,"Domestic value added in gross exports, destination partner shares",KOR,Korea,C26,"Manufacture of computer, electronic and optical products",DEU,Germany,PT_EXGR_DVA,1997,4.222,0
EXGR_DVA_PSH,"Domestic value added in gross exports, destination partner shares",KOR,Korea,C26,"Manufacture of computer, electronic and optical products",ASEAN,ASEAN,PT_EXGR_DVA,1997,11.16,0
EXGR_DVA_PSH,"Domestic value added in gross exports, destination partner shares",KOR,Korea,C26,"Manufacture of computer, electronic and optical products",CZE,Czechia,PT_EXGR_DVA,1997,0.092,0
EXGR_DVA_PSH,"Domestic value added in gross exports, destination partner shares",KOR,Korea,C26,"Manufacture of computer, electronic and optical products",G20,G20,PT_EXGR_DVA,1997,75.158,0
EXGR_DVA_PSH,"Domestic value added in gross exports, destination partner shares",KOR,Korea,C26,"Manufacture of computer, electronic and optical products",SGP,Singapore,PT_EXGR_DVA,1997,0.601,0
EXGR_DVA_PSH,"Domestic value added in gross exports, destination partner shares",KOR,Korea,C26,"Manufacture of computer, electronic and optical products",EU27_2020,European Union (27 countries from 01/02/2020),PT_EXGR_DVA,1997,12.377,0
EXGR_DVA_PSH,"Domestic value added in gross exports, destination partner shares",KOR,Korea,C26,"Manufacture of computer, electronic and optical products",EU28,European Union (28 countries),PT_EXGR_DVA,1997,17.076,0
EXGR_DVA_PSH,"Domestic value added in gross exports, destination partner shares",KOR,Korea,C26,"Manufacture of computer, electronic and optical products",TUR,Türkiye,PT_EXGR_DVA,1997,0.614,0
EXGR_DVA_PSH,"Domestic value added in gross exports, destination partner shares",KOR,Korea,C26,"Manufacture of computer, electronic and optical products",UKR,Ukraine,PT_EXGR_DVA,1997,0.023,0
EXGR_DVA_PSH,"Domestic value added in gross exports, destination partner shares",KOR,Korea,C26,"Manufacture of computer, electronic and optical products",CHE,Switzerland,PT_EXGR_DVA,1997,0.16,0
EXGR_DVA_PSH,"Domestic value added in gross exports, destination partner shares",KOR,Korea,C26,"Manufacture of computer, electronic and optical products",MMR,Myanmar,PT_EXGR_DVA,1997,0.017,0
EXGR_DVA_PSH,"Domestic value added in gross exports, destination partner shares",KOR,Korea,C26,"Manufacture of computer, electronic and optical products",BGD,Bangladesh,PT_EXGR_DVA,1997,0.012,0
EXGR_DVA_PSH,"Domestic value added in gross exports, destination partner shares",KOR,Korea,C26,"Manufacture of computer, electronic and optical products",BGR,Bulgaria,PT_EXGR_DVA,1997,0.008,0
EXGR_DVA_PSH,"Domestic value added in gross exports, destination partner shares",KOR,Korea,C26,"Manufacture of computer, electronic and optical products",LVA,Latvia,PT_EXGR_DVA,1997,0.008,0
EXGR_DVA_PSH,"Domestic value added in gross exports, destination partner shares",KOR,Korea,C26,"Manufacture of computer, electronic and optical products",BRN,Brunei Darussalam,PT_EXGR_DVA,1997,0.006,0
EXGR_DVA_PSH,"Domestic value added in gross exports, destination partner shares",KOR,Korea,C26,"Manufacture of computer, electronic and optical products",COD,Democratic Republic of the Congo,PT_EXGR_DVA,1997,0.003,0
EXGR_DVA_PSH,"Domestic value added in gross exports, destination partner shares",KOR,Korea,C26,"Manufacture of computer, electronic and optical products",KHM,Cambodia,PT_EXGR_DVA,1997,0.002,0
EXGR_DVA_PSH,"Domestic value added in gross exports, destination partner shares",KOR,Korea,C26,"Manufacture of computer, electronic and optical products",CIV,Côte d’Ivoire,PT_EXGR_DVA,1997,0.01,0
EXGR_DVA_PSH,"Domestic value added in gross exports, destination partner shares",KOR,Korea,C26,"Manufacture of computer, electronic and optical products",BLR,Belarus,PT_EXGR_DVA,1997,0.008,0
EXGR_DVA_PSH,"Domestic value added in gross exports, destination partner shares",KOR,Korea,C26,"Manufacture of computer, electronic and optical products",LTU,Lithuania,PT_EXGR_DVA,1997,0.062,0
EXGR_DVA_PSH,"Domestic value added in gross exports, destination partner shares",KOR,Korea,C26,"Manufacture of computer, electronic and optical products",DNK,Denmark,PT_EXGR_DVA,1997,0.09,0
EXGR_DVA_PSH,"Domestic value added in gross exports, destination partner shares",KOR,Korea,C26,"Manufacture of computer, electronic and optical products",W,World,PT_EXGR_DVA,1997,100,0
EXGR_DVA_PSH,"Domestic value added in gross exports, destination partner shares",KOR,Korea,C26,"Manufacture of computer, electronic and optical products",KOR,Korea,PT_EXGR_DVA,1997,0,0
EXGR_DVA_PSH,"Domestic value added in gross exports, destination partner shares",KOR,Korea,C26,"Manufacture of computer, electronic and optical products",LAO,Lao People’s Democratic Republic,PT_EXGR_DVA,1997,0,0
EXGR_DVA_PSH,"Domestic value added in gross exports, destination partner shares",KOR,Korea,C26,"Manufacture of computer, electronic and optical products",STP,Sao Tome and Principe,PT_EXGR_DVA,1997,0,0
EXGR_PSH,"Gross exports, destination partner shares",KOR,Korea,C26,"Manufacture of computer, electronic and optical products",KOR,Korea,PT_EXGR,2021,0,0
EXGR_PSH,"Gross exports, destination partner shares",KOR,Korea,C26,"Manufacture of computer, electronic and optical products",STP,Sao Tome and Principe,PT_EXGR,2021,0,0
EXGR_PSH,"Gross exports, destination partner shares",KOR,Korea,C26,"Manufacture of computer, electronic and optical products",W,World,PT_EXGR,2021,100,0
EXGR_PSH,"Gross exports, destination partner shares",KOR,Korea,C26,"Manufacture of computer, electronic and optical products",CHN,China (People’s Republic of),PT_EXGR,2021,50.54,0
EXGR_PSH,"Gross exports, destination partner shares",KOR,Korea,C26,"Manufacture of computer, electronic and optical products",JOR,Jordan,PT_EXGR,2021,0.004,0
EXGR_PSH,"Gross exports, destination partner shares",KOR,Korea,C26,"Manufacture of computer, electronic and optical products",LTU,Lithuania,PT_EXGR,2021,0.002,0
EXGR_PSH,"Gross exports, destination partner shares",KOR,Korea,C26,"Manufacture of computer, electronic and optical products",LUX,Luxembourg,PT_EXGR,2021,0.009,0
EXGR_PSH,"Gross exports, destination partner shares",KOR,Korea,C26,"Manufacture of computer, electronic and optical products",BGR,Bulgaria,PT_EXGR,2021,0.005,0
EXGR_PSH,"Gross exports, destination partner shares",KOR,Korea,C26,"Manufacture of computer, electronic and optical products",KAZ,Kazakhstan,PT_EXGR,2021,0.005,0
EXGR_PSH,"Gross exports, destination partner shares",KOR,Korea,C26,"Manufacture of computer, electronic and optical products",HRV,Croatia,PT_EXGR,2021,0.002,0
EXGR_PSH,"Gross exports, destination partner shares",KOR,Korea,C26,"Manufacture of computer, electronic and optical products",CMR,Cameroon,PT_EXGR,2021,0.002,0
EXGR_PSH,"Gross exports, destination partner shares",KOR,Korea,C26,"Manufacture of computer, electronic and optical products",SEN,Senegal,PT_EXGR,2021,0.001,0
EXGR_PSH,"Gross exports, destination partner shares",KOR,Korea,C26,"Manufacture of computer, electronic and optical products",ISL,Iceland,PT_EXGR,2021,0.001,0
EXGR_PSH,"Gross exports, destination partner shares",KOR,Korea,C26,"Manufacture of computer, electronic and optical products",BRN,Brunei Darussalam,PT_EXGR,2021,0.001,0
EXGR_PSH,"Gross exports, destination partner shares",KOR,Korea,C26,"Manufacture of computer, electronic and optical products",LAO,Lao People’s Democratic Republic,PT_EXGR,2021,0.001,0
EXGR_PSH,"Gross exports, destination partner shares",KOR,Korea,C26,"Manufacture of computer, electronic and optical products",GRC,Greece,PT_EXGR,2021,0.005,0
EXGR_PSH,"Gross exports, destination partner shares",KOR,Korea,C26,"Manufacture of computer, electronic and optical products",BLR,Belarus,PT_EXGR,2021,0.002,0
EXGR_PSH,"Gross exports, destination partner shares",KOR,Korea,C26,"Manufacture of computer, electronic and optical products",HKG,Hong Kong (China),PT_EXGR,2021,0.035,0
EXGR_PSH,"Gross exports, destination partner shares",KOR,Korea,C26,"Manufacture of computer, electronic and optical products",F,Africa,PT_EXGR,2021,0.126,0
EXGR_PSH,"Gross exports, destination partner shares",KOR,Korea,C26,"Manufacture of computer, electronic and optical products",SVN,Slovenia,PT_EXGR,2021,0.014,0
EXGR_PSH,"Gross exports, destination partner shares",KOR,Korea,C26,"Manufacture of computer, electronic and optical products",ZAF,South Africa,PT_EXGR,2021,0.031,0
EXGR_PSH,"Gross exports, destination partner shares",KOR,Korea,C26,"Manufacture of computer, electronic and optical products",S2_S8,Eastern and South-eastern Asia,PT_EXGR,2021,79.901,0
EXGR_PSH,"Gross exports, destination partner shares",KOR,Korea,C26,"Manufacture of computer, electronic and optical products",NAFTA,NAFTA,PT_EXGR,2021,12.621,0
EXGR_PSH,"Gross exports, destination partner shares",KOR,Korea,C26,"Manufacture of computer, electronic and optical products",COL,Colombia,PT_EXGR,2021,0.025,0
EXGR_PSH,"Gross exports, destination partner shares",KOR,Korea,C26,"Manufacture of computer, electronic and optical products",CIV,Côte d’Ivoire,PT_EXGR,2021,0.002,0
EXGR_PSH,"Gross exports, destination partner shares",KOR,Korea,C26,"Manufacture of computer, electronic and optical products",NGA,Nigeria,PT_EXGR,2021,0.006,0
EXGR_PSH,"Gross exports, destination partner shares",KOR,Korea,C26,"Manufacture of computer, electronic and optical products",AUT,Austria,PT_EXGR,2021,0.057,0
EXGR_PSH,"Gross exports, destination partner shares",KOR,Korea,C26,"Manufacture of computer, electronic and optical products",MYS,Malaysia,PT_EXGR,2021,0.543,0
EXGR_PSH,"Gross exports, destination partner shares",KOR,Korea,C26,"Manufacture of computer, electronic and optical products",EGY,Egypt,PT_EXGR,2021,0.045,0
EXGR_PSH,"Gross exports, destination partner shares",KOR,Korea,C26,"Manufacture of computer, electronic and optical products",NOR,Norway,PT_EXGR,2021,0.039,0
EXGR_PSH,"Gross exports, destination partner shares",KOR,Korea,C26,"Manufacture of computer, electronic and optical products",EU27_2020,European Union (27 countries from 01/02/2020),PT_EXGR,2021,3.337,0
EXGR_PSH,"Gross exports, destination partner shares",KOR,Korea,C26,"Manufacture of computer, electronic and optical products",CHE,Switzerland,PT_EXGR,2021,0.071,0
EXGR_PSH,"Gross exports, destination partner shares",KOR,Korea,C26,"Manufacture of computer, electronic and optical products",DNK,Denmark,PT_EXGR,2021,0.022,0
EXGR_PSH,"Gross exports, destination partner shares",KOR,Korea,C26,"Manufacture of computer, electronic and optical products",JPN,Japan,PT_EXGR,2021,1.86,0
EXGR_PSH,"Gross exports, destination partner shares",KOR,Korea,C26,"Manufacture of computer, electronic and optical products",BEL,Belgium,PT_EXGR,2021,0.032,0
EXGR_PSH,"Gross exports, destination partner shares",KOR,Korea,C26,"Manufacture of computer, electronic and optical products",PER,Peru,PT_EXGR,2021,0.012,0
EXGR_PSH,"Gross exports, destination partner shares",KOR,Korea,C26,"Manufacture of computer, electronic and optical products",USA,United States,PT_EXGR,2021,9.602,0
EXGR_PSH,"Gross exports, destination partner shares",KOR,Korea,C26,"Manufacture of computer, electronic and optical products",BGD,Bangladesh,PT_EXGR,2021,0.028,0
EXGR_PSH,"Gross exports, destination partner shares",KOR,Korea,C26,"Manufacture of computer, electronic and optical products",FRA,France,PT_EXGR,2021,0.23,0
EXGR_PSH,"Gross exports, destination partner shares",KOR,Korea,C26,"Manufacture of computer, electronic and optical products",POL,Poland,PT_EXGR,2021,0.258,0
EXGR_PSH,"Gross exports, destination partner shares",KOR,Korea,C26,"Manufacture of computer, electronic and optical products",PRT,Portugal,PT_EXGR,2021,0.018,0
EXGR_PSH,"Gross exports, destination partner shares",KOR,Korea,C26,"Manufacture of computer, electronic and optical products",ISR,Israel,PT_EXGR,2021,0.204,0
EXGR_PSH,"Gross exports, destination partner shares",KOR,Korea,C26,"Manufacture of computer, electronic and optical products",EU15,European Union (15 countries),PT_EXGR,2021,2.793,0
EXGR_PSH,"Gross exports, destination partner shares",KOR,Korea,C26,"Manufacture of computer, electronic and optical products",WXD,Rest of the world,PT_EXGR,2021,0.797,0
EXGR_PSH,"Gross exports, destination partner shares",KOR,Korea,C26,"Manufacture of computer, electronic and optical products",EA19,Euro area (19 countries),PT_EXGR,2021,2.636,0
EXGR_PSH,"Gross exports, destination partner shares",KOR,Korea,C26,"Manufacture of computer, electronic and optical products",FIN,Finland,PT_EXGR,2021,0.054,0
EXGR_PSH,"Gross exports, destination partner shares",KOR,Korea,C26,"Manufacture of computer, electronic and optical products",ROU,Romania,PT_EXGR,2021,0.013,0
EXGR_PSH,"Gross exports, destination partner shares",KOR,Korea,C26,"Manufacture of computer, electronic and optical products",MAR,Morocco,PT_EXGR,2021,0.015,0
EXGR_PSH,"Gross exports, destination partner shares",KOR,Korea,C26,"Manufacture of computer, electronic and optical products",RUS,Russia,PT_EXGR,2021,0.302,0
EXGR_PSH,"Gross exports, destination partner shares",KOR,Korea,C26,"Manufacture of computer, electronic and optical products",ARE,United Arab Emirates,PT_EXGR,2021,0.135,0
EXGR_PSH,"Gross exports, destination partner shares",KOR,Korea,C26,"Manufacture of computer, electronic and optical products",VNM,Viet Nam,PT_EXGR,2021,13.891,0
EXGR_PSH,"Gross exports, destination partner shares",KOR,Korea,C26,"Manufacture of computer, electronic and optical products",CAN,Canada,PT_EXGR,2021,0.23,0
EXGR_PSH,"Gross exports, destination partner shares",KOR,Korea,C26,"Manufacture of computer, electronic and optical products",MMR,Myanmar,PT_EXGR,2021,0.005,0
EXGR_PSH,"Gross exports, destination partner shares",KOR,Korea,C26,"Manufacture of computer, electronic and optical products",GBR,United Kingdom,PT_EXGR,2021,0.316,0
EXGR_PSH,"Gross exports, destination partner shares",KOR,Korea,C26,"Manufacture of computer, electronic and optical products",ITA,Italy,PT_EXGR,2021,0.099,0
EXGR_PSH,"Gross exports, destination partner shares",KOR,Korea,C26,"Manufacture of computer, electronic and optical products",COD,Democratic Republic of the Congo,PT_EXGR,2021,0.001,0
EXGR_PSH,"Gross exports, destination partner shares",KOR,Korea,C26,"Manufacture of computer, electronic and optical products",UKR,Ukraine,PT_EXGR,2021,0.026,0
EXGR_PSH,"Gross exports, destination partner shares",KOR,Korea,C26,"Manufacture of computer, electronic and optical products",PHL,Philippines,PT_EXGR,2021,1.458,0
EXGR_PSH,"Gross exports, destination partner shares",KOR,Korea,C26,"Manufacture of computer, electronic and optical products",EST,Estonia,PT_EXGR,2021,0.007,0
EXGR_PSH,"Gross exports, destination partner shares",KOR,Korea,C26,"Manufacture of computer, electronic and optical products",DEU,Germany,PT_EXGR,2021,1.328,0
EXGR_PSH,"Gross exports, destination partner shares",KOR,Korea,C26,"Manufacture of computer, electronic and optical products",CYP,Cyprus,PT_EXGR,2021,0.001,0
EXGR_PSH,"Gross exports, destination partner shares",KOR,Korea,C26,"Manufacture of computer, electronic and optical products",ASEAN,ASEAN,PT_EXGR,2021,20.306,0
EXGR_PSH,"Gross exports, destination partner shares",KOR,Korea,C26,"Manufacture of computer, electronic and optical products",OECD,OECD,PT_EXGR,2021,18.787,0
EXGR_PSH,"Gross exports, destination partner shares",KOR,Korea,C26,"Manufacture of computer, electronic and optical products",A5_A7,South and Central America,PT_EXGR,2021,0.714,0
EXGR_PSH,"Gross exports, destination partner shares",KOR,Korea,C26,"Manufacture of computer, electronic and optical products",SGP,Singapore,PT_EXGR,2021,3.398,0
EXGR_PSH,"Gross exports, destination partner shares",KOR,Korea,C26,"Manufacture of computer, electronic and optical products",S2,Eastern Asia,PT_EXGR,2021,59.595,0
EXGR_PSH,"Gross exports, destination partner shares",KOR,Korea,C26,"Manufacture of computer, electronic and optical products",ARG,Argentina,PT_EXGR,2021,0.022,0
EXGR_PSH,"Gross exports, destination partner shares",KOR,Korea,C26,"Manufacture of computer, electronic and optical products",AUS,Australia,PT_EXGR,2021,0.157,0
EXGR_PSH,"Gross exports, destination partner shares",KOR,Korea,C26,"Manufacture of computer, electronic and optical products",NZL,New Zealand,PT_EXGR,2021,0.021,0
EXGR_PSH,"Gross exports, destination partner shares",KOR,Korea,C26,"Manufacture of computer, electronic and optical products",TUR,Türkiye,PT_EXGR,2021,0.137,0
EXGR_PSH,"Gross exports, destination partner shares",KOR,Korea,C26,"Manufacture of computer, electronic and optical products",EU28,European Union (28 countries),PT_EXGR,2021,3.653,0
EXGR_PSH,"Gross exports, destination partner shares",KOR,Korea,C26,"Manufacture of computer, electronic and optical products",CZE,Czechia,PT_EXGR,2021,0.23,0
EXGR_PSH,"Gross exports, destination partner shares",KOR,Korea,C26,"Manufacture of computer, electronic and optical products",SWE,Sweden,PT_EXGR,2021,0.032,0
EXGR_PSH,"Gross exports, destination partner shares",KOR,Korea,C26,"Manufacture of computer, electronic and optical products",EU28XEU15,European Union 28 excluding European Union 15 countries,PT_EXGR,2021,0.86,0
EXGR_PSH,"Gross exports, destination partner shares",KOR,Korea,C26,"Manufacture of computer, electronic and optical products",MEX,Mexico,PT_EXGR,2021,2.788,0
EXGR_PSH,"Gross exports, destination partner shares",KOR,Korea,C26,"Manufacture of computer, electronic and optical products",TWN,Chinese Taipei,PT_EXGR,2021,7.16,0
EXGR_PSH,"Gross exports, destination partner shares",KOR,Korea,C26,"Manufacture of computer, electronic and optical products",ESP,Spain,PT_EXGR,2021,0.067,0
EXGR_PSH,"Gross exports, destination partner shares",KOR,Korea,C26,"Manufacture of computer, electronic and optical products",LVA,Latvia,PT_EXGR,2021,0.005,0
EXGR_PSH,"Gross exports, destination partner shares",KOR,Korea,C26,"Manufacture of computer, electronic and optical products",HUN,Hungary,PT_EXGR,2021,0.14,0
EXGR_PSH,"Gross exports, destination partner shares",KOR,Korea,C26,"Manufacture of computer, electronic and optical products",E,Europe,PT_EXGR,2021,4.095,0
EXGR_PSH,"Gross exports, destination partner shares",KOR,Korea,C26,"Manufacture of computer, electronic and optical products",G20,G20,PT_EXGR,2021,71.343,0
EXGR_PSH,"Gross exports, destination partner shares",KOR,Korea,C26,"Manufacture of computer, electronic and optical products",AGO,Angola,PT_EXGR,2021,0.014,0
EXGR_PSH,"Gross exports, destination partner shares",KOR,Korea,C26,"Manufacture of computer, electronic and optical products",WXOECD,Non-OECD economies,PT_EXGR,2021,81.213,0
EXGR_PSH,"Gross exports, destination partner shares",KOR,Korea,C26,"Manufacture of computer, electronic and optical products",NLD,Netherlands,PT_EXGR,2021,0.241,0
EXGR_PSH,"Gross exports, destination partner shares",KOR,Korea,C26,"Manufacture of computer, electronic and optical products",BRA,Brazil,PT_EXGR,2021,0.625,0
EXGR_PSH,"Gross exports, destination partner shares",KOR,Korea,C26,"Manufacture of computer, electronic and optical products",CRI,Costa Rica,PT_EXGR,2021,0.004,0
EXGR_PSH,"Gross exports, destination partner shares",KOR,Korea,C26,"Manufacture of computer, electronic and optical products",IDN,Indonesia,PT_EXGR,2021,0.347,0
EXGR_PSH,"Gross exports, destination partner shares",KOR,Korea,C26,"Manufacture of computer, electronic and optical products",APEC,APEC,PT_EXGR,2021,93.031,0
EXGR_PSH,"Gross exports, destination partner shares",KOR,Korea,C26,"Manufacture of computer, electronic and optical products",THA,Thailand,PT_EXGR,2021,0.659,0
EXGR_PSH,"Gross exports, destination partner shares",KOR,Korea,C26,"Manufacture of computer, electronic and optical products",IND,India,PT_EXGR,2021,0.9,0
EXGR_PSH,"Gross exports, destination partner shares",KOR,Korea,C26,"Manufacture of computer, electronic and optical products",IRL,Ireland,PT_EXGR,2021,0.283,0
EXGR_PSH,"Gross exports, destination partner shares",KOR,Korea,C26,"Manufacture of computer, electronic and optical products",PAK,Pakistan,PT_EXGR,2021,0.006,0
EXGR_PSH,"Gross exports, destination partner shares",KOR,Korea,C26,"Manufacture of computer, electronic and optical products",W_O,Other countries,PT_EXGR,2021,2.543,0
EXGR_PSH,"Gross exports, destination partner shares",KOR,Korea,C26,"Manufacture of computer, electronic and optical products",MLT,Malta,PT_EXGR,2021,0.013,0
EXGR_PSH,"Gross exports, destination partner shares",KOR,Korea,C26,"Manufacture of computer, electronic and optical products",TUN,Tunisia,PT_EXGR,2021,0.01,0
EXGR_PSH,"Gross exports, destination partner shares",KOR,Korea,C26,"Manufacture of computer, electronic and optical products",CHL,Chile,PT_EXGR,2021,0.027,0
EXGR_PSH,"Gross exports, destination partner shares",KOR,Korea,C26,"Manufacture of computer, electronic and optical products",KHM,Cambodia,PT_EXGR,2021,0.003,0
EXGR_PSH,"Gross exports, destination partner shares",KOR,Korea,C26,"Manufacture of computer, electronic and optical products",SVK,Slovak Republic,PT_EXGR,2021,0.171,0
EXGR_PSH,"Gross exports, destination partner shares",KOR,Korea,C26,"Manufacture of computer, electronic and optical products",SAU,Saudi Arabia,PT_EXGR,2021,0.149,0
EXGR_DVA_PSH,"Domestic value added in gross exports, destination partner shares",KOR,Korea,C26,"Manufacture of computer, electronic and optical products",GBR,United Kingdom,PT_EXGR_DVA,1996,4.08,0
EXGR_DVA_PSH,"Domestic value added in gross exports, destination partner shares",KOR,Korea,C26,"Manufacture of computer, electronic and optical products",COL,Colombia,PT_EXGR_DVA,1996,0.14,0
EXGR_DVA_PSH,"Domestic value added in gross exports, destination partner shares",KOR,Korea,C26,"Manufacture of computer, electronic and optical products",WXOECD,Non-OECD economies,PT_EXGR_DVA,1996,32.97,0
EXGR_DVA_PSH,"Domestic value added in gross exports, destination partner shares",KOR,Korea,C26,"Manufacture of computer, electronic and optical products",W_O,Other countries,PT_EXGR_DVA,1996,6.105,0
EXGR_DVA_PSH,"Domestic value added in gross exports, destination partner shares",KOR,Korea,C26,"Manufacture of computer, electronic and optical products",HUN,Hungary,PT_EXGR_DVA,1996,0.204,0
EXGR_DVA_PSH,"Domestic value added in gross exports, destination partner shares",KOR,Korea,C26,"Manufacture of computer, electronic and optical products",E,Europe,PT_EXGR_DVA,1996,21.793,0
EXGR_DVA_PSH,"Domestic value added in gross exports, destination partner shares",KOR,Korea,C26,"Manufacture of computer, electronic and optical products",BRA,Brazil,PT_EXGR_DVA,1996,1.946,0
EXGR_DVA_PSH,"Domestic value added in gross exports, destination partner shares",KOR,Korea,C26,"Manufacture of computer, electronic and optical products",JPN,Japan,PT_EXGR_DVA,1996,12.389,0
EXGR_DVA_PSH,"Domestic value added in gross exports, destination partner shares",KOR,Korea,C26,"Manufacture of computer, electronic and optical products",NAFTA,NAFTA,PT_EXGR_DVA,1996,34.319,0
EXGR_DVA_PSH,"Domestic value added in gross exports, destination partner shares",KOR,Korea,C26,"Manufacture of computer, electronic and optical products",FIN,Finland,PT_EXGR_DVA,1996,0.382,0
EXGR_DVA_PSH,"Domestic value added in gross exports, destination partner shares",KOR,Korea,C26,"Manufacture of computer, electronic and optical products",EGY,Egypt,PT_EXGR_DVA,1996,0.237,0
EXGR_DVA_PSH,"Domestic value added in gross exports, destination partner shares",KOR,Korea,C26,"Manufacture of computer, electronic and optical products",AUS,Australia,PT_EXGR_DVA,1996,0.845,0
EXGR_DVA_PSH,"Domestic value added in gross exports, destination partner shares",KOR,Korea,C26,"Manufacture of computer, electronic and optical products",EU15,European Union (15 countries),PT_EXGR_DVA,1996,16.74,0
EXGR_DVA_PSH,"Domestic value added in gross exports, destination partner shares",KOR,Korea,C26,"Manufacture of computer, electronic and optical products",ARE,United Arab Emirates,PT_EXGR_DVA,1996,0.385,0
EXGR_DVA_PSH,"Domestic value added in gross exports, destination partner shares",KOR,Korea,C26,"Manufacture of computer, electronic and optical products",PAK,Pakistan,PT_EXGR_DVA,1996,0.194,0
EXGR_DVA_PSH,"Domestic value added in gross exports, destination partner shares",KOR,Korea,C26,"Manufacture of computer, electronic and optical products",MEX,Mexico,PT_EXGR_DVA,1996,1.064,0
EXGR_DVA_PSH,"Domestic value added in gross exports, destination partner shares",KOR,Korea,C26,"Manufacture of computer, electronic and optical products",SEN,Senegal,PT_EXGR_DVA,1996,0.018,0
EXGR_DVA_PSH,"Domestic value added in gross exports, destination partner shares",KOR,Korea,C26,"Manufacture of computer, electronic and optical products",PHL,Philippines,PT_EXGR_DVA,1996,1.327,0
EXGR_DVA_PSH,"Domestic value added in gross exports, destination partner shares",KOR,Korea,C26,"Manufacture of computer, electronic and optical products",S2,Eastern Asia,PT_EXGR_DVA,1996,23.713,0
EXGR_DVA_PSH,"Domestic value added in gross exports, destination partner shares",KOR,Korea,C26,"Manufacture of computer, electronic and optical products",IDN,Indonesia,PT_EXGR_DVA,1996,0.888,0
EXGR_DVA_PSH,"Domestic value added in gross exports, destination partner shares",KOR,Korea,C26,"Manufacture of computer, electronic and optical products",KAZ,Kazakhstan,PT_EXGR_DVA,1996,0.244,0
EXGR_DVA_PSH,"Domestic value added in gross exports, destination partner shares",KOR,Korea,C26,"Manufacture of computer, electronic and optical products",HKG,Hong Kong (China),PT_EXGR_DVA,1996,0.083,0
EXGR_DVA_PSH,"Domestic value added in gross exports, destination partner shares",KOR,Korea,C26,"Manufacture of computer, electronic and optical products",WXD,Rest of the world,PT_EXGR_DVA,1996,3.214,0
EXGR_DVA_PSH,"Domestic value added in gross exports, destination partner shares",KOR,Korea,C26,"Manufacture of computer, electronic and optical products",SVN,Slovenia,PT_EXGR_DVA,1996,0.042,0
EXGR_DVA_PSH,"Domestic value added in gross exports, destination partner shares",KOR,Korea,C26,"Manufacture of computer, electronic and optical products",ROU,Romania,PT_EXGR_DVA,1996,0.449,0
EXGR_DVA_PSH,"Domestic value added in gross exports, destination partner shares",KOR,Korea,C26,"Manufacture of computer, electronic and optical products",ISR,Israel,PT_EXGR_DVA,1996,0.127,0
EXGR_DVA_PSH,"Domestic value added in gross exports, destination partner shares",KOR,Korea,C26,"Manufacture of computer, electronic and optical products",THA,Thailand,PT_EXGR_DVA,1996,1.359,0
EXGR_DVA_PSH,"Domestic value added in gross exports, destination partner shares",KOR,Korea,C26,"Manufacture of computer, electronic and optical products",PRT,Portugal,PT_EXGR_DVA,1996,0.876,0
EXGR_DVA_PSH,"Domestic value added in gross exports, destination partner shares",KOR,Korea,C26,"Manufacture of computer, electronic and optical products",CYP,Cyprus,PT_EXGR_DVA,1996,0.01,0
EXGR_DVA_PSH,"Domestic value added in gross exports, destination partner shares",KOR,Korea,C26,"Manufacture of computer, electronic and optical products",F,Africa,PT_EXGR_DVA,1996,0.787,0
EXGR_DVA_PSH,"Domestic value added in gross exports, destination partner shares",KOR,Korea,C26,"Manufacture of computer, electronic and optical products",ARG,Argentina,PT_EXGR_DVA,1996,0.754,0
EXGR_DVA_PSH,"Domestic value added in gross exports, destination partner shares",KOR,Korea,C26,"Manufacture of computer, electronic and optical products",CAN,Canada,PT_EXGR_DVA,1996,3.859,0
EXGR_DVA_PSH,"Domestic value added in gross exports, destination partner shares",KOR,Korea,C26,"Manufacture of computer, electronic and optical products",EA19,Euro area (19 countries),PT_EXGR_DVA,1996,12.458,0
EXGR_DVA_PSH,"Domestic value added in gross exports, destination partner shares",KOR,Korea,C26,"Manufacture of computer, electronic and optical products",NLD,Netherlands,PT_EXGR_DVA,1996,0.541,0
EXGR_DVA_PSH,"Domestic value added in gross exports, destination partner shares",KOR,Korea,C26,"Manufacture of computer, electronic and optical products",TUN,Tunisia,PT_EXGR_DVA,1996,0.052,0
EXGR_DVA_PSH,"Domestic value added in gross exports, destination partner shares",KOR,Korea,C26,"Manufacture of computer, electronic and optical products",TWN,Chinese Taipei,PT_EXGR_DVA,1996,7.189,0
EXGR_DVA_PSH,"Domestic value added in gross exports, destination partner shares",KOR,Korea,C26,"Manufacture of computer, electronic and optical products",NOR,Norway,PT_EXGR_DVA,1996,0.327,0
EXGR_DVA_PSH,"Domestic value added in gross exports, destination partner shares",KOR,Korea,C26,"Manufacture of computer, electronic and optical products",RUS,Russia,PT_EXGR_DVA,1996,2.629,0
EXGR_DVA_PSH,"Domestic value added in gross exports, destination partner shares",KOR,Korea,C26,"Manufacture of computer, electronic and optical products",BGR,Bulgaria,PT_EXGR_DVA,1996,0.018,0
EXGR_DVA_PSH,"Domestic value added in gross exports, destination partner shares",KOR,Korea,C26,"Manufacture of computer, electronic and optical products",AUT,Austria,PT_EXGR_DVA,1996,0.339,0
EXGR_DVA_PSH,"Domestic value added in gross exports, destination partner shares",KOR,Korea,C26,"Manufacture of computer, electronic and optical products",POL,Poland,PT_EXGR_DVA,1996,0.675,0
EXGR_DVA_PSH,"Domestic value added in gross exports, destination partner shares",KOR,Korea,C26,"Manufacture of computer, electronic and optical products",MYS,Malaysia,PT_EXGR_DVA,1996,5.843,0
EXGR_DVA_PSH,"Domestic value added in gross exports, destination partner shares",KOR,Korea,C26,"Manufacture of computer, electronic and optical products",BEL,Belgium,PT_EXGR_DVA,1996,0.259,0
EXGR_DVA_PSH,"Domestic value added in gross exports, destination partner shares",KOR,Korea,C26,"Manufacture of computer, electronic and optical products",CRI,Costa Rica,PT_EXGR_DVA,1996,0.013,0
EXGR_DVA_PSH,"Domestic value added in gross exports, destination partner shares",KOR,Korea,C26,"Manufacture of computer, electronic and optical products",LUX,Luxembourg,PT_EXGR_DVA,1996,0.001,0
EXGR_DVA_PSH,"Domestic value added in gross exports, destination partner shares",KOR,Korea,C26,"Manufacture of computer, electronic and optical products",ZAF,South Africa,PT_EXGR_DVA,1996,0.361,0
EXGR_DVA_PSH,"Domestic value added in gross exports, destination partner shares",KOR,Korea,C26,"Manufacture of computer, electronic and optical products",S2_S8,Eastern and South-eastern Asia,PT_EXGR_DVA,1996,33.951,0
EXGR_DVA_PSH,"Domestic value added in gross exports, destination partner shares",KOR,Korea,C26,"Manufacture of computer, electronic and optical products",HRV,Croatia,PT_EXGR_DVA,1996,0.03,0
EXGR_DVA_PSH,"Domestic value added in gross exports, destination partner shares",KOR,Korea,C26,"Manufacture of computer, electronic and optical products",GRC,Greece,PT_EXGR_DVA,1996,0.06,0
EXGR_DVA_PSH,"Domestic value added in gross exports, destination partner shares",KOR,Korea,C26,"Manufacture of computer, electronic and optical products",A5_A7,South and Central America,PT_EXGR_DVA,1996,3.046,0
EXGR_DVA_PSH,"Domestic value added in gross exports, destination partner shares",KOR,Korea,C26,"Manufacture of computer, electronic and optical products",CHL,Chile,PT_EXGR_DVA,1996,0.077,0
EXGR_DVA_PSH,"Domestic value added in gross exports, destination partner shares",KOR,Korea,C26,"Manufacture of computer, electronic and optical products",ESP,Spain,PT_EXGR_DVA,1996,0.76,0
EXGR_DVA_PSH,"Domestic value added in gross exports, destination partner shares",KOR,Korea,C26,"Manufacture of computer, electronic and optical products",EST,Estonia,PT_EXGR_DVA,1996,0.095,0
EXGR_DVA_PSH,"Domestic value added in gross exports, destination partner shares",KOR,Korea,C26,"Manufacture of computer, electronic and optical products",CHN,China (People’s Republic of),PT_EXGR_DVA,1996,4.052,0
EXGR_DVA_PSH,"Domestic value added in gross exports, destination partner shares",KOR,Korea,C26,"Manufacture of computer, electronic and optical products",IND,India,PT_EXGR_DVA,1996,0.277,0
EXGR_DVA_PSH,"Domestic value added in gross exports, destination partner shares",KOR,Korea,C26,"Manufacture of computer, electronic and optical products",OECD,OECD,PT_EXGR_DVA,1996,67.03,0
EXGR_DVA_PSH,"Domestic value added in gross exports, destination partner shares",KOR,Korea,C26,"Manufacture of computer, electronic and optical products",AGO,Angola,PT_EXGR_DVA,1996,0.002,0
EXGR_DVA_PSH,"Domestic value added in gross exports, destination partner shares",KOR,Korea,C26,"Manufacture of computer, electronic and optical products",ITA,Italy,PT_EXGR_DVA,1996,1.19,0
EXGR_DVA_PSH,"Domestic value added in gross exports, destination partner shares",KOR,Korea,C26,"Manufacture of computer, electronic and optical products",MMR,Myanmar,PT_EXGR_DVA,1996,0.025,0
EXGR_DVA_PSH,"Domestic value added in gross exports, destination partner shares",KOR,Korea,C26,"Manufacture of computer, electronic and optical products",FRA,France,PT_EXGR_DVA,1996,2.537,0
EXGR_DVA_PSH,"Domestic value added in gross exports, destination partner shares",KOR,Korea,C26,"Manufacture of computer, electronic and optical products",JOR,Jordan,PT_EXGR_DVA,1996,0.03,0
EXGR_DVA_PSH,"Domestic value added in gross exports, destination partner shares",KOR,Korea,C26,"Manufacture of computer, electronic and optical products",PER,Peru,PT_EXGR_DVA,1996,0.116,0
EXGR_DVA_PSH,"Domestic value added in gross exports, destination partner shares",KOR,Korea,C26,"Manufacture of computer, electronic and optical products",APEC,APEC,PT_EXGR_DVA,1996,72.023,0
EXGR_DVA_PSH,"Domestic value added in gross exports, destination partner shares",KOR,Korea,C26,"Manufacture of computer, electronic and optical products",USA,United States,PT_EXGR_DVA,1996,29.396,0
EXGR_DVA_PSH,"Domestic value added in gross exports, destination partner shares",KOR,Korea,C26,"Manufacture of computer, electronic and optical products",SVK,Slovak Republic,PT_EXGR_DVA,1996,0.032,0
EXGR_DVA_PSH,"Domestic value added in gross exports, destination partner shares",KOR,Korea,C26,"Manufacture of computer, electronic and optical products",CMR,Cameroon,PT_EXGR_DVA,1996,0.004,0
EXGR_DVA_PSH,"Domestic value added in gross exports, destination partner shares",KOR,Korea,C26,"Manufacture of computer, electronic and optical products",MLT,Malta,PT_EXGR_DVA,1996,0.01,0
EXGR_DVA_PSH,"Domestic value added in gross exports, destination partner shares",KOR,Korea,C26,"Manufacture of computer, electronic and optical products",SAU,Saudi Arabia,PT_EXGR_DVA,1996,0.28,0
EXGR_DVA_PSH,"Domestic value added in gross exports, destination partner shares",KOR,Korea,C26,"Manufacture of computer, electronic and optical products",NGA,Nigeria,PT_EXGR_DVA,1996,0.031,0
EXGR_DVA_PSH,"Domestic value added in gross exports, destination partner shares",KOR,Korea,C26,"Manufacture of computer, electronic and optical products",BLR,Belarus,PT_EXGR_DVA,1996,0.006,0
EXGR_DVA_PSH,"Domestic value added in gross exports, destination partner shares",KOR,Korea,C26,"Manufacture of computer, electronic and optical products",BGD,Bangladesh,PT_EXGR_DVA,1996,0.01,0
EXGR_DVA_PSH,"Domestic value added in gross exports, destination partner shares",KOR,Korea,C26,"Manufacture of computer, electronic and optical products",LVA,Latvia,PT_EXGR_DVA,1996,0.007,0
EXGR_DVA_PSH,"Domestic value added in gross exports, destination partner shares",KOR,Korea,C26,"Manufacture of computer, electronic and optical products",BRN,Brunei Darussalam,PT_EXGR_DVA,1996,0.006,0
EXGR_DVA_PSH,"Domestic value added in gross exports, destination partner shares",KOR,Korea,C26,"Manufacture of computer, electronic and optical products",COD,Democratic Republic of the Congo,PT_EXGR_DVA,1996,0.004,0
EXGR_DVA_PSH,"Domestic value added in gross exports, destination partner shares",KOR,Korea,C26,"Manufacture of computer, electronic and optical products",KHM,Cambodia,PT_EXGR_DVA,1996,0.002,0
EXGR_DVA_PSH,"Domestic value added in gross exports, destination partner shares",KOR,Korea,C26,"Manufacture of computer, electronic and optical products",W,World,PT_EXGR_DVA,1996,100,0
EXGR_DVA_PSH,"Domestic value added in gross exports, destination partner shares",KOR,Korea,C26,"Manufacture of computer, electronic and optical products",LTU,Lithuania,PT_EXGR_DVA,1996,0.061,0
EXGR_DVA_PSH,"Domestic value added in gross exports, destination partner shares",KOR,Korea,C26,"Manufacture of computer, electronic and optical products",KOR,Korea,PT_EXGR_DVA,1996,0,0
EXGR_DVA_PSH,"Domestic value added in gross exports, destination partner shares",KOR,Korea,C26,"Manufacture of computer, electronic and optical products",LAO,Lao People’s Democratic Republic,PT_EXGR_DVA,1996,0,0
EXGR_DVA_PSH,"Domestic value added in gross exports, destination partner shares",KOR,Korea,C26,"Manufacture of computer, electronic and optical products",STP,Sao Tome and Principe,PT_EXGR_DVA,1996,0,0
EXGR_PSH,"Gross exports, destination partner shares",KOR,Korea,C26,"Manufacture of computer, electronic and optical products",LTU,Lithuania,PT_EXGR,2022,0.001,0
EXGR_PSH,"Gross exports, destination partner shares",KOR,Korea,C26,"Manufacture of computer, electronic and optical products",GRC,Greece,PT_EXGR,2022,0.008,0
EXGR_PSH,"Gross exports, destination partner shares",KOR,Korea,C26,"Manufacture of computer, electronic and optical products",HKG,Hong Kong (China),PT_EXGR,2022,0.032,0
EXGR_PSH,"Gross exports, destination partner shares",KOR,Korea,C26,"Manufacture of computer, electronic and optical products",F,Africa,PT_EXGR,2022,0.123,0
EXGR_PSH,"Gross exports, destination partner shares",KOR,Korea,C26,"Manufacture of computer, electronic and optical products",SVN,Slovenia,PT_EXGR,2022,0.018,0
EXGR_PSH,"Gross exports, destination partner shares",KOR,Korea,C26,"Manufacture of computer, electronic and optical products",ZAF,South Africa,PT_EXGR,2022,0.024,0
EXGR_PSH,"Gross exports, destination partner shares",KOR,Korea,C26,"Manufacture of computer, electronic and optical products",S2_S8,Eastern and South-eastern Asia,PT_EXGR,2022,78.262,0
EXGR_PSH,"Gross exports, destination partner shares",KOR,Korea,C26,"Manufacture of computer, electronic and optical products",NAFTA,NAFTA,PT_EXGR,2022,13.709,0
EXGR_PSH,"Gross exports, destination partner shares",KOR,Korea,C26,"Manufacture of computer, electronic and optical products",COL,Colombia,PT_EXGR,2022,0.028,0
EXGR_PSH,"Gross exports, destination partner shares",KOR,Korea,C26,"Manufacture of computer, electronic and optical products",CHN,China (People’s Republic of),PT_EXGR,2022,46.054,0
EXGR_PSH,"Gross exports, destination partner shares",KOR,Korea,C26,"Manufacture of computer, electronic and optical products",NGA,Nigeria,PT_EXGR,2022,0.014,0
EXGR_PSH,"Gross exports, destination partner shares",KOR,Korea,C26,"Manufacture of computer, electronic and optical products",AUT,Austria,PT_EXGR,2022,0.084,0
EXGR_PSH,"Gross exports, destination partner shares",KOR,Korea,C26,"Manufacture of computer, electronic and optical products",MYS,Malaysia,PT_EXGR,2022,0.503,0
EXGR_PSH,"Gross exports, destination partner shares",KOR,Korea,C26,"Manufacture of computer, electronic and optical products",EGY,Egypt,PT_EXGR,2022,0.056,0
EXGR_PSH,"Gross exports, destination partner shares",KOR,Korea,C26,"Manufacture of computer, electronic and optical products",NOR,Norway,PT_EXGR,2022,0.041,0
EXGR_PSH,"Gross exports, destination partner shares",KOR,Korea,C26,"Manufacture of computer, electronic and optical products",EU27_2020,European Union (27 countries from 01/02/2020),PT_EXGR,2022,3.379,0
EXGR_PSH,"Gross exports, destination partner shares",KOR,Korea,C26,"Manufacture of computer, electronic and optical products",CHE,Switzerland,PT_EXGR,2022,0.066,0
EXGR_PSH,"Gross exports, destination partner shares",KOR,Korea,C26,"Manufacture of computer, electronic and optical products",DNK,Denmark,PT_EXGR,2022,0.025,0
EXGR_PSH,"Gross exports, destination partner shares",KOR,Korea,C26,"Manufacture of computer, electronic and optical products",BGR,Bulgaria,PT_EXGR,2022,0.007,0
EXGR_PSH,"Gross exports, destination partner shares",KOR,Korea,C26,"Manufacture of computer, electronic and optical products",JPN,Japan,PT_EXGR,2022,1.914,0
EXGR_PSH,"Gross exports, destination partner shares",KOR,Korea,C26,"Manufacture of computer, electronic and optical products",BEL,Belgium,PT_EXGR,2022,0.038,0
EXGR_PSH,"Gross exports, destination partner shares",KOR,Korea,C26,"Manufacture of computer, electronic and optical products",PER,Peru,PT_EXGR,2022,0.014,0
EXGR_PSH,"Gross exports, destination partner shares",KOR,Korea,C26,"Manufacture of computer, electronic and optical products",USA,United States,PT_EXGR,2022,10.2,0
EXGR_PSH,"Gross exports, destination partner shares",KOR,Korea,C26,"Manufacture of computer, electronic and optical products",BGD,Bangladesh,PT_EXGR,2022,0.033,0
EXGR_PSH,"Gross exports, destination partner shares",KOR,Korea,C26,"Manufacture of computer, electronic and optical products",FRA,France,PT_EXGR,2022,0.286,0
EXGR_PSH,"Gross exports, destination partner shares",KOR,Korea,C26,"Manufacture of computer, electronic and optical products",POL,Poland,PT_EXGR,2022,0.387,0
EXGR_PSH,"Gross exports, destination partner shares",KOR,Korea,C26,"Manufacture of computer, electronic and optical products",PRT,Portugal,PT_EXGR,2022,0.024,0
EXGR_PSH,"Gross exports, destination partner shares",KOR,Korea,C26,"Manufacture of computer, electronic and optical products",ISR,Israel,PT_EXGR,2022,0.239,0
EXGR_PSH,"Gross exports, destination partner shares",KOR,Korea,C26,"Manufacture of computer, electronic and optical products",EU15,European Union (15 countries),PT_EXGR,2022,2.874,0
EXGR_PSH,"Gross exports, destination partner shares",KOR,Korea,C26,"Manufacture of computer, electronic and optical products",WXD,Rest of the world,PT_EXGR,2022,0.743,0
EXGR_PSH,"Gross exports, destination partner shares",KOR,Korea,C26,"Manufacture of computer, electronic and optical products",EA19,Euro area (19 countries),PT_EXGR,2022,2.641,0
EXGR_PSH,"Gross exports, destination partner shares",KOR,Korea,C26,"Manufacture of computer, electronic and optical products",FIN,Finland,PT_EXGR,2022,0.05,0
EXGR_PSH,"Gross exports, destination partner shares",KOR,Korea,C26,"Manufacture of computer, electronic and optical products",ROU,Romania,PT_EXGR,2022,0.017,0
EXGR_PSH,"Gross exports, destination partner shares",KOR,Korea,C26,"Manufacture of computer, electronic and optical products",KAZ,Kazakhstan,PT_EXGR,2022,0.004,0
EXGR_PSH,"Gross exports, destination partner shares",KOR,Korea,C26,"Manufacture of computer, electronic and optical products",MAR,Morocco,PT_EXGR,2022,0.014,0
EXGR_PSH,"Gross exports, destination partner shares",KOR,Korea,C26,"Manufacture of computer, electronic and optical products",RUS,Russia,PT_EXGR,2022,0.258,0
EXGR_PSH,"Gross exports, destination partner shares",KOR,Korea,C26,"Manufacture of computer, electronic and optical products",ARE,United Arab Emirates,PT_EXGR,2022,0.136,0
EXGR_PSH,"Gross exports, destination partner shares",KOR,Korea,C26,"Manufacture of computer, electronic and optical products",VNM,Viet Nam,PT_EXGR,2022,15.297,0
EXGR_PSH,"Gross exports, destination partner shares",KOR,Korea,C26,"Manufacture of computer, electronic and optical products",CAN,Canada,PT_EXGR,2022,0.281,0
EXGR_PSH,"Gross exports, destination partner shares",KOR,Korea,C26,"Manufacture of computer, electronic and optical products",GBR,United Kingdom,PT_EXGR,2022,0.467,0
EXGR_PSH,"Gross exports, destination partner shares",KOR,Korea,C26,"Manufacture of computer, electronic and optical products",ITA,Italy,PT_EXGR,2022,0.118,0
EXGR_PSH,"Gross exports, destination partner shares",KOR,Korea,C26,"Manufacture of computer, electronic and optical products",UKR,Ukraine,PT_EXGR,2022,0.022,0
EXGR_PSH,"Gross exports, destination partner shares",KOR,Korea,C26,"Manufacture of computer, electronic and optical products",PHL,Philippines,PT_EXGR,2022,1.45,0
EXGR_PSH,"Gross exports, destination partner shares",KOR,Korea,C26,"Manufacture of computer, electronic and optical products",EST,Estonia,PT_EXGR,2022,0.006,0
EXGR_PSH,"Gross exports, destination partner shares",KOR,Korea,C26,"Manufacture of computer, electronic and optical products",DEU,Germany,PT_EXGR,2022,1.247,0
EXGR_PSH,"Gross exports, destination partner shares",KOR,Korea,C26,"Manufacture of computer, electronic and optical products",CYP,Cyprus,PT_EXGR,2022,0.002,0
EXGR_PSH,"Gross exports, destination partner shares",KOR,Korea,C26,"Manufacture of computer, electronic and optical products",ASEAN,ASEAN,PT_EXGR,2022,22.045,0
EXGR_PSH,"Gross exports, destination partner shares",KOR,Korea,C26,"Manufacture of computer, electronic and optical products",OECD,OECD,PT_EXGR,2022,20.125,0
EXGR_PSH,"Gross exports, destination partner shares",KOR,Korea,C26,"Manufacture of computer, electronic and optical products",A5_A7,South and Central America,PT_EXGR,2022,0.777,0
EXGR_PSH,"Gross exports, destination partner shares",KOR,Korea,C26,"Manufacture of computer, electronic and optical products",SGP,Singapore,PT_EXGR,2022,3.532,0
EXGR_PSH,"Gross exports, destination partner shares",KOR,Korea,C26,"Manufacture of computer, electronic and optical products",S2,Eastern Asia,PT_EXGR,2022,56.217,0
EXGR_PSH,"Gross exports, destination partner shares",KOR,Korea,C26,"Manufacture of computer, electronic and optical products",ARG,Argentina,PT_EXGR,2022,0.024,0
EXGR_PSH,"Gross exports, destination partner shares",KOR,Korea,C26,"Manufacture of computer, electronic and optical products",AUS,Australia,PT_EXGR,2022,0.149,0
EXGR_PSH,"Gross exports, destination partner shares",KOR,Korea,C26,"Manufacture of computer, electronic and optical products",NZL,New Zealand,PT_EXGR,2022,0.022,0
EXGR_PSH,"Gross exports, destination partner shares",KOR,Korea,C26,"Manufacture of computer, electronic and optical products",TUR,Türkiye,PT_EXGR,2022,0.134,0
EXGR_PSH,"Gross exports, destination partner shares",KOR,Korea,C26,"Manufacture of computer, electronic and optical products",EU28,European Union (28 countries),PT_EXGR,2022,3.846,0
EXGR_PSH,"Gross exports, destination partner shares",KOR,Korea,C26,"Manufacture of computer, electronic and optical products",CZE,Czechia,PT_EXGR,2022,0.109,0
EXGR_PSH,"Gross exports, destination partner shares",KOR,Korea,C26,"Manufacture of computer, electronic and optical products",SWE,Sweden,PT_EXGR,2022,0.08,0
EXGR_PSH,"Gross exports, destination partner shares",KOR,Korea,C26,"Manufacture of computer, electronic and optical products",EU28XEU15,European Union 28 excluding European Union 15 countries,PT_EXGR,2022,0.972,0
EXGR_PSH,"Gross exports, destination partner shares",KOR,Korea,C26,"Manufacture of computer, electronic and optical products",MEX,Mexico,PT_EXGR,2022,3.228,0
EXGR_PSH,"Gross exports, destination partner shares",KOR,Korea,C26,"Manufacture of computer, electronic and optical products",TWN,Chinese Taipei,PT_EXGR,2022,8.217,0
EXGR_PSH,"Gross exports, destination partner shares",KOR,Korea,C26,"Manufacture of computer, electronic and optical products",ESP,Spain,PT_EXGR,2022,0.085,0
EXGR_PSH,"Gross exports, destination partner shares",KOR,Korea,C26,"Manufacture of computer, electronic and optical products",LVA,Latvia,PT_EXGR,2022,0.005,0
EXGR_PSH,"Gross exports, destination partner shares",KOR,Korea,C26,"Manufacture of computer, electronic and optical products",HUN,Hungary,PT_EXGR,2022,0.111,0
EXGR_PSH,"Gross exports, destination partner shares",KOR,Korea,C26,"Manufacture of computer, electronic and optical products",ISL,Iceland,PT_EXGR,2022,0.002,0
EXGR_PSH,"Gross exports, destination partner shares",KOR,Korea,C26,"Manufacture of computer, electronic and optical products",E,Europe,PT_EXGR,2022,4.238,0
EXGR_PSH,"Gross exports, destination partner shares",KOR,Korea,C26,"Manufacture of computer, electronic and optical products",G20,G20,PT_EXGR,2022,68.697,0
EXGR_PSH,"Gross exports, destination partner shares",KOR,Korea,C26,"Manufacture of computer, electronic and optical products",AGO,Angola,PT_EXGR,2022,0.003,0
EXGR_PSH,"Gross exports, destination partner shares",KOR,Korea,C26,"Manufacture of computer, electronic and optical products",WXOECD,Non-OECD economies,PT_EXGR,2022,79.875,0
EXGR_PSH,"Gross exports, destination partner shares",KOR,Korea,C26,"Manufacture of computer, electronic and optical products",NLD,Netherlands,PT_EXGR,2022,0.085,0
EXGR_PSH,"Gross exports, destination partner shares",KOR,Korea,C26,"Manufacture of computer, electronic and optical products",BRA,Brazil,PT_EXGR,2022,0.686,0
EXGR_PSH,"Gross exports, destination partner shares",KOR,Korea,C26,"Manufacture of computer, electronic and optical products",CRI,Costa Rica,PT_EXGR,2022,0.004,0
EXGR_PSH,"Gross exports, destination partner shares",KOR,Korea,C26,"Manufacture of computer, electronic and optical products",IDN,Indonesia,PT_EXGR,2022,0.477,0
EXGR_PSH,"Gross exports, destination partner shares",KOR,Korea,C26,"Manufacture of computer, electronic and optical products",APEC,APEC,PT_EXGR,2022,92.424,0
EXGR_PSH,"Gross exports, destination partner shares",KOR,Korea,C26,"Manufacture of computer, electronic and optical products",THA,Thailand,PT_EXGR,2022,0.775,0
EXGR_PSH,"Gross exports, destination partner shares",KOR,Korea,C26,"Manufacture of computer, electronic and optical products",IND,India,PT_EXGR,2022,1.264,0
EXGR_PSH,"Gross exports, destination partner shares",KOR,Korea,C26,"Manufacture of computer, electronic and optical products",IRL,Ireland,PT_EXGR,2022,0.269,0
EXGR_PSH,"Gross exports, destination partner shares",KOR,Korea,C26,"Manufacture of computer, electronic and optical products",PAK,Pakistan,PT_EXGR,2022,0.005,0
EXGR_PSH,"Gross exports, destination partner shares",KOR,Korea,C26,"Manufacture of computer, electronic and optical products",W_O,Other countries,PT_EXGR,2022,2.892,0
EXGR_PSH,"Gross exports, destination partner shares",KOR,Korea,C26,"Manufacture of computer, electronic and optical products",MLT,Malta,PT_EXGR,2022,0.022,0
EXGR_PSH,"Gross exports, destination partner shares",KOR,Korea,C26,"Manufacture of computer, electronic and optical products",TUN,Tunisia,PT_EXGR,2022,0.006,0
EXGR_PSH,"Gross exports, destination partner shares",KOR,Korea,C26,"Manufacture of computer, electronic and optical products",CHL,Chile,PT_EXGR,2022,0.021,0
EXGR_PSH,"Gross exports, destination partner shares",KOR,Korea,C26,"Manufacture of computer, electronic and optical products",SVK,Slovak Republic,PT_EXGR,2022,0.285,0
EXGR_PSH,"Gross exports, destination partner shares",KOR,Korea,C26,"Manufacture of computer, electronic and optical products",SAU,Saudi Arabia,PT_EXGR,2022,0.159,0
EXGR_PSH,"Gross exports, destination partner shares",KOR,Korea,C26,"Manufacture of computer, electronic and optical products",JOR,Jordan,PT_EXGR,2022,0.004,0
EXGR_PSH,"Gross exports, destination partner shares",KOR,Korea,C26,"Manufacture of computer, electronic and optical products",MMR,Myanmar,PT_EXGR,2022,0.005,0
EXGR_PSH,"Gross exports, destination partner shares",KOR,Korea,C26,"Manufacture of computer, electronic and optical products",KHM,Cambodia,PT_EXGR,2022,0.005,0
EXGR_PSH,"Gross exports, destination partner shares",KOR,Korea,C26,"Manufacture of computer, electronic and optical products",LUX,Luxembourg,PT_EXGR,2022,0.008,0
EXGR_PSH,"Gross exports, destination partner shares",KOR,Korea,C26,"Manufacture of computer, electronic and optical products",BLR,Belarus,PT_EXGR,2022,0.002,0
EXGR_PSH,"Gross exports, destination partner shares",KOR,Korea,C26,"Manufacture of computer, electronic and optical products",HRV,Croatia,PT_EXGR,2022,0.002,0
EXGR_PSH,"Gross exports, destination partner shares",KOR,Korea,C26,"Manufacture of computer, electronic and optical products",CMR,Cameroon,PT_EXGR,2022,0.001,0
EXGR_PSH,"Gross exports, destination partner shares",KOR,Korea,C26,"Manufacture of computer, electronic and optical products",CIV,Côte d’Ivoire,PT_EXGR,2022,0.001,0
EXGR_PSH,"Gross exports, destination partner shares",KOR,Korea,C26,"Manufacture of computer, electronic and optical products",COD,Democratic Republic of the Congo,PT_EXGR,2022,0.001,0
EXGR_PSH,"Gross exports, destination partner shares",KOR,Korea,C26,"Manufacture of computer, electronic and optical products",BRN,Brunei Darussalam,PT_EXGR,2022,0.001,0
EXGR_PSH,"Gross exports, destination partner shares",KOR,Korea,C26,"Manufacture of computer, electronic and optical products",LAO,Lao People’s Democratic Republic,PT_EXGR,2022,0.001,0
EXGR_PSH,"Gross exports, destination partner shares",KOR,Korea,C26,"Manufacture of computer, electronic and optical products",SEN,Senegal,PT_EXGR,2022,0.002,0
EXGR_PSH,"Gross exports, destination partner shares",KOR,Korea,C26,"Manufacture of computer, electronic and optical products",W,World,PT_EXGR,2022,100,0
EXGR_PSH,"Gross exports, destination partner shares",KOR,Korea,C26,"Manufacture of computer, electronic and optical products",KOR,Korea,PT_EXGR,2022,0,0
EXGR_PSH,"Gross exports, destination partner shares",KOR,Korea,C26,"Manufacture of computer, electronic and optical products",STP,Sao Tome and Principe,PT_EXGR,2022,0,0
EXGR_DVA_PSH,"Domestic value added in gross exports, destination partner shares",KOR,Korea,C26,"Manufacture of computer, electronic and optical products",KOR,Korea,PT_EXGR_DVA,1995,0,0
EXGR_DVA_PSH,"Domestic value added in gross exports, destination partner shares",KOR,Korea,C26,"Manufacture of computer, electronic and optical products",LAO,Lao People’s Democratic Republic,PT_EXGR_DVA,1995,0,0
EXGR_DVA_PSH,"Domestic value added in gross exports, destination partner shares",KOR,Korea,C26,"Manufacture of computer, electronic and optical products",STP,Sao Tome and Principe,PT_EXGR_DVA,1995,0,0
EXGR_DVA_PSH,"Domestic value added in gross exports, destination partner shares",KOR,Korea,C26,"Manufacture of computer, electronic and optical products",W,World,PT_EXGR_DVA,1995,100,0
EXGR_DVA_PSH,"Domestic value added in gross exports, destination partner shares",KOR,Korea,C26,"Manufacture of computer, electronic and optical products",KAZ,Kazakhstan,PT_EXGR_DVA,1995,0.123,0
EXGR_DVA_PSH,"Domestic value added in gross exports, destination partner shares",KOR,Korea,C26,"Manufacture of computer, electronic and optical products",SAU,Saudi Arabia,PT_EXGR_DVA,1995,0.22,0
EXGR_DVA_PSH,"Domestic value added in gross exports, destination partner shares",KOR,Korea,C26,"Manufacture of computer, electronic and optical products",UKR,Ukraine,PT_EXGR_DVA,1995,0.031,0
EXGR_DVA_PSH,"Domestic value added in gross exports, destination partner shares",KOR,Korea,C26,"Manufacture of computer, electronic and optical products",NGA,Nigeria,PT_EXGR_DVA,1995,0.034,0
EXGR_DVA_PSH,"Domestic value added in gross exports, destination partner shares",KOR,Korea,C26,"Manufacture of computer, electronic and optical products",HRV,Croatia,PT_EXGR_DVA,1995,0.021,0
EXGR_DVA_PSH,"Domestic value added in gross exports, destination partner shares",KOR,Korea,C26,"Manufacture of computer, electronic and optical products",EST,Estonia,PT_EXGR_DVA,1995,0.017,0
EXGR_DVA_PSH,"Domestic value added in gross exports, destination partner shares",KOR,Korea,C26,"Manufacture of computer, electronic and optical products",CMR,Cameroon,PT_EXGR_DVA,1995,0.003,0
EXGR_DVA_PSH,"Domestic value added in gross exports, destination partner shares",KOR,Korea,C26,"Manufacture of computer, electronic and optical products",CIV,Côte d’Ivoire,PT_EXGR_DVA,1995,0.013,0
EXGR_DVA_PSH,"Domestic value added in gross exports, destination partner shares",KOR,Korea,C26,"Manufacture of computer, electronic and optical products",BGR,Bulgaria,PT_EXGR_DVA,1995,0.007,0
EXGR_DVA_PSH,"Domestic value added in gross exports, destination partner shares",KOR,Korea,C26,"Manufacture of computer, electronic and optical products",LVA,Latvia,PT_EXGR_DVA,1995,0.005,0
EXGR_DVA_PSH,"Domestic value added in gross exports, destination partner shares",KOR,Korea,C26,"Manufacture of computer, electronic and optical products",MLT,Malta,PT_EXGR_DVA,1995,0.004,0
EXGR_DVA_PSH,"Domestic value added in gross exports, destination partner shares",KOR,Korea,C26,"Manufacture of computer, electronic and optical products",COD,Democratic Republic of the Congo,PT_EXGR_DVA,1995,0.002,0
EXGR_DVA_PSH,"Domestic value added in gross exports, destination partner shares",KOR,Korea,C26,"Manufacture of computer, electronic and optical products",KHM,Cambodia,PT_EXGR_DVA,1995,0.002,0
EXGR_DVA_PSH,"Domestic value added in gross exports, destination partner shares",KOR,Korea,C26,"Manufacture of computer, electronic and optical products",LUX,Luxembourg,PT_EXGR_DVA,1995,0.001,0
EXGR_DVA_PSH,"Domestic value added in gross exports, destination partner shares",KOR,Korea,C26,"Manufacture of computer, electronic and optical products",GBR,United Kingdom,PT_EXGR_DVA,1995,2.164,0
EXGR_DVA_PSH,"Domestic value added in gross exports, destination partner shares",KOR,Korea,C26,"Manufacture of computer, electronic and optical products",COL,Colombia,PT_EXGR_DVA,1995,0.169,0
EXGR_DVA_PSH,"Domestic value added in gross exports, destination partner shares",KOR,Korea,C26,"Manufacture of computer, electronic and optical products",WXOECD,Non-OECD economies,PT_EXGR_DVA,1995,31.795,0
EXGR_DVA_PSH,"Domestic value added in gross exports, destination partner shares",KOR,Korea,C26,"Manufacture of computer, electronic and optical products",W_O,Other countries,PT_EXGR_DVA,1995,5.923,0
EXGR_DVA_PSH,"Domestic value added in gross exports, destination partner shares",KOR,Korea,C26,"Manufacture of computer, electronic and optical products",HUN,Hungary,PT_EXGR_DVA,1995,0.119,0
EXGR_DVA_PSH,"Domestic value added in gross exports, destination partner shares",KOR,Korea,C26,"Manufacture of computer, electronic and optical products",E,Europe,PT_EXGR_DVA,1995,19.419,0
EXGR_DVA_PSH,"Domestic value added in gross exports, destination partner shares",KOR,Korea,C26,"Manufacture of computer, electronic and optical products",BRA,Brazil,PT_EXGR_DVA,1995,1.878,0
EXGR_DVA_PSH,"Domestic value added in gross exports, destination partner shares",KOR,Korea,C26,"Manufacture of computer, electronic and optical products",JPN,Japan,PT_EXGR_DVA,1995,14.074,0
EXGR_DVA_PSH,"Domestic value added in gross exports, destination partner shares",KOR,Korea,C26,"Manufacture of computer, electronic and optical products",NAFTA,NAFTA,PT_EXGR_DVA,1995,35.876,0
EXGR_DVA_PSH,"Domestic value added in gross exports, destination partner shares",KOR,Korea,C26,"Manufacture of computer, electronic and optical products",FIN,Finland,PT_EXGR_DVA,1995,0.538,0
EXGR_DVA_PSH,"Domestic value added in gross exports, destination partner shares",KOR,Korea,C26,"Manufacture of computer, electronic and optical products",LTU,Lithuania,PT_EXGR_DVA,1995,0.005,0
EXGR_DVA_PSH,"Domestic value added in gross exports, destination partner shares",KOR,Korea,C26,"Manufacture of computer, electronic and optical products",EGY,Egypt,PT_EXGR_DVA,1995,0.378,0
EXGR_DVA_PSH,"Domestic value added in gross exports, destination partner shares",KOR,Korea,C26,"Manufacture of computer, electronic and optical products",AUS,Australia,PT_EXGR_DVA,1995,0.846,0
EXGR_DVA_PSH,"Domestic value added in gross exports, destination partner shares",KOR,Korea,C26,"Manufacture of computer, electronic and optical products",EU15,European Union (15 countries),PT_EXGR_DVA,1995,15.132,0
EXGR_DVA_PSH,"Domestic value added in gross exports, destination partner shares",KOR,Korea,C26,"Manufacture of computer, electronic and optical products",ARE,United Arab Emirates,PT_EXGR_DVA,1995,0.275,0
EXGR_DVA_PSH,"Domestic value added in gross exports, destination partner shares",KOR,Korea,C26,"Manufacture of computer, electronic and optical products",PAK,Pakistan,PT_EXGR_DVA,1995,0.213,0
EXGR_DVA_PSH,"Domestic value added in gross exports, destination partner shares",KOR,Korea,C26,"Manufacture of computer, electronic and optical products",MEX,Mexico,PT_EXGR_DVA,1995,1.297,0
EXGR_DVA_PSH,"Domestic value added in gross exports, destination partner shares",KOR,Korea,C26,"Manufacture of computer, electronic and optical products",SEN,Senegal,PT_EXGR_DVA,1995,0.017,0
EXGR_DVA_PSH,"Domestic value added in gross exports, destination partner shares",KOR,Korea,C26,"Manufacture of computer, electronic and optical products",PHL,Philippines,PT_EXGR_DVA,1995,1.933,0
EXGR_DVA_PSH,"Domestic value added in gross exports, destination partner shares",KOR,Korea,C26,"Manufacture of computer, electronic and optical products",S2,Eastern Asia,PT_EXGR_DVA,1995,25.516,0
EXGR_DVA_PSH,"Domestic value added in gross exports, destination partner shares",KOR,Korea,C26,"Manufacture of computer, electronic and optical products",IDN,Indonesia,PT_EXGR_DVA,1995,1.078,0
EXGR_DVA_PSH,"Domestic value added in gross exports, destination partner shares",KOR,Korea,C26,"Manufacture of computer, electronic and optical products",BRN,Brunei Darussalam,PT_EXGR_DVA,1995,0.007,0
EXGR_DVA_PSH,"Domestic value added in gross exports, destination partner shares",KOR,Korea,C26,"Manufacture of computer, electronic and optical products",HKG,Hong Kong (China),PT_EXGR_DVA,1995,0.074,0
EXGR_DVA_PSH,"Domestic value added in gross exports, destination partner shares",KOR,Korea,C26,"Manufacture of computer, electronic and optical products",WXD,Rest of the world,PT_EXGR_DVA,1995,3.41,0
EXGR_DVA_PSH,"Domestic value added in gross exports, destination partner shares",KOR,Korea,C26,"Manufacture of computer, electronic and optical products",SVN,Slovenia,PT_EXGR_DVA,1995,0.048,0
EXGR_DVA_PSH,"Domestic value added in gross exports, destination partner shares",KOR,Korea,C26,"Manufacture of computer, electronic and optical products",ROU,Romania,PT_EXGR_DVA,1995,0.352,0
EXGR_DVA_PSH,"Domestic value added in gross exports, destination partner shares",KOR,Korea,C26,"Manufacture of computer, electronic and optical products",ISR,Israel,PT_EXGR_DVA,1995,0.145,0
EXGR_DVA_PSH,"Domestic value added in gross exports, destination partner shares",KOR,Korea,C26,"Manufacture of computer, electronic and optical products",THA,Thailand,PT_EXGR_DVA,1995,1.273,0
EXGR_DVA_PSH,"Domestic value added in gross exports, destination partner shares",KOR,Korea,C26,"Manufacture of computer, electronic and optical products",PRT,Portugal,PT_EXGR_DVA,1995,1.296,0
EXGR_DVA_PSH,"Domestic value added in gross exports, destination partner shares",KOR,Korea,C26,"Manufacture of computer, electronic and optical products",CYP,Cyprus,PT_EXGR_DVA,1995,0.017,0
EXGR_DVA_PSH,"Domestic value added in gross exports, destination partner shares",KOR,Korea,C26,"Manufacture of computer, electronic and optical products",F,Africa,PT_EXGR_DVA,1995,0.818,0
EXGR_DVA_PSH,"Domestic value added in gross exports, destination partner shares",KOR,Korea,C26,"Manufacture of computer, electronic and optical products",ARG,Argentina,PT_EXGR_DVA,1995,0.658,0
EXGR_DVA_PSH,"Domestic value added in gross exports, destination partner shares",KOR,Korea,C26,"Manufacture of computer, electronic and optical products",CAN,Canada,PT_EXGR_DVA,1995,3.86,0
EXGR_DVA_PSH,"Domestic value added in gross exports, destination partner shares",KOR,Korea,C26,"Manufacture of computer, electronic and optical products",BGD,Bangladesh,PT_EXGR_DVA,1995,0.013,0
EXGR_DVA_PSH,"Domestic value added in gross exports, destination partner shares",KOR,Korea,C26,"Manufacture of computer, electronic and optical products",EA19,Euro area (19 countries),PT_EXGR_DVA,1995,12.579,0
EXGR_DVA_PSH,"Domestic value added in gross exports, destination partner shares",KOR,Korea,C26,"Manufacture of computer, electronic and optical products",NLD,Netherlands,PT_EXGR_DVA,1995,0.42,0
EXGR_DVA_PSH,"Domestic value added in gross exports, destination partner shares",KOR,Korea,C26,"Manufacture of computer, electronic and optical products",TUN,Tunisia,PT_EXGR_DVA,1995,0.055,0
EXGR_DVA_PSH,"Domestic value added in gross exports, destination partner shares",KOR,Korea,C26,"Manufacture of computer, electronic and optical products",TWN,Chinese Taipei,PT_EXGR_DVA,1995,8.652,0
EXGR_DVA_PSH,"Domestic value added in gross exports, destination partner shares",KOR,Korea,C26,"Manufacture of computer, electronic and optical products",NOR,Norway,PT_EXGR_DVA,1995,0.307,0
EXGR_DVA_PSH,"Domestic value added in gross exports, destination partner shares",KOR,Korea,C26,"Manufacture of computer, electronic and optical products",RUS,Russia,PT_EXGR_DVA,1995,2.46,0
EXGR_DVA_PSH,"Domestic value added in gross exports, destination partner shares",KOR,Korea,C26,"Manufacture of computer, electronic and optical products",AUT,Austria,PT_EXGR_DVA,1995,0.397,0
EXGR_DVA_PSH,"Domestic value added in gross exports, destination partner shares",KOR,Korea,C26,"Manufacture of computer, electronic and optical products",POL,Poland,PT_EXGR_DVA,1995,0.438,0
EXGR_DVA_PSH,"Domestic value added in gross exports, destination partner shares",KOR,Korea,C26,"Manufacture of computer, electronic and optical products",MYS,Malaysia,PT_EXGR_DVA,1995,3.722,0
EXGR_DVA_PSH,"Domestic value added in gross exports, destination partner shares",KOR,Korea,C26,"Manufacture of computer, electronic and optical products",BEL,Belgium,PT_EXGR_DVA,1995,0.212,0
EXGR_DVA_PSH,"Domestic value added in gross exports, destination partner shares",KOR,Korea,C26,"Manufacture of computer, electronic and optical products",CRI,Costa Rica,PT_EXGR_DVA,1995,0.023,0
EXGR_DVA_PSH,"Domestic value added in gross exports, destination partner shares",KOR,Korea,C26,"Manufacture of computer, electronic and optical products",ZAF,South Africa,PT_EXGR_DVA,1995,0.275,0
EXGR_DVA_PSH,"Domestic value added in gross exports, destination partner shares",KOR,Korea,C26,"Manufacture of computer, electronic and optical products",S2_S8,Eastern and South-eastern Asia,PT_EXGR_DVA,1995,34.969,0
EXGR_DVA_PSH,"Domestic value added in gross exports, destination partner shares",KOR,Korea,C26,"Manufacture of computer, electronic and optical products",GRC,Greece,PT_EXGR_DVA,1995,0.056,0
EXGR_DVA_PSH,"Domestic value added in gross exports, destination partner shares",KOR,Korea,C26,"Manufacture of computer, electronic and optical products",A5_A7,South and Central America,PT_EXGR_DVA,1995,2.995,0
EXGR_DVA_PSH,"Domestic value added in gross exports, destination partner shares",KOR,Korea,C26,"Manufacture of computer, electronic and optical products",CHL,Chile,PT_EXGR_DVA,1995,0.135,0
EXGR_DVA_PSH,"Domestic value added in gross exports, destination partner shares",KOR,Korea,C26,"Manufacture of computer, electronic and optical products",ESP,Spain,PT_EXGR_DVA,1995,0.778,0
EXGR_DVA_PSH,"Domestic value added in gross exports, destination partner shares",KOR,Korea,C26,"Manufacture of computer, electronic and optical products",CHN,China (People’s Republic of),PT_EXGR_DVA,1995,2.716,0
EXGR_DVA_PSH,"Domestic value added in gross exports, destination partner shares",KOR,Korea,C26,"Manufacture of computer, electronic and optical products",IND,India,PT_EXGR_DVA,1995,0.221,0
EXGR_DVA_PSH,"Domestic value added in gross exports, destination partner shares",KOR,Korea,C26,"Manufacture of computer, electronic and optical products",OECD,OECD,PT_EXGR_DVA,1995,68.205,0
EXGR_DVA_PSH,"Domestic value added in gross exports, destination partner shares",KOR,Korea,C26,"Manufacture of computer, electronic and optical products",ITA,Italy,PT_EXGR_DVA,1995,1.273,0
EXGR_DVA_PSH,"Domestic value added in gross exports, destination partner shares",KOR,Korea,C26,"Manufacture of computer, electronic and optical products",MMR,Myanmar,PT_EXGR_DVA,1995,0.028,0
EXGR_DVA_PSH,"Domestic value added in gross exports, destination partner shares",KOR,Korea,C26,"Manufacture of computer, electronic and optical products",FRA,France,PT_EXGR_DVA,1995,2.826,0
EXGR_DVA_PSH,"Domestic value added in gross exports, destination partner shares",KOR,Korea,C26,"Manufacture of computer, electronic and optical products",JOR,Jordan,PT_EXGR_DVA,1995,0.04,0
EXGR_DVA_PSH,"Domestic value added in gross exports, destination partner shares",KOR,Korea,C26,"Manufacture of computer, electronic and optical products",PER,Peru,PT_EXGR_DVA,1995,0.133,0
EXGR_DVA_PSH,"Domestic value added in gross exports, destination partner shares",KOR,Korea,C26,"Manufacture of computer, electronic and optical products",APEC,APEC,PT_EXGR_DVA,1995,74.48,0
EXGR_DVA_PSH,"Domestic value added in gross exports, destination partner shares",KOR,Korea,C26,"Manufacture of computer, electronic and optical products",USA,United States,PT_EXGR_DVA,1995,30.72,0
EXGR_DVA_PSH,"Domestic value added in gross exports, destination partner shares",KOR,Korea,C26,"Manufacture of computer, electronic and optical products",SVK,Slovak Republic,PT_EXGR_DVA,1995,0.037,0
EXGR_DVA_PSH,"Domestic value added in gross exports, destination partner shares",KOR,Korea,C26,"Manufacture of computer, electronic and optical products",BLR,Belarus,PT_EXGR_DVA,1995,0.006,0
EXGR_DVA_PSH,"Domestic value added in gross exports, destination partner shares",KOR,Korea,C26,"Manufacture of computer, electronic and optical products",VNM,Viet Nam,PT_EXGR_DVA,1995,0.112,0
EXGR_DVA_PSH,"Domestic value added in gross exports, destination partner shares",KOR,Korea,C26,"Manufacture of computer, electronic and optical products",EU28XEU15,European Union 28 excluding European Union 15 countries,PT_EXGR_DVA,1995,1.184,0
EXGR_DVA_PSH,"Domestic value added in gross exports, destination partner shares",KOR,Korea,C26,"Manufacture of computer, electronic and optical products",IRL,Ireland,PT_EXGR_DVA,1995,0.202,0
EXGR_DVA_PSH,"Domestic value added in gross exports, destination partner shares",KOR,Korea,C26,"Manufacture of computer, electronic and optical products",ISL,Iceland,PT_EXGR_DVA,1995,0.029,0
EXGR_DVA_PSH,"Domestic value added in gross exports, destination partner shares",KOR,Korea,C26,"Manufacture of computer, electronic and optical products",NZL,New Zealand,PT_EXGR_DVA,1995,0.091,0
EXGR_DVA_PSH,"Domestic value added in gross exports, destination partner shares",KOR,Korea,C26,"Manufacture of computer, electronic and optical products",MAR,Morocco,PT_EXGR_DVA,1995,0.04,0
EXGR_DVA_PSH,"Domestic value added in gross exports, destination partner shares",KOR,Korea,C26,"Manufacture of computer, electronic and optical products",SWE,Sweden,PT_EXGR_DVA,1995,0.348,0
EXGR_DVA_PSH,"Domestic value added in gross exports, destination partner shares",KOR,Korea,C26,"Manufacture of computer, electronic and optical products",DEU,Germany,PT_EXGR_DVA,1995,4.446,0
EXGR_DVA_PSH,"Domestic value added in gross exports, destination partner shares",KOR,Korea,C26,"Manufacture of computer, electronic and optical products",ASEAN,ASEAN,PT_EXGR_DVA,1995,9.453,0
EXGR_DVA_PSH,"Domestic value added in gross exports, destination partner shares",KOR,Korea,C26,"Manufacture of computer, electronic and optical products",CZE,Czechia,PT_EXGR_DVA,1995,0.113,0
EXGR_DVA_PSH,"Domestic value added in gross exports, destination partner shares",KOR,Korea,C26,"Manufacture of computer, electronic and optical products",G20,G20,PT_EXGR_DVA,1995,76.946,0
EXGR_DVA_PSH,"Domestic value added in gross exports, destination partner shares",KOR,Korea,C26,"Manufacture of computer, electronic and optical products",SGP,Singapore,PT_EXGR_DVA,1995,1.301,0
EXGR_DVA_PSH,"Domestic value added in gross exports, destination partner shares",KOR,Korea,C26,"Manufacture of computer, electronic and optical products",EU27_2020,European Union (27 countries from 01/02/2020),PT_EXGR_DVA,1995,14.153,0
EXGR_DVA_PSH,"Domestic value added in gross exports, destination partner shares",KOR,Korea,C26,"Manufacture of computer, electronic and optical products",EU28,European Union (28 countries),PT_EXGR_DVA,1995,16.317,0
EXGR_DVA_PSH,"Domestic value added in gross exports, destination partner shares",KOR,Korea,C26,"Manufacture of computer, electronic and optical products",TUR,Türkiye,PT_EXGR_DVA,1995,0.327,0
EXGR_DVA_PSH,"Domestic value added in gross exports, destination partner shares",KOR,Korea,C26,"Manufacture of computer, electronic and optical products",DNK,Denmark,PT_EXGR_DVA,1995,0.176,0
EXGR_DVA_PSH,"Domestic value added in gross exports, destination partner shares",KOR,Korea,C26,"Manufacture of computer, electronic and optical products",CHE,Switzerland,PT_EXGR_DVA,1995,0.269,0
EXGR_DVA_PSH,"Domestic value added in gross exports, destination partner shares",KOR,Korea,C26,"Manufacture of computer, electronic and optical products",AGO,Angola,PT_EXGR_DVA,1995,0.001,0
EXGR_PSH,"Gross exports, destination partner shares",KOR,Korea,C26,"Manufacture of computer, electronic and optical products",HKG,Hong Kong (China),PT_EXGR,2018,0.042,0
EXGR_PSH,"Gross exports, destination partner shares",KOR,Korea,C26,"Manufacture of computer, electronic and optical products",F,Africa,PT_EXGR,2018,0.254,0
EXGR_PSH,"Gross exports, destination partner shares",KOR,Korea,C26,"Manufacture of computer, electronic and optical products",SVN,Slovenia,PT_EXGR,2018,0.036,0
EXGR_PSH,"Gross exports, destination partner shares",KOR,Korea,C26,"Manufacture of computer, electronic and optical products",ZAF,South Africa,PT_EXGR,2018,0.043,0
EXGR_PSH,"Gross exports, destination partner shares",KOR,Korea,C26,"Manufacture of computer, electronic and optical products",S2_S8,Eastern and South-eastern Asia,PT_EXGR,2018,78.097,0
EXGR_PSH,"Gross exports, destination partner shares",KOR,Korea,C26,"Manufacture of computer, electronic and optical products",NAFTA,NAFTA,PT_EXGR,2018,11.394,0
EXGR_PSH,"Gross exports, destination partner shares",KOR,Korea,C26,"Manufacture of computer, electronic and optical products",COL,Colombia,PT_EXGR,2018,0.032,0
EXGR_PSH,"Gross exports, destination partner shares",KOR,Korea,C26,"Manufacture of computer, electronic and optical products",CHN,China (People’s Republic of),PT_EXGR,2018,52.735,0
EXGR_PSH,"Gross exports, destination partner shares",KOR,Korea,C26,"Manufacture of computer, electronic and optical products",NGA,Nigeria,PT_EXGR,2018,0.048,0
EXGR_PSH,"Gross exports, destination partner shares",KOR,Korea,C26,"Manufacture of computer, electronic and optical products",AUT,Austria,PT_EXGR,2018,0.096,0
EXGR_PSH,"Gross exports, destination partner shares",KOR,Korea,C26,"Manufacture of computer, electronic and optical products",MYS,Malaysia,PT_EXGR,2018,0.708,0
EXGR_PSH,"Gross exports, destination partner shares",KOR,Korea,C26,"Manufacture of computer, electronic and optical products",EGY,Egypt,PT_EXGR,2018,0.094,0
EXGR_PSH,"Gross exports, destination partner shares",KOR,Korea,C26,"Manufacture of computer, electronic and optical products",NOR,Norway,PT_EXGR,2018,0.141,0
EXGR_PSH,"Gross exports, destination partner shares",KOR,Korea,C26,"Manufacture of computer, electronic and optical products",EU27_2020,European Union (27 countries from 01/02/2020),PT_EXGR,2018,4.438,0
EXGR_PSH,"Gross exports, destination partner shares",KOR,Korea,C26,"Manufacture of computer, electronic and optical products",CHE,Switzerland,PT_EXGR,2018,0.085,0
EXGR_PSH,"Gross exports, destination partner shares",KOR,Korea,C26,"Manufacture of computer, electronic and optical products",DNK,Denmark,PT_EXGR,2018,0.013,0
EXGR_PSH,"Gross exports, destination partner shares",KOR,Korea,C26,"Manufacture of computer, electronic and optical products",BGR,Bulgaria,PT_EXGR,2018,0.007,0
EXGR_PSH,"Gross exports, destination partner shares",KOR,Korea,C26,"Manufacture of computer, electronic and optical products",JPN,Japan,PT_EXGR,2018,2.043,0
EXGR_PSH,"Gross exports, destination partner shares",KOR,Korea,C26,"Manufacture of computer, electronic and optical products",JOR,Jordan,PT_EXGR,2018,0.005,0
EXGR_PSH,"Gross exports, destination partner shares",KOR,Korea,C26,"Manufacture of computer, electronic and optical products",BEL,Belgium,PT_EXGR,2018,0.023,0
EXGR_PSH,"Gross exports, destination partner shares",KOR,Korea,C26,"Manufacture of computer, electronic and optical products",PER,Peru,PT_EXGR,2018,0.019,0
EXGR_PSH,"Gross exports, destination partner shares",KOR,Korea,C26,"Manufacture of computer, electronic and optical products",USA,United States,PT_EXGR,2018,7.674,0
EXGR_PSH,"Gross exports, destination partner shares",KOR,Korea,C26,"Manufacture of computer, electronic and optical products",BGD,Bangladesh,PT_EXGR,2018,0.03,0
EXGR_PSH,"Gross exports, destination partner shares",KOR,Korea,C26,"Manufacture of computer, electronic and optical products",FRA,France,PT_EXGR,2018,0.316,0
EXGR_PSH,"Gross exports, destination partner shares",KOR,Korea,C26,"Manufacture of computer, electronic and optical products",POL,Poland,PT_EXGR,2018,0.363,0
EXGR_PSH,"Gross exports, destination partner shares",KOR,Korea,C26,"Manufacture of computer, electronic and optical products",PRT,Portugal,PT_EXGR,2018,0.016,0
EXGR_PSH,"Gross exports, destination partner shares",KOR,Korea,C26,"Manufacture of computer, electronic and optical products",ISR,Israel,PT_EXGR,2018,0.161,0
EXGR_PSH,"Gross exports, destination partner shares",KOR,Korea,C26,"Manufacture of computer, electronic and optical products",EU15,European Union (15 countries),PT_EXGR,2018,3.496,0
EXGR_PSH,"Gross exports, destination partner shares",KOR,Korea,C26,"Manufacture of computer, electronic and optical products",WXD,Rest of the world,PT_EXGR,2018,1.342,0
EXGR_PSH,"Gross exports, destination partner shares",KOR,Korea,C26,"Manufacture of computer, electronic and optical products",EA19,Euro area (19 countries),PT_EXGR,2018,3.582,0
EXGR_PSH,"Gross exports, destination partner shares",KOR,Korea,C26,"Manufacture of computer, electronic and optical products",FIN,Finland,PT_EXGR,2018,0.242,0
EXGR_PSH,"Gross exports, destination partner shares",KOR,Korea,C26,"Manufacture of computer, electronic and optical products",KAZ,Kazakhstan,PT_EXGR,2018,0.027,0
EXGR_PSH,"Gross exports, destination partner shares",KOR,Korea,C26,"Manufacture of computer, electronic and optical products",MAR,Morocco,PT_EXGR,2018,0.02,0
EXGR_PSH,"Gross exports, destination partner shares",KOR,Korea,C26,"Manufacture of computer, electronic and optical products",RUS,Russia,PT_EXGR,2018,0.322,0
EXGR_PSH,"Gross exports, destination partner shares",KOR,Korea,C26,"Manufacture of computer, electronic and optical products",ARE,United Arab Emirates,PT_EXGR,2018,0.229,0
EXGR_PSH,"Gross exports, destination partner shares",KOR,Korea,C26,"Manufacture of computer, electronic and optical products",VNM,Viet Nam,PT_EXGR,2018,12.016,0
EXGR_PSH,"Gross exports, destination partner shares",KOR,Korea,C26,"Manufacture of computer, electronic and optical products",CAN,Canada,PT_EXGR,2018,0.479,0
EXGR_PSH,"Gross exports, destination partner shares",KOR,Korea,C26,"Manufacture of computer, electronic and optical products",MMR,Myanmar,PT_EXGR,2018,0.008,0
EXGR_PSH,"Gross exports, destination partner shares",KOR,Korea,C26,"Manufacture of computer, electronic and optical products",GBR,United Kingdom,PT_EXGR,2018,0.201,0
EXGR_PSH,"Gross exports, destination partner shares",KOR,Korea,C26,"Manufacture of computer, electronic and optical products",ITA,Italy,PT_EXGR,2018,0.103,0
EXGR_PSH,"Gross exports, destination partner shares",KOR,Korea,C26,"Manufacture of computer, electronic and optical products",COD,Democratic Republic of the Congo,PT_EXGR,2018,0.015,0
EXGR_PSH,"Gross exports, destination partner shares",KOR,Korea,C26,"Manufacture of computer, electronic and optical products",UKR,Ukraine,PT_EXGR,2018,0.031,0
EXGR_PSH,"Gross exports, destination partner shares",KOR,Korea,C26,"Manufacture of computer, electronic and optical products",BRN,Brunei Darussalam,PT_EXGR,2018,0.001,0
EXGR_PSH,"Gross exports, destination partner shares",KOR,Korea,C26,"Manufacture of computer, electronic and optical products",PHL,Philippines,PT_EXGR,2018,2.792,0
EXGR_PSH,"Gross exports, destination partner shares",KOR,Korea,C26,"Manufacture of computer, electronic and optical products",EST,Estonia,PT_EXGR,2018,0.007,0
EXGR_PSH,"Gross exports, destination partner shares",KOR,Korea,C26,"Manufacture of computer, electronic and optical products",DEU,Germany,PT_EXGR,2018,2.098,0
EXGR_PSH,"Gross exports, destination partner shares",KOR,Korea,C26,"Manufacture of computer, electronic and optical products",ASEAN,ASEAN,PT_EXGR,2018,18.672,0
EXGR_PSH,"Gross exports, destination partner shares",KOR,Korea,C26,"Manufacture of computer, electronic and optical products",OECD,OECD,PT_EXGR,2018,19.047,0
EXGR_PSH,"Gross exports, destination partner shares",KOR,Korea,C26,"Manufacture of computer, electronic and optical products",A5_A7,South and Central America,PT_EXGR,2018,1.224,0
EXGR_PSH,"Gross exports, destination partner shares",KOR,Korea,C26,"Manufacture of computer, electronic and optical products",SGP,Singapore,PT_EXGR,2018,1.957,0
EXGR_PSH,"Gross exports, destination partner shares",KOR,Korea,C26,"Manufacture of computer, electronic and optical products",S2,Eastern Asia,PT_EXGR,2018,59.425,0
EXGR_PSH,"Gross exports, destination partner shares",KOR,Korea,C26,"Manufacture of computer, electronic and optical products",ARG,Argentina,PT_EXGR,2018,0.048,0
EXGR_PSH,"Gross exports, destination partner shares",KOR,Korea,C26,"Manufacture of computer, electronic and optical products",AUS,Australia,PT_EXGR,2018,0.269,0
EXGR_PSH,"Gross exports, destination partner shares",KOR,Korea,C26,"Manufacture of computer, electronic and optical products",NZL,New Zealand,PT_EXGR,2018,0.022,0
EXGR_PSH,"Gross exports, destination partner shares",KOR,Korea,C26,"Manufacture of computer, electronic and optical products",TUR,Türkiye,PT_EXGR,2018,0.258,0
EXGR_PSH,"Gross exports, destination partner shares",KOR,Korea,C26,"Manufacture of computer, electronic and optical products",EU28,European Union (28 countries),PT_EXGR,2018,4.64,0
EXGR_PSH,"Gross exports, destination partner shares",KOR,Korea,C26,"Manufacture of computer, electronic and optical products",CZE,Czechia,PT_EXGR,2018,0.237,0
EXGR_PSH,"Gross exports, destination partner shares",KOR,Korea,C26,"Manufacture of computer, electronic and optical products",SWE,Sweden,PT_EXGR,2018,0.025,0
EXGR_PSH,"Gross exports, destination partner shares",KOR,Korea,C26,"Manufacture of computer, electronic and optical products",EU28XEU15,European Union 28 excluding European Union 15 countries,PT_EXGR,2018,1.144,0
EXGR_PSH,"Gross exports, destination partner shares",KOR,Korea,C26,"Manufacture of computer, electronic and optical products",MEX,Mexico,PT_EXGR,2018,3.241,0
EXGR_PSH,"Gross exports, destination partner shares",KOR,Korea,C26,"Manufacture of computer, electronic and optical products",TWN,Chinese Taipei,PT_EXGR,2018,4.605,0
EXGR_PSH,"Gross exports, destination partner shares",KOR,Korea,C26,"Manufacture of computer, electronic and optical products",ESP,Spain,PT_EXGR,2018,0.082,0
EXGR_PSH,"Gross exports, destination partner shares",KOR,Korea,C26,"Manufacture of computer, electronic and optical products",HUN,Hungary,PT_EXGR,2018,0.184,0
EXGR_PSH,"Gross exports, destination partner shares",KOR,Korea,C26,"Manufacture of computer, electronic and optical products",ISL,Iceland,PT_EXGR,2018,0.014,0
EXGR_PSH,"Gross exports, destination partner shares",KOR,Korea,C26,"Manufacture of computer, electronic and optical products",E,Europe,PT_EXGR,2018,5.237,0
EXGR_PSH,"Gross exports, destination partner shares",KOR,Korea,C26,"Manufacture of computer, electronic and optical products",G20,G20,PT_EXGR,2018,74.764,0
EXGR_PSH,"Gross exports, destination partner shares",KOR,Korea,C26,"Manufacture of computer, electronic and optical products",WXOECD,Non-OECD economies,PT_EXGR,2018,80.953,0
EXGR_PSH,"Gross exports, destination partner shares",KOR,Korea,C26,"Manufacture of computer, electronic and optical products",NLD,Netherlands,PT_EXGR,2018,0.178,0
EXGR_PSH,"Gross exports, destination partner shares",KOR,Korea,C26,"Manufacture of computer, electronic and optical products",BRA,Brazil,PT_EXGR,2018,1.096,0
EXGR_PSH,"Gross exports, destination partner shares",KOR,Korea,C26,"Manufacture of computer, electronic and optical products",IDN,Indonesia,PT_EXGR,2018,0.474,0
EXGR_PSH,"Gross exports, destination partner shares",KOR,Korea,C26,"Manufacture of computer, electronic and optical products",APEC,APEC,PT_EXGR,2018,90.136,0
EXGR_PSH,"Gross exports, destination partner shares",KOR,Korea,C26,"Manufacture of computer, electronic and optical products",THA,Thailand,PT_EXGR,2018,0.71,0
EXGR_PSH,"Gross exports, destination partner shares",KOR,Korea,C26,"Manufacture of computer, electronic and optical products",IND,India,PT_EXGR,2018,1.283,0
EXGR_PSH,"Gross exports, destination partner shares",KOR,Korea,C26,"Manufacture of computer, electronic and optical products",CMR,Cameroon,PT_EXGR,2018,0.002,0
EXGR_PSH,"Gross exports, destination partner shares",KOR,Korea,C26,"Manufacture of computer, electronic and optical products",IRL,Ireland,PT_EXGR,2018,0.096,0
EXGR_PSH,"Gross exports, destination partner shares",KOR,Korea,C26,"Manufacture of computer, electronic and optical products",PAK,Pakistan,PT_EXGR,2018,0.009,0
EXGR_PSH,"Gross exports, destination partner shares",KOR,Korea,C26,"Manufacture of computer, electronic and optical products",W_O,Other countries,PT_EXGR,2018,3.794,0
EXGR_PSH,"Gross exports, destination partner shares",KOR,Korea,C26,"Manufacture of computer, electronic and optical products",MLT,Malta,PT_EXGR,2018,0.005,0
EXGR_PSH,"Gross exports, destination partner shares",KOR,Korea,C26,"Manufacture of computer, electronic and optical products",TUN,Tunisia,PT_EXGR,2018,0.028,0
EXGR_PSH,"Gross exports, destination partner shares",KOR,Korea,C26,"Manufacture of computer, electronic and optical products",CHL,Chile,PT_EXGR,2018,0.024,0
EXGR_PSH,"Gross exports, destination partner shares",KOR,Korea,C26,"Manufacture of computer, electronic and optical products",KHM,Cambodia,PT_EXGR,2018,0.003,0
EXGR_PSH,"Gross exports, destination partner shares",KOR,Korea,C26,"Manufacture of computer, electronic and optical products",SVK,Slovak Republic,PT_EXGR,2018,0.274,0
EXGR_PSH,"Gross exports, destination partner shares",KOR,Korea,C26,"Manufacture of computer, electronic and optical products",SAU,Saudi Arabia,PT_EXGR,2018,0.159,0
EXGR_PSH,"Gross exports, destination partner shares",KOR,Korea,C26,"Manufacture of computer, electronic and optical products",BLR,Belarus,PT_EXGR,2018,0.005,0
EXGR_PSH,"Gross exports, destination partner shares",KOR,Korea,C26,"Manufacture of computer, electronic and optical products",CRI,Costa Rica,PT_EXGR,2018,0.005,0
EXGR_PSH,"Gross exports, destination partner shares",KOR,Korea,C26,"Manufacture of computer, electronic and optical products",GRC,Greece,PT_EXGR,2018,0.004,0
EXGR_PSH,"Gross exports, destination partner shares",KOR,Korea,C26,"Manufacture of computer, electronic and optical products",LTU,Lithuania,PT_EXGR,2018,0.002,0
EXGR_PSH,"Gross exports, destination partner shares",KOR,Korea,C26,"Manufacture of computer, electronic and optical products",HRV,Croatia,PT_EXGR,2018,0.002,0
EXGR_PSH,"Gross exports, destination partner shares",KOR,Korea,C26,"Manufacture of computer, electronic and optical products",AGO,Angola,PT_EXGR,2018,0.002,0
EXGR_PSH,"Gross exports, destination partner shares",KOR,Korea,C26,"Manufacture of computer, electronic and optical products",CIV,Côte d’Ivoire,PT_EXGR,2018,0.001,0
EXGR_PSH,"Gross exports, destination partner shares",KOR,Korea,C26,"Manufacture of computer, electronic and optical products",LVA,Latvia,PT_EXGR,2018,0.001,0
EXGR_PSH,"Gross exports, destination partner shares",KOR,Korea,C26,"Manufacture of computer, electronic and optical products",LUX,Luxembourg,PT_EXGR,2018,0.001,0
EXGR_PSH,"Gross exports, destination partner shares",KOR,Korea,C26,"Manufacture of computer, electronic and optical products",SEN,Senegal,PT_EXGR,2018,0.001,0
EXGR_PSH,"Gross exports, destination partner shares",KOR,Korea,C26,"Manufacture of computer, electronic and optical products",LAO,Lao People’s Democratic Republic,PT_EXGR,2018,0.001,0
EXGR_PSH,"Gross exports, destination partner shares",KOR,Korea,C26,"Manufacture of computer, electronic and optical products",W,World,PT_EXGR,2018,100,0
EXGR_PSH,"Gross exports, destination partner shares",KOR,Korea,C26,"Manufacture of computer, electronic and optical products",ROU,Romania,PT_EXGR,2018,0.025,0
EXGR_PSH,"Gross exports, destination partner shares",KOR,Korea,C26,"Manufacture of computer, electronic and optical products",CYP,Cyprus,PT_EXGR,2018,0,0
EXGR_PSH,"Gross exports, destination partner shares",KOR,Korea,C26,"Manufacture of computer, electronic and optical products",KOR,Korea,PT_EXGR,2018,0,0
EXGR_PSH,"Gross exports, destination partner shares",KOR,Korea,C26,"Manufacture of computer, electronic and optical products",STP,Sao Tome and Principe,PT_EXGR,2018,0,0
EXGR_PSH,"Gross exports, destination partner shares",KOR,Korea,C26,"Manufacture of computer, electronic and optical products",GRC,Greece,PT_EXGR,2012,0.023,0
EXGR_PSH,"Gross exports, destination partner shares",KOR,Korea,C26,"Manufacture of computer, electronic and optical products",HKG,Hong Kong (China),PT_EXGR,2012,0.03,0
EXGR_PSH,"Gross exports, destination partner shares",KOR,Korea,C26,"Manufacture of computer, electronic and optical products",F,Africa,PT_EXGR,2012,0.371,0
EXGR_PSH,"Gross exports, destination partner shares",KOR,Korea,C26,"Manufacture of computer, electronic and optical products",SVN,Slovenia,PT_EXGR,2012,0.043,0
EXGR_PSH,"Gross exports, destination partner shares",KOR,Korea,C26,"Manufacture of computer, electronic and optical products",ZAF,South Africa,PT_EXGR,2012,0.168,0
EXGR_PSH,"Gross exports, destination partner shares",KOR,Korea,C26,"Manufacture of computer, electronic and optical products",S2_S8,Eastern and South-eastern Asia,PT_EXGR,2012,66.846,0
EXGR_PSH,"Gross exports, destination partner shares",KOR,Korea,C26,"Manufacture of computer, electronic and optical products",NAFTA,NAFTA,PT_EXGR,2012,13.445,0
EXGR_PSH,"Gross exports, destination partner shares",KOR,Korea,C26,"Manufacture of computer, electronic and optical products",COL,Colombia,PT_EXGR,2012,0.06,0
EXGR_PSH,"Gross exports, destination partner shares",KOR,Korea,C26,"Manufacture of computer, electronic and optical products",CHN,China (People’s Republic of),PT_EXGR,2012,48.687,0
EXGR_PSH,"Gross exports, destination partner shares",KOR,Korea,C26,"Manufacture of computer, electronic and optical products",NGA,Nigeria,PT_EXGR,2012,0.048,0
EXGR_PSH,"Gross exports, destination partner shares",KOR,Korea,C26,"Manufacture of computer, electronic and optical products",AUT,Austria,PT_EXGR,2012,0.245,0
EXGR_PSH,"Gross exports, destination partner shares",KOR,Korea,C26,"Manufacture of computer, electronic and optical products",MYS,Malaysia,PT_EXGR,2012,1.406,0
EXGR_PSH,"Gross exports, destination partner shares",KOR,Korea,C26,"Manufacture of computer, electronic and optical products",EGY,Egypt,PT_EXGR,2012,0.065,0
EXGR_PSH,"Gross exports, destination partner shares",KOR,Korea,C26,"Manufacture of computer, electronic and optical products",NOR,Norway,PT_EXGR,2012,0.164,0
EXGR_PSH,"Gross exports, destination partner shares",KOR,Korea,C26,"Manufacture of computer, electronic and optical products",EU27_2020,European Union (27 countries from 01/02/2020),PT_EXGR,2012,9.071,0
EXGR_PSH,"Gross exports, destination partner shares",KOR,Korea,C26,"Manufacture of computer, electronic and optical products",CHE,Switzerland,PT_EXGR,2012,0.227,0
EXGR_PSH,"Gross exports, destination partner shares",KOR,Korea,C26,"Manufacture of computer, electronic and optical products",DNK,Denmark,PT_EXGR,2012,0.014,0
EXGR_PSH,"Gross exports, destination partner shares",KOR,Korea,C26,"Manufacture of computer, electronic and optical products",BGR,Bulgaria,PT_EXGR,2012,0.017,0
EXGR_PSH,"Gross exports, destination partner shares",KOR,Korea,C26,"Manufacture of computer, electronic and optical products",JPN,Japan,PT_EXGR,2012,4.778,0
EXGR_PSH,"Gross exports, destination partner shares",KOR,Korea,C26,"Manufacture of computer, electronic and optical products",JOR,Jordan,PT_EXGR,2012,0.013,0
EXGR_PSH,"Gross exports, destination partner shares",KOR,Korea,C26,"Manufacture of computer, electronic and optical products",BEL,Belgium,PT_EXGR,2012,0.019,0
EXGR_PSH,"Gross exports, destination partner shares",KOR,Korea,C26,"Manufacture of computer, electronic and optical products",PER,Peru,PT_EXGR,2012,0.14,0
EXGR_PSH,"Gross exports, destination partner shares",KOR,Korea,C26,"Manufacture of computer, electronic and optical products",USA,United States,PT_EXGR,2012,8.51,0
EXGR_PSH,"Gross exports, destination partner shares",KOR,Korea,C26,"Manufacture of computer, electronic and optical products",BGD,Bangladesh,PT_EXGR,2012,0.016,0
EXGR_PSH,"Gross exports, destination partner shares",KOR,Korea,C26,"Manufacture of computer, electronic and optical products",FRA,France,PT_EXGR,2012,0.875,0
EXGR_PSH,"Gross exports, destination partner shares",KOR,Korea,C26,"Manufacture of computer, electronic and optical products",POL,Poland,PT_EXGR,2012,1.257,0
EXGR_PSH,"Gross exports, destination partner shares",KOR,Korea,C26,"Manufacture of computer, electronic and optical products",PRT,Portugal,PT_EXGR,2012,0.027,0
EXGR_PSH,"Gross exports, destination partner shares",KOR,Korea,C26,"Manufacture of computer, electronic and optical products",ISR,Israel,PT_EXGR,2012,0.209,0
EXGR_PSH,"Gross exports, destination partner shares",KOR,Korea,C26,"Manufacture of computer, electronic and optical products",EU15,European Union (15 countries),PT_EXGR,2012,4.901,0
EXGR_PSH,"Gross exports, destination partner shares",KOR,Korea,C26,"Manufacture of computer, electronic and optical products",WXD,Rest of the world,PT_EXGR,2012,2.318,0
EXGR_PSH,"Gross exports, destination partner shares",KOR,Korea,C26,"Manufacture of computer, electronic and optical products",EA19,Euro area (19 countries),PT_EXGR,2012,6.644,0
EXGR_PSH,"Gross exports, destination partner shares",KOR,Korea,C26,"Manufacture of computer, electronic and optical products",FIN,Finland,PT_EXGR,2012,0.228,0
EXGR_PSH,"Gross exports, destination partner shares",KOR,Korea,C26,"Manufacture of computer, electronic and optical products",ROU,Romania,PT_EXGR,2012,0.038,0
EXGR_PSH,"Gross exports, destination partner shares",KOR,Korea,C26,"Manufacture of computer, electronic and optical products",KAZ,Kazakhstan,PT_EXGR,2012,0.106,0
EXGR_PSH,"Gross exports, destination partner shares",KOR,Korea,C26,"Manufacture of computer, electronic and optical products",MAR,Morocco,PT_EXGR,2012,0.041,0
EXGR_PSH,"Gross exports, destination partner shares",KOR,Korea,C26,"Manufacture of computer, electronic and optical products",RUS,Russia,PT_EXGR,2012,0.934,0
EXGR_PSH,"Gross exports, destination partner shares",KOR,Korea,C26,"Manufacture of computer, electronic and optical products",ARE,United Arab Emirates,PT_EXGR,2012,0.199,0
EXGR_PSH,"Gross exports, destination partner shares",KOR,Korea,C26,"Manufacture of computer, electronic and optical products",VNM,Viet Nam,PT_EXGR,2012,3.106,0
EXGR_PSH,"Gross exports, destination partner shares",KOR,Korea,C26,"Manufacture of computer, electronic and optical products",CAN,Canada,PT_EXGR,2012,0.502,0
EXGR_PSH,"Gross exports, destination partner shares",KOR,Korea,C26,"Manufacture of computer, electronic and optical products",GBR,United Kingdom,PT_EXGR,2012,0.502,0
EXGR_PSH,"Gross exports, destination partner shares",KOR,Korea,C26,"Manufacture of computer, electronic and optical products",ITA,Italy,PT_EXGR,2012,0.234,0
EXGR_PSH,"Gross exports, destination partner shares",KOR,Korea,C26,"Manufacture of computer, electronic and optical products",UKR,Ukraine,PT_EXGR,2012,0.068,0
EXGR_PSH,"Gross exports, destination partner shares",KOR,Korea,C26,"Manufacture of computer, electronic and optical products",BRN,Brunei Darussalam,PT_EXGR,2012,0.007,0
EXGR_PSH,"Gross exports, destination partner shares",KOR,Korea,C26,"Manufacture of computer, electronic and optical products",PHL,Philippines,PT_EXGR,2012,0.591,0
EXGR_PSH,"Gross exports, destination partner shares",KOR,Korea,C26,"Manufacture of computer, electronic and optical products",EST,Estonia,PT_EXGR,2012,0.016,0
EXGR_PSH,"Gross exports, destination partner shares",KOR,Korea,C26,"Manufacture of computer, electronic and optical products",DEU,Germany,PT_EXGR,2012,2.267,0
EXGR_PSH,"Gross exports, destination partner shares",KOR,Korea,C26,"Manufacture of computer, electronic and optical products",ASEAN,ASEAN,PT_EXGR,2012,9.863,0
EXGR_PSH,"Gross exports, destination partner shares",KOR,Korea,C26,"Manufacture of computer, electronic and optical products",OECD,OECD,PT_EXGR,2012,29.766,0
EXGR_PSH,"Gross exports, destination partner shares",KOR,Korea,C26,"Manufacture of computer, electronic and optical products",A5_A7,South and Central America,PT_EXGR,2012,2.789,0
EXGR_PSH,"Gross exports, destination partner shares",KOR,Korea,C26,"Manufacture of computer, electronic and optical products",SGP,Singapore,PT_EXGR,2012,3.313,0
EXGR_PSH,"Gross exports, destination partner shares",KOR,Korea,C26,"Manufacture of computer, electronic and optical products",S2,Eastern Asia,PT_EXGR,2012,56.984,0
EXGR_PSH,"Gross exports, destination partner shares",KOR,Korea,C26,"Manufacture of computer, electronic and optical products",ARG,Argentina,PT_EXGR,2012,0.198,0
EXGR_PSH,"Gross exports, destination partner shares",KOR,Korea,C26,"Manufacture of computer, electronic and optical products",AUS,Australia,PT_EXGR,2012,0.598,0
EXGR_PSH,"Gross exports, destination partner shares",KOR,Korea,C26,"Manufacture of computer, electronic and optical products",NZL,New Zealand,PT_EXGR,2012,0.054,0
EXGR_PSH,"Gross exports, destination partner shares",KOR,Korea,C26,"Manufacture of computer, electronic and optical products",TUR,Türkiye,PT_EXGR,2012,0.685,0
EXGR_PSH,"Gross exports, destination partner shares",KOR,Korea,C26,"Manufacture of computer, electronic and optical products",HRV,Croatia,PT_EXGR,2012,0.029,0
EXGR_PSH,"Gross exports, destination partner shares",KOR,Korea,C26,"Manufacture of computer, electronic and optical products",EU28,European Union (28 countries),PT_EXGR,2012,9.573,0
EXGR_PSH,"Gross exports, destination partner shares",KOR,Korea,C26,"Manufacture of computer, electronic and optical products",CZE,Czechia,PT_EXGR,2012,0.472,0
EXGR_PSH,"Gross exports, destination partner shares",KOR,Korea,C26,"Manufacture of computer, electronic and optical products",SWE,Sweden,PT_EXGR,2012,0.074,0
EXGR_PSH,"Gross exports, destination partner shares",KOR,Korea,C26,"Manufacture of computer, electronic and optical products",EU28XEU15,European Union 28 excluding European Union 15 countries,PT_EXGR,2012,4.672,0
EXGR_PSH,"Gross exports, destination partner shares",KOR,Korea,C26,"Manufacture of computer, electronic and optical products",MEX,Mexico,PT_EXGR,2012,4.432,0
EXGR_PSH,"Gross exports, destination partner shares",KOR,Korea,C26,"Manufacture of computer, electronic and optical products",TWN,Chinese Taipei,PT_EXGR,2012,3.489,0
EXGR_PSH,"Gross exports, destination partner shares",KOR,Korea,C26,"Manufacture of computer, electronic and optical products",ESP,Spain,PT_EXGR,2012,0.223,0
EXGR_PSH,"Gross exports, destination partner shares",KOR,Korea,C26,"Manufacture of computer, electronic and optical products",LVA,Latvia,PT_EXGR,2012,0.005,0
EXGR_PSH,"Gross exports, destination partner shares",KOR,Korea,C26,"Manufacture of computer, electronic and optical products",HUN,Hungary,PT_EXGR,2012,0.526,0
EXGR_PSH,"Gross exports, destination partner shares",KOR,Korea,C26,"Manufacture of computer, electronic and optical products",E,Europe,PT_EXGR,2012,10.977,0
EXGR_PSH,"Gross exports, destination partner shares",KOR,Korea,C26,"Manufacture of computer, electronic and optical products",G20,G20,PT_EXGR,2012,83.385,0
EXGR_PSH,"Gross exports, destination partner shares",KOR,Korea,C26,"Manufacture of computer, electronic and optical products",AGO,Angola,PT_EXGR,2012,0.027,0
EXGR_PSH,"Gross exports, destination partner shares",KOR,Korea,C26,"Manufacture of computer, electronic and optical products",LUX,Luxembourg,PT_EXGR,2012,0.007,0
EXGR_PSH,"Gross exports, destination partner shares",KOR,Korea,C26,"Manufacture of computer, electronic and optical products",WXOECD,Non-OECD economies,PT_EXGR,2012,70.234,0
EXGR_PSH,"Gross exports, destination partner shares",KOR,Korea,C26,"Manufacture of computer, electronic and optical products",NLD,Netherlands,PT_EXGR,2012,0.03,0
EXGR_PSH,"Gross exports, destination partner shares",KOR,Korea,C26,"Manufacture of computer, electronic and optical products",BRA,Brazil,PT_EXGR,2012,2.289,0
EXGR_PSH,"Gross exports, destination partner shares",KOR,Korea,C26,"Manufacture of computer, electronic and optical products",IDN,Indonesia,PT_EXGR,2012,0.671,0
EXGR_PSH,"Gross exports, destination partner shares",KOR,Korea,C26,"Manufacture of computer, electronic and optical products",APEC,APEC,PT_EXGR,2012,82.102,0
EXGR_PSH,"Gross exports, destination partner shares",KOR,Korea,C26,"Manufacture of computer, electronic and optical products",THA,Thailand,PT_EXGR,2012,0.755,0
EXGR_PSH,"Gross exports, destination partner shares",KOR,Korea,C26,"Manufacture of computer, electronic and optical products",IND,India,PT_EXGR,2012,0.848,0
EXGR_PSH,"Gross exports, destination partner shares",KOR,Korea,C26,"Manufacture of computer, electronic and optical products",CMR,Cameroon,PT_EXGR,2012,0.001,0
EXGR_PSH,"Gross exports, destination partner shares",KOR,Korea,C26,"Manufacture of computer, electronic and optical products",IRL,Ireland,PT_EXGR,2012,0.131,0
EXGR_PSH,"Gross exports, destination partner shares",KOR,Korea,C26,"Manufacture of computer, electronic and optical products",PAK,Pakistan,PT_EXGR,2012,0.013,0
EXGR_PSH,"Gross exports, destination partner shares",KOR,Korea,C26,"Manufacture of computer, electronic and optical products",W_O,Other countries,PT_EXGR,2012,5.571,0
EXGR_PSH,"Gross exports, destination partner shares",KOR,Korea,C26,"Manufacture of computer, electronic and optical products",MLT,Malta,PT_EXGR,2012,0.051,0
EXGR_PSH,"Gross exports, destination partner shares",KOR,Korea,C26,"Manufacture of computer, electronic and optical products",TUN,Tunisia,PT_EXGR,2012,0.016,0
EXGR_PSH,"Gross exports, destination partner shares",KOR,Korea,C26,"Manufacture of computer, electronic and optical products",CHL,Chile,PT_EXGR,2012,0.098,0
EXGR_PSH,"Gross exports, destination partner shares",KOR,Korea,C26,"Manufacture of computer, electronic and optical products",SVK,Slovak Republic,PT_EXGR,2012,2.215,0
EXGR_PSH,"Gross exports, destination partner shares",KOR,Korea,C26,"Manufacture of computer, electronic and optical products",SAU,Saudi Arabia,PT_EXGR,2012,0.512,0
EXGR_PSH,"Gross exports, destination partner shares",KOR,Korea,C26,"Manufacture of computer, electronic and optical products",CIV,Côte d’Ivoire,PT_EXGR,2012,0.003,0
EXGR_PSH,"Gross exports, destination partner shares",KOR,Korea,C26,"Manufacture of computer, electronic and optical products",MMR,Myanmar,PT_EXGR,2012,0.003,0
EXGR_PSH,"Gross exports, destination partner shares",KOR,Korea,C26,"Manufacture of computer, electronic and optical products",BLR,Belarus,PT_EXGR,2012,0.005,0
EXGR_PSH,"Gross exports, destination partner shares",KOR,Korea,C26,"Manufacture of computer, electronic and optical products",CRI,Costa Rica,PT_EXGR,2012,0.005,0
EXGR_PSH,"Gross exports, destination partner shares",KOR,Korea,C26,"Manufacture of computer, electronic and optical products",ISL,Iceland,PT_EXGR,2012,0.007,0
EXGR_PSH,"Gross exports, destination partner shares",KOR,Korea,C26,"Manufacture of computer, electronic and optical products",KHM,Cambodia,PT_EXGR,2012,0.01,0
EXGR_PSH,"Gross exports, destination partner shares",KOR,Korea,C26,"Manufacture of computer, electronic and optical products",LTU,Lithuania,PT_EXGR,2012,0.002,0
EXGR_PSH,"Gross exports, destination partner shares",KOR,Korea,C26,"Manufacture of computer, electronic and optical products",COD,Democratic Republic of the Congo,PT_EXGR,2012,0.002,0
EXGR_PSH,"Gross exports, destination partner shares",KOR,Korea,C26,"Manufacture of computer, electronic and optical products",CYP,Cyprus,PT_EXGR,2012,0.002,0
EXGR_PSH,"Gross exports, destination partner shares",KOR,Korea,C26,"Manufacture of computer, electronic and optical products",LAO,Lao People’s Democratic Republic,PT_EXGR,2012,0.001,0
EXGR_PSH,"Gross exports, destination partner shares",KOR,Korea,C26,"Manufacture of computer, electronic and optical products",SEN,Senegal,PT_EXGR,2012,0.001,0
EXGR_PSH,"Gross exports, destination partner shares",KOR,Korea,C26,"Manufacture of computer, electronic and optical products",W,World,PT_EXGR,2012,100,0
EXGR_PSH,"Gross exports, destination partner shares",KOR,Korea,C26,"Manufacture of computer, electronic and optical products",KOR,Korea,PT_EXGR,2012,0,0
EXGR_PSH,"Gross exports, destination partner shares",KOR,Korea,C26,"Manufacture of computer, electronic and optical products",STP,Sao Tome and Principe,PT_EXGR,2012,0,0
EXGR_PSH,"Gross exports, destination partner shares",KOR,Korea,C26,"Manufacture of computer, electronic and optical products",HKG,Hong Kong (China),PT_EXGR,2017,0.046,0
EXGR_PSH,"Gross exports, destination partner shares",KOR,Korea,C26,"Manufacture of computer, electronic and optical products",F,Africa,PT_EXGR,2017,0.329,0
EXGR_PSH,"Gross exports, destination partner shares",KOR,Korea,C26,"Manufacture of computer, electronic and optical products",SVN,Slovenia,PT_EXGR,2017,0.034,0
EXGR_PSH,"Gross exports, destination partner shares",KOR,Korea,C26,"Manufacture of computer, electronic and optical products",ZAF,South Africa,PT_EXGR,2017,0.052,0
EXGR_PSH,"Gross exports, destination partner shares",KOR,Korea,C26,"Manufacture of computer, electronic and optical products",S2_S8,Eastern and South-eastern Asia,PT_EXGR,2017,75.294,0
EXGR_PSH,"Gross exports, destination partner shares",KOR,Korea,C26,"Manufacture of computer, electronic and optical products",NAFTA,NAFTA,PT_EXGR,2017,11.638,0
EXGR_PSH,"Gross exports, destination partner shares",KOR,Korea,C26,"Manufacture of computer, electronic and optical products",SEN,Senegal,PT_EXGR,2017,0,0
EXGR_PSH,"Gross exports, destination partner shares",KOR,Korea,C26,"Manufacture of computer, electronic and optical products",COL,Colombia,PT_EXGR,2017,0.045,0
EXGR_PSH,"Gross exports, destination partner shares",KOR,Korea,C26,"Manufacture of computer, electronic and optical products",CIV,Côte d’Ivoire,PT_EXGR,2017,0.002,0
EXGR_PSH,"Gross exports, destination partner shares",KOR,Korea,C26,"Manufacture of computer, electronic and optical products",CHN,China (People’s Republic of),PT_EXGR,2017,49.865,0
EXGR_PSH,"Gross exports, destination partner shares",KOR,Korea,C26,"Manufacture of computer, electronic and optical products",NGA,Nigeria,PT_EXGR,2017,0.049,0
EXGR_PSH,"Gross exports, destination partner shares",KOR,Korea,C26,"Manufacture of computer, electronic and optical products",AUT,Austria,PT_EXGR,2017,0.11,0
EXGR_PSH,"Gross exports, destination partner shares",KOR,Korea,C26,"Manufacture of computer, electronic and optical products",MYS,Malaysia,PT_EXGR,2017,0.734,0
EXGR_PSH,"Gross exports, destination partner shares",KOR,Korea,C26,"Manufacture of computer, electronic and optical products",EGY,Egypt,PT_EXGR,2017,0.149,0
EXGR_PSH,"Gross exports, destination partner shares",KOR,Korea,C26,"Manufacture of computer, electronic and optical products",NOR,Norway,PT_EXGR,2017,0.17,0
EXGR_PSH,"Gross exports, destination partner shares",KOR,Korea,C26,"Manufacture of computer, electronic and optical products",EU27_2020,European Union (27 countries from 01/02/2020),PT_EXGR,2017,5.139,0
EXGR_PSH,"Gross exports, destination partner shares",KOR,Korea,C26,"Manufacture of computer, electronic and optical products",CHE,Switzerland,PT_EXGR,2017,0.077,0
EXGR_PSH,"Gross exports, destination partner shares",KOR,Korea,C26,"Manufacture of computer, electronic and optical products",DNK,Denmark,PT_EXGR,2017,0.015,0
EXGR_PSH,"Gross exports, destination partner shares",KOR,Korea,C26,"Manufacture of computer, electronic and optical products",BGR,Bulgaria,PT_EXGR,2017,0.008,0
EXGR_PSH,"Gross exports, destination partner shares",KOR,Korea,C26,"Manufacture of computer, electronic and optical products",PER,Peru,PT_EXGR,2017,0.025,0
EXGR_PSH,"Gross exports, destination partner shares",KOR,Korea,C26,"Manufacture of computer, electronic and optical products",USA,United States,PT_EXGR,2017,8.003,0
EXGR_PSH,"Gross exports, destination partner shares",KOR,Korea,C26,"Manufacture of computer, electronic and optical products",BGD,Bangladesh,PT_EXGR,2017,0.035,0
EXGR_PSH,"Gross exports, destination partner shares",KOR,Korea,C26,"Manufacture of computer, electronic and optical products",FRA,France,PT_EXGR,2017,0.386,0
EXGR_PSH,"Gross exports, destination partner shares",KOR,Korea,C26,"Manufacture of computer, electronic and optical products",POL,Poland,PT_EXGR,2017,0.442,0
EXGR_PSH,"Gross exports, destination partner shares",KOR,Korea,C26,"Manufacture of computer, electronic and optical products",PRT,Portugal,PT_EXGR,2017,0.02,0
EXGR_PSH,"Gross exports, destination partner shares",KOR,Korea,C26,"Manufacture of computer, electronic and optical products",ISR,Israel,PT_EXGR,2017,0.124,0
EXGR_PSH,"Gross exports, destination partner shares",KOR,Korea,C26,"Manufacture of computer, electronic and optical products",EU15,European Union (15 countries),PT_EXGR,2017,3.708,0
EXGR_PSH,"Gross exports, destination partner shares",KOR,Korea,C26,"Manufacture of computer, electronic and optical products",WXD,Rest of the world,PT_EXGR,2017,1.738,0
EXGR_PSH,"Gross exports, destination partner shares",KOR,Korea,C26,"Manufacture of computer, electronic and optical products",EA19,Euro area (19 countries),PT_EXGR,2017,4.179,0
EXGR_PSH,"Gross exports, destination partner shares",KOR,Korea,C26,"Manufacture of computer, electronic and optical products",FIN,Finland,PT_EXGR,2017,0.236,0
EXGR_PSH,"Gross exports, destination partner shares",KOR,Korea,C26,"Manufacture of computer, electronic and optical products",ROU,Romania,PT_EXGR,2017,0.023,0
EXGR_PSH,"Gross exports, destination partner shares",KOR,Korea,C26,"Manufacture of computer, electronic and optical products",KAZ,Kazakhstan,PT_EXGR,2017,0.029,0
EXGR_PSH,"Gross exports, destination partner shares",KOR,Korea,C26,"Manufacture of computer, electronic and optical products",MAR,Morocco,PT_EXGR,2017,0.03,0
EXGR_PSH,"Gross exports, destination partner shares",KOR,Korea,C26,"Manufacture of computer, electronic and optical products",RUS,Russia,PT_EXGR,2017,0.411,0
EXGR_PSH,"Gross exports, destination partner shares",KOR,Korea,C26,"Manufacture of computer, electronic and optical products",ARE,United Arab Emirates,PT_EXGR,2017,0.419,0
EXGR_PSH,"Gross exports, destination partner shares",KOR,Korea,C26,"Manufacture of computer, electronic and optical products",VNM,Viet Nam,PT_EXGR,2017,12.19,0
EXGR_PSH,"Gross exports, destination partner shares",KOR,Korea,C26,"Manufacture of computer, electronic and optical products",CAN,Canada,PT_EXGR,2017,0.323,0
EXGR_PSH,"Gross exports, destination partner shares",KOR,Korea,C26,"Manufacture of computer, electronic and optical products",MMR,Myanmar,PT_EXGR,2017,0.015,0
EXGR_PSH,"Gross exports, destination partner shares",KOR,Korea,C26,"Manufacture of computer, electronic and optical products",GBR,United Kingdom,PT_EXGR,2017,0.241,0
EXGR_PSH,"Gross exports, destination partner shares",KOR,Korea,C26,"Manufacture of computer, electronic and optical products",ITA,Italy,PT_EXGR,2017,0.122,0
EXGR_PSH,"Gross exports, destination partner shares",KOR,Korea,C26,"Manufacture of computer, electronic and optical products",UKR,Ukraine,PT_EXGR,2017,0.023,0
EXGR_PSH,"Gross exports, destination partner shares",KOR,Korea,C26,"Manufacture of computer, electronic and optical products",PHL,Philippines,PT_EXGR,2017,1.868,0
EXGR_PSH,"Gross exports, destination partner shares",KOR,Korea,C26,"Manufacture of computer, electronic and optical products",EST,Estonia,PT_EXGR,2017,0.008,0
EXGR_PSH,"Gross exports, destination partner shares",KOR,Korea,C26,"Manufacture of computer, electronic and optical products",DEU,Germany,PT_EXGR,2017,2.242,0
EXGR_PSH,"Gross exports, destination partner shares",KOR,Korea,C26,"Manufacture of computer, electronic and optical products",ASEAN,ASEAN,PT_EXGR,2017,18.934,0
EXGR_PSH,"Gross exports, destination partner shares",KOR,Korea,C26,"Manufacture of computer, electronic and optical products",OECD,OECD,PT_EXGR,2017,20.406,0
EXGR_PSH,"Gross exports, destination partner shares",KOR,Korea,C26,"Manufacture of computer, electronic and optical products",A5_A7,South and Central America,PT_EXGR,2017,1.556,0
EXGR_PSH,"Gross exports, destination partner shares",KOR,Korea,C26,"Manufacture of computer, electronic and optical products",SGP,Singapore,PT_EXGR,2017,2.945,0
EXGR_PSH,"Gross exports, destination partner shares",KOR,Korea,C26,"Manufacture of computer, electronic and optical products",S2,Eastern Asia,PT_EXGR,2017,56.361,0
EXGR_PSH,"Gross exports, destination partner shares",KOR,Korea,C26,"Manufacture of computer, electronic and optical products",ARG,Argentina,PT_EXGR,2017,0.101,0
EXGR_PSH,"Gross exports, destination partner shares",KOR,Korea,C26,"Manufacture of computer, electronic and optical products",AUS,Australia,PT_EXGR,2017,0.334,0
EXGR_PSH,"Gross exports, destination partner shares",KOR,Korea,C26,"Manufacture of computer, electronic and optical products",NZL,New Zealand,PT_EXGR,2017,0.029,0
EXGR_PSH,"Gross exports, destination partner shares",KOR,Korea,C26,"Manufacture of computer, electronic and optical products",TUR,Türkiye,PT_EXGR,2017,0.44,0
EXGR_PSH,"Gross exports, destination partner shares",KOR,Korea,C26,"Manufacture of computer, electronic and optical products",EU28,European Union (28 countries),PT_EXGR,2017,5.38,0
EXGR_PSH,"Gross exports, destination partner shares",KOR,Korea,C26,"Manufacture of computer, electronic and optical products",CZE,Czechia,PT_EXGR,2017,0.301,0
EXGR_PSH,"Gross exports, destination partner shares",KOR,Korea,C26,"Manufacture of computer, electronic and optical products",SWE,Sweden,PT_EXGR,2017,0.033,0
EXGR_PSH,"Gross exports, destination partner shares",KOR,Korea,C26,"Manufacture of computer, electronic and optical products",EU28XEU15,European Union 28 excluding European Union 15 countries,PT_EXGR,2017,1.673,0
EXGR_PSH,"Gross exports, destination partner shares",KOR,Korea,C26,"Manufacture of computer, electronic and optical products",MEX,Mexico,PT_EXGR,2017,3.312,0
EXGR_PSH,"Gross exports, destination partner shares",KOR,Korea,C26,"Manufacture of computer, electronic and optical products",TWN,Chinese Taipei,PT_EXGR,2017,4.295,0
EXGR_PSH,"Gross exports, destination partner shares",KOR,Korea,C26,"Manufacture of computer, electronic and optical products",ESP,Spain,PT_EXGR,2017,0.097,0
EXGR_PSH,"Gross exports, destination partner shares",KOR,Korea,C26,"Manufacture of computer, electronic and optical products",HUN,Hungary,PT_EXGR,2017,0.137,0
EXGR_PSH,"Gross exports, destination partner shares",KOR,Korea,C26,"Manufacture of computer, electronic and optical products",ISL,Iceland,PT_EXGR,2017,0.019,0
EXGR_PSH,"Gross exports, destination partner shares",KOR,Korea,C26,"Manufacture of computer, electronic and optical products",E,Europe,PT_EXGR,2017,6.085,0
EXGR_PSH,"Gross exports, destination partner shares",KOR,Korea,C26,"Manufacture of computer, electronic and optical products",G20,G20,PT_EXGR,2017,74.047,0
EXGR_PSH,"Gross exports, destination partner shares",KOR,Korea,C26,"Manufacture of computer, electronic and optical products",AGO,Angola,PT_EXGR,2017,0.007,0
EXGR_PSH,"Gross exports, destination partner shares",KOR,Korea,C26,"Manufacture of computer, electronic and optical products",WXOECD,Non-OECD economies,PT_EXGR,2017,79.594,0
EXGR_PSH,"Gross exports, destination partner shares",KOR,Korea,C26,"Manufacture of computer, electronic and optical products",NLD,Netherlands,PT_EXGR,2017,0.111,0
EXGR_PSH,"Gross exports, destination partner shares",KOR,Korea,C26,"Manufacture of computer, electronic and optical products",BRA,Brazil,PT_EXGR,2017,1.352,0
EXGR_PSH,"Gross exports, destination partner shares",KOR,Korea,C26,"Manufacture of computer, electronic and optical products",IDN,Indonesia,PT_EXGR,2017,0.387,0
EXGR_PSH,"Gross exports, destination partner shares",KOR,Korea,C26,"Manufacture of computer, electronic and optical products",APEC,APEC,PT_EXGR,2017,87.74,0
EXGR_PSH,"Gross exports, destination partner shares",KOR,Korea,C26,"Manufacture of computer, electronic and optical products",THA,Thailand,PT_EXGR,2017,0.789,0
EXGR_PSH,"Gross exports, destination partner shares",KOR,Korea,C26,"Manufacture of computer, electronic and optical products",IND,India,PT_EXGR,2017,1.717,0
EXGR_PSH,"Gross exports, destination partner shares",KOR,Korea,C26,"Manufacture of computer, electronic and optical products",IRL,Ireland,PT_EXGR,2017,0.06,0
EXGR_PSH,"Gross exports, destination partner shares",KOR,Korea,C26,"Manufacture of computer, electronic and optical products",PAK,Pakistan,PT_EXGR,2017,0.011,0
EXGR_PSH,"Gross exports, destination partner shares",KOR,Korea,C26,"Manufacture of computer, electronic and optical products",W_O,Other countries,PT_EXGR,2017,5.097,0
EXGR_PSH,"Gross exports, destination partner shares",KOR,Korea,C26,"Manufacture of computer, electronic and optical products",TUN,Tunisia,PT_EXGR,2017,0.038,0
EXGR_PSH,"Gross exports, destination partner shares",KOR,Korea,C26,"Manufacture of computer, electronic and optical products",CHL,Chile,PT_EXGR,2017,0.028,0
EXGR_PSH,"Gross exports, destination partner shares",KOR,Korea,C26,"Manufacture of computer, electronic and optical products",SVK,Slovak Republic,PT_EXGR,2017,0.709,0
EXGR_PSH,"Gross exports, destination partner shares",KOR,Korea,C26,"Manufacture of computer, electronic and optical products",SAU,Saudi Arabia,PT_EXGR,2017,0.216,0
EXGR_PSH,"Gross exports, destination partner shares",KOR,Korea,C26,"Manufacture of computer, electronic and optical products",BLR,Belarus,PT_EXGR,2019,0.003,0
EXGR_PSH,"Gross exports, destination partner shares",KOR,Korea,C26,"Manufacture of computer, electronic and optical products",HKG,Hong Kong (China),PT_EXGR,2019,0.037,0
EXGR_PSH,"Gross exports, destination partner shares",KOR,Korea,C26,"Manufacture of computer, electronic and optical products",F,Africa,PT_EXGR,2019,0.22,0
EXGR_PSH,"Gross exports, destination partner shares",KOR,Korea,C26,"Manufacture of computer, electronic and optical products",SVN,Slovenia,PT_EXGR,2019,0.025,0
EXGR_PSH,"Gross exports, destination partner shares",KOR,Korea,C26,"Manufacture of computer, electronic and optical products",ZAF,South Africa,PT_EXGR,2019,0.044,0
EXGR_PSH,"Gross exports, destination partner shares",KOR,Korea,C26,"Manufacture of computer, electronic and optical products",S2_S8,Eastern and South-eastern Asia,PT_EXGR,2019,77.45,0
EXGR_PSH,"Gross exports, destination partner shares",KOR,Korea,C26,"Manufacture of computer, electronic and optical products",NAFTA,NAFTA,PT_EXGR,2019,13.014,0
EXGR_PSH,"Gross exports, destination partner shares",KOR,Korea,C26,"Manufacture of computer, electronic and optical products",COL,Colombia,PT_EXGR,2019,0.027,0
EXGR_PSH,"Gross exports, destination partner shares",KOR,Korea,C26,"Manufacture of computer, electronic and optical products",CHN,China (People’s Republic of),PT_EXGR,2019,51.878,0
EXGR_PSH,"Gross exports, destination partner shares",KOR,Korea,C26,"Manufacture of computer, electronic and optical products",NGA,Nigeria,PT_EXGR,2019,0.065,0
EXGR_PSH,"Gross exports, destination partner shares",KOR,Korea,C26,"Manufacture of computer, electronic and optical products",AUT,Austria,PT_EXGR,2019,0.072,0
EXGR_PSH,"Gross exports, destination partner shares",KOR,Korea,C26,"Manufacture of computer, electronic and optical products",MYS,Malaysia,PT_EXGR,2019,0.727,0
EXGR_PSH,"Gross exports, destination partner shares",KOR,Korea,C26,"Manufacture of computer, electronic and optical products",EGY,Egypt,PT_EXGR,2019,0.069,0
EXGR_PSH,"Gross exports, destination partner shares",KOR,Korea,C26,"Manufacture of computer, electronic and optical products",NOR,Norway,PT_EXGR,2019,0.072,0
EXGR_PSH,"Gross exports, destination partner shares",KOR,Korea,C26,"Manufacture of computer, electronic and optical products",EU27_2020,European Union (27 countries from 01/02/2020),PT_EXGR,2019,4.037,0
EXGR_PSH,"Gross exports, destination partner shares",KOR,Korea,C26,"Manufacture of computer, electronic and optical products",CHE,Switzerland,PT_EXGR,2019,0.081,0
EXGR_PSH,"Gross exports, destination partner shares",KOR,Korea,C26,"Manufacture of computer, electronic and optical products",DNK,Denmark,PT_EXGR,2019,0.016,0
EXGR_PSH,"Gross exports, destination partner shares",KOR,Korea,C26,"Manufacture of computer, electronic and optical products",BGR,Bulgaria,PT_EXGR,2019,0.009,0
EXGR_PSH,"Gross exports, destination partner shares",KOR,Korea,C26,"Manufacture of computer, electronic and optical products",JPN,Japan,PT_EXGR,2019,1.915,0
EXGR_PSH,"Gross exports, destination partner shares",KOR,Korea,C26,"Manufacture of computer, electronic and optical products",BEL,Belgium,PT_EXGR,2019,0.026,0
EXGR_PSH,"Gross exports, destination partner shares",KOR,Korea,C26,"Manufacture of computer, electronic and optical products",PER,Peru,PT_EXGR,2019,0.015,0
EXGR_PSH,"Gross exports, destination partner shares",KOR,Korea,C26,"Manufacture of computer, electronic and optical products",USA,United States,PT_EXGR,2019,8.923,0
EXGR_PSH,"Gross exports, destination partner shares",KOR,Korea,C26,"Manufacture of computer, electronic and optical products",BGD,Bangladesh,PT_EXGR,2019,0.033,0
EXGR_PSH,"Gross exports, destination partner shares",KOR,Korea,C26,"Manufacture of computer, electronic and optical products",FRA,France,PT_EXGR,2019,0.335,0
EXGR_PSH,"Gross exports, destination partner shares",KOR,Korea,C26,"Manufacture of computer, electronic and optical products",POL,Poland,PT_EXGR,2019,0.303,0
EXGR_PSH,"Gross exports, destination partner shares",KOR,Korea,C26,"Manufacture of computer, electronic and optical products",PRT,Portugal,PT_EXGR,2019,0.026,0
EXGR_PSH,"Gross exports, destination partner shares",KOR,Korea,C26,"Manufacture of computer, electronic and optical products",ISR,Israel,PT_EXGR,2019,0.139,0
EXGR_PSH,"Gross exports, destination partner shares",KOR,Korea,C26,"Manufacture of computer, electronic and optical products",EU15,European Union (15 countries),PT_EXGR,2019,3.22,0
EXGR_PSH,"Gross exports, destination partner shares",KOR,Korea,C26,"Manufacture of computer, electronic and optical products",WXD,Rest of the world,PT_EXGR,2019,1.116,0
EXGR_PSH,"Gross exports, destination partner shares",KOR,Korea,C26,"Manufacture of computer, electronic and optical products",EA19,Euro area (19 countries),PT_EXGR,2019,3.21,0
EXGR_PSH,"Gross exports, destination partner shares",KOR,Korea,C26,"Manufacture of computer, electronic and optical products",FIN,Finland,PT_EXGR,2019,0.198,0
EXGR_PSH,"Gross exports, destination partner shares",KOR,Korea,C26,"Manufacture of computer, electronic and optical products",ROU,Romania,PT_EXGR,2019,0.022,0
EXGR_PSH,"Gross exports, destination partner shares",KOR,Korea,C26,"Manufacture of computer, electronic and optical products",KAZ,Kazakhstan,PT_EXGR,2019,0.036,0
EXGR_PSH,"Gross exports, destination partner shares",KOR,Korea,C26,"Manufacture of computer, electronic and optical products",MAR,Morocco,PT_EXGR,2019,0.019,0
EXGR_PSH,"Gross exports, destination partner shares",KOR,Korea,C26,"Manufacture of computer, electronic and optical products",RUS,Russia,PT_EXGR,2019,0.351,0
EXGR_PSH,"Gross exports, destination partner shares",KOR,Korea,C26,"Manufacture of computer, electronic and optical products",ARE,United Arab Emirates,PT_EXGR,2019,0.18,0
EXGR_PSH,"Gross exports, destination partner shares",KOR,Korea,C26,"Manufacture of computer, electronic and optical products",VNM,Viet Nam,PT_EXGR,2019,13.541,0
EXGR_PSH,"Gross exports, destination partner shares",KOR,Korea,C26,"Manufacture of computer, electronic and optical products",CAN,Canada,PT_EXGR,2019,0.381,0
EXGR_PSH,"Gross exports, destination partner shares",KOR,Korea,C26,"Manufacture of computer, electronic and optical products",GBR,United Kingdom,PT_EXGR,2019,0.269,0
EXGR_PSH,"Gross exports, destination partner shares",KOR,Korea,C26,"Manufacture of computer, electronic and optical products",ITA,Italy,PT_EXGR,2019,0.094,0
EXGR_PSH,"Gross exports, destination partner shares",KOR,Korea,C26,"Manufacture of computer, electronic and optical products",UKR,Ukraine,PT_EXGR,2019,0.025,0
EXGR_PSH,"Gross exports, destination partner shares",KOR,Korea,C26,"Manufacture of computer, electronic and optical products",PHL,Philippines,PT_EXGR,2019,1.661,0
EXGR_PSH,"Gross exports, destination partner shares",KOR,Korea,C26,"Manufacture of computer, electronic and optical products",EST,Estonia,PT_EXGR,2019,0.024,0
EXGR_PSH,"Gross exports, destination partner shares",KOR,Korea,C26,"Manufacture of computer, electronic and optical products",DEU,Germany,PT_EXGR,2019,1.694,0
EXGR_PSH,"Gross exports, destination partner shares",KOR,Korea,C26,"Manufacture of computer, electronic and optical products",ASEAN,ASEAN,PT_EXGR,2019,18.905,0
EXGR_PSH,"Gross exports, destination partner shares",KOR,Korea,C26,"Manufacture of computer, electronic and optical products",OECD,OECD,PT_EXGR,2019,19.985,0
EXGR_PSH,"Gross exports, destination partner shares",KOR,Korea,C26,"Manufacture of computer, electronic and optical products",A5_A7,South and Central America,PT_EXGR,2019,0.981,0
EXGR_PSH,"Gross exports, destination partner shares",KOR,Korea,C26,"Manufacture of computer, electronic and optical products",SGP,Singapore,PT_EXGR,2019,1.925,0
EXGR_PSH,"Gross exports, destination partner shares",KOR,Korea,C26,"Manufacture of computer, electronic and optical products",S2,Eastern Asia,PT_EXGR,2019,58.545,0
EXGR_PSH,"Gross exports, destination partner shares",KOR,Korea,C26,"Manufacture of computer, electronic and optical products",ARG,Argentina,PT_EXGR,2019,0.021,0
EXGR_PSH,"Gross exports, destination partner shares",KOR,Korea,C26,"Manufacture of computer, electronic and optical products",AUS,Australia,PT_EXGR,2019,0.269,0
EXGR_PSH,"Gross exports, destination partner shares",KOR,Korea,C26,"Manufacture of computer, electronic and optical products",NZL,New Zealand,PT_EXGR,2019,0.02,0
EXGR_PSH,"Gross exports, destination partner shares",KOR,Korea,C26,"Manufacture of computer, electronic and optical products",TUR,Türkiye,PT_EXGR,2019,0.153,0
EXGR_PSH,"Gross exports, destination partner shares",KOR,Korea,C26,"Manufacture of computer, electronic and optical products",HRV,Croatia,PT_EXGR,2019,0.002,0
EXGR_PSH,"Gross exports, destination partner shares",KOR,Korea,C26,"Manufacture of computer, electronic and optical products",EU28,European Union (28 countries),PT_EXGR,2019,4.306,0
EXGR_PSH,"Gross exports, destination partner shares",KOR,Korea,C26,"Manufacture of computer, electronic and optical products",CZE,Czechia,PT_EXGR,2019,0.194,0
EXGR_PSH,"Gross exports, destination partner shares",KOR,Korea,C26,"Manufacture of computer, electronic and optical products",SWE,Sweden,PT_EXGR,2019,0.041,0
EXGR_PSH,"Gross exports, destination partner shares",KOR,Korea,C26,"Manufacture of computer, electronic and optical products",EU28XEU15,European Union 28 excluding European Union 15 countries,PT_EXGR,2019,1.086,0
EXGR_PSH,"Gross exports, destination partner shares",KOR,Korea,C26,"Manufacture of computer, electronic and optical products",MEX,Mexico,PT_EXGR,2019,3.71,0
EXGR_PSH,"Gross exports, destination partner shares",KOR,Korea,C26,"Manufacture of computer, electronic and optical products",TWN,Chinese Taipei,PT_EXGR,2019,4.715,0
EXGR_PSH,"Gross exports, destination partner shares",KOR,Korea,C26,"Manufacture of computer, electronic and optical products",ESP,Spain,PT_EXGR,2019,0.101,0
EXGR_PSH,"Gross exports, destination partner shares",KOR,Korea,C26,"Manufacture of computer, electronic and optical products",LVA,Latvia,PT_EXGR,2019,0.004,0
EXGR_PSH,"Gross exports, destination partner shares",KOR,Korea,C26,"Manufacture of computer, electronic and optical products",HUN,Hungary,PT_EXGR,2019,0.241,0
EXGR_PSH,"Gross exports, destination partner shares",KOR,Korea,C26,"Manufacture of computer, electronic and optical products",E,Europe,PT_EXGR,2019,4.842,0
EXGR_PSH,"Gross exports, destination partner shares",KOR,Korea,C26,"Manufacture of computer, electronic and optical products",G20,G20,PT_EXGR,2019,74.781,0
EXGR_PSH,"Gross exports, destination partner shares",KOR,Korea,C26,"Manufacture of computer, electronic and optical products",LUX,Luxembourg,PT_EXGR,2019,0.004,0
EXGR_PSH,"Gross exports, destination partner shares",KOR,Korea,C26,"Manufacture of computer, electronic and optical products",WXOECD,Non-OECD economies,PT_EXGR,2019,80.015,0
EXGR_PSH,"Gross exports, destination partner shares",KOR,Korea,C26,"Manufacture of computer, electronic and optical products",NLD,Netherlands,PT_EXGR,2019,0.165,0
EXGR_PSH,"Gross exports, destination partner shares",KOR,Korea,C26,"Manufacture of computer, electronic and optical products",BRA,Brazil,PT_EXGR,2019,0.893,0
EXGR_PSH,"Gross exports, destination partner shares",KOR,Korea,C26,"Manufacture of computer, electronic and optical products",CRI,Costa Rica,PT_EXGR,2019,0.004,0
EXGR_PSH,"Gross exports, destination partner shares",KOR,Korea,C26,"Manufacture of computer, electronic and optical products",IDN,Indonesia,PT_EXGR,2019,0.403,0
EXGR_PSH,"Gross exports, destination partner shares",KOR,Korea,C26,"Manufacture of computer, electronic and optical products",APEC,APEC,PT_EXGR,2019,91.131,0
EXGR_PSH,"Gross exports, destination partner shares",KOR,Korea,C26,"Manufacture of computer, electronic and optical products",THA,Thailand,PT_EXGR,2019,0.638,0
EXGR_PSH,"Gross exports, destination partner shares",KOR,Korea,C26,"Manufacture of computer, electronic and optical products",IND,India,PT_EXGR,2019,1.346,0
EXGR_PSH,"Gross exports, destination partner shares",KOR,Korea,C26,"Manufacture of computer, electronic and optical products",IRL,Ireland,PT_EXGR,2019,0.174,0
EXGR_PSH,"Gross exports, destination partner shares",KOR,Korea,C26,"Manufacture of computer, electronic and optical products",W_O,Other countries,PT_EXGR,2019,3.492,0
EXGR_PSH,"Gross exports, destination partner shares",KOR,Korea,C26,"Manufacture of computer, electronic and optical products",MLT,Malta,PT_EXGR,2019,0.005,0
EXGR_PSH,"Gross exports, destination partner shares",KOR,Korea,C26,"Manufacture of computer, electronic and optical products",TUN,Tunisia,PT_EXGR,2019,0.019,0
EXGR_PSH,"Gross exports, destination partner shares",KOR,Korea,C26,"Manufacture of computer, electronic and optical products",CHL,Chile,PT_EXGR,2019,0.021,0
EXGR_PSH,"Gross exports, destination partner shares",KOR,Korea,C26,"Manufacture of computer, electronic and optical products",SVK,Slovak Republic,PT_EXGR,2019,0.255,0
EXGR_PSH,"Gross exports, destination partner shares",KOR,Korea,C26,"Manufacture of computer, electronic and optical products",SAU,Saudi Arabia,PT_EXGR,2019,0.189,0
EXGR_PSH,"Gross exports, destination partner shares",KOR,Korea,C26,"Manufacture of computer, electronic and optical products",BLR,Belarus,PT_EXGR,2016,0.004,0
EXGR_PSH,"Gross exports, destination partner shares",KOR,Korea,C26,"Manufacture of computer, electronic and optical products",HKG,Hong Kong (China),PT_EXGR,2016,0.041,0
EXGR_PSH,"Gross exports, destination partner shares",KOR,Korea,C26,"Manufacture of computer, electronic and optical products",F,Africa,PT_EXGR,2016,0.262,0
EXGR_PSH,"Gross exports, destination partner shares",KOR,Korea,C26,"Manufacture of computer, electronic and optical products",SVN,Slovenia,PT_EXGR,2016,0.029,0
EXGR_PSH,"Gross exports, destination partner shares",KOR,Korea,C26,"Manufacture of computer, electronic and optical products",ZAF,South Africa,PT_EXGR,2016,0.058,0
EXGR_PSH,"Gross exports, destination partner shares",KOR,Korea,C26,"Manufacture of computer, electronic and optical products",S2_S8,Eastern and South-eastern Asia,PT_EXGR,2016,75.021,0
EXGR_PSH,"Gross exports, destination partner shares",KOR,Korea,C26,"Manufacture of computer, electronic and optical products",NAFTA,NAFTA,PT_EXGR,2016,12.841,0
EXGR_PSH,"Gross exports, destination partner shares",KOR,Korea,C26,"Manufacture of computer, electronic and optical products",COL,Colombia,PT_EXGR,2016,0.042,0
EXGR_PSH,"Gross exports, destination partner shares",KOR,Korea,C26,"Manufacture of computer, electronic and optical products",CHN,China (People’s Republic of),PT_EXGR,2016,54.42,0
EXGR_PSH,"Gross exports, destination partner shares",KOR,Korea,C26,"Manufacture of computer, electronic and optical products",NGA,Nigeria,PT_EXGR,2016,0.025,0
EXGR_PSH,"Gross exports, destination partner shares",KOR,Korea,C26,"Manufacture of computer, electronic and optical products",AUT,Austria,PT_EXGR,2016,0.121,0
EXGR_PSH,"Gross exports, destination partner shares",KOR,Korea,C26,"Manufacture of computer, electronic and optical products",MYS,Malaysia,PT_EXGR,2016,0.977,0
EXGR_PSH,"Gross exports, destination partner shares",KOR,Korea,C26,"Manufacture of computer, electronic and optical products",EGY,Egypt,PT_EXGR,2016,0.102,0
EXGR_PSH,"Gross exports, destination partner shares",KOR,Korea,C26,"Manufacture of computer, electronic and optical products",NOR,Norway,PT_EXGR,2016,0.167,0
EXGR_PSH,"Gross exports, destination partner shares",KOR,Korea,C26,"Manufacture of computer, electronic and optical products",EU27_2020,European Union (27 countries from 01/02/2020),PT_EXGR,2016,4.451,0
EXGR_PSH,"Gross exports, destination partner shares",KOR,Korea,C26,"Manufacture of computer, electronic and optical products",CHE,Switzerland,PT_EXGR,2016,0.081,0
EXGR_PSH,"Gross exports, destination partner shares",KOR,Korea,C26,"Manufacture of computer, electronic and optical products",DNK,Denmark,PT_EXGR,2016,0.014,0
EXGR_PSH,"Gross exports, destination partner shares",KOR,Korea,C26,"Manufacture of computer, electronic and optical products",BGR,Bulgaria,PT_EXGR,2016,0.008,0
EXGR_PSH,"Gross exports, destination partner shares",KOR,Korea,C26,"Manufacture of computer, electronic and optical products",JPN,Japan,PT_EXGR,2016,2.271,0
EXGR_PSH,"Gross exports, destination partner shares",KOR,Korea,C26,"Manufacture of computer, electronic and optical products",JOR,Jordan,PT_EXGR,2016,0.004,0
EXGR_PSH,"Gross exports, destination partner shares",KOR,Korea,C26,"Manufacture of computer, electronic and optical products",BEL,Belgium,PT_EXGR,2016,0.033,0
EXGR_PSH,"Gross exports, destination partner shares",KOR,Korea,C26,"Manufacture of computer, electronic and optical products",PER,Peru,PT_EXGR,2016,0.04,0
EXGR_PSH,"Gross exports, destination partner shares",KOR,Korea,C26,"Manufacture of computer, electronic and optical products",USA,United States,PT_EXGR,2016,9.466,0
EXGR_PSH,"Gross exports, destination partner shares",KOR,Korea,C26,"Manufacture of computer, electronic and optical products",BGD,Bangladesh,PT_EXGR,2016,0.042,0
EXGR_PSH,"Gross exports, destination partner shares",KOR,Korea,C26,"Manufacture of computer, electronic and optical products",FRA,France,PT_EXGR,2016,0.434,0
EXGR_PSH,"Gross exports, destination partner shares",KOR,Korea,C26,"Manufacture of computer, electronic and optical products",POL,Poland,PT_EXGR,2016,0.448,0
EXGR_PSH,"Gross exports, destination partner shares",KOR,Korea,C26,"Manufacture of computer, electronic and optical products",PRT,Portugal,PT_EXGR,2016,0.028,0
EXGR_PSH,"Gross exports, destination partner shares",KOR,Korea,C26,"Manufacture of computer, electronic and optical products",ISR,Israel,PT_EXGR,2016,0.101,0
EXGR_PSH,"Gross exports, destination partner shares",KOR,Korea,C26,"Manufacture of computer, electronic and optical products",EU15,European Union (15 countries),PT_EXGR,2016,3.303,0
EXGR_PSH,"Gross exports, destination partner shares",KOR,Korea,C26,"Manufacture of computer, electronic and optical products",WXD,Rest of the world,PT_EXGR,2016,1.861,0
EXGR_PSH,"Gross exports, destination partner shares",KOR,Korea,C26,"Manufacture of computer, electronic and optical products",EA19,Euro area (19 countries),PT_EXGR,2016,3.532,0
EXGR_PSH,"Gross exports, destination partner shares",KOR,Korea,C26,"Manufacture of computer, electronic and optical products",FIN,Finland,PT_EXGR,2016,0.137,0
EXGR_PSH,"Gross exports, destination partner shares",KOR,Korea,C26,"Manufacture of computer, electronic and optical products",ROU,Romania,PT_EXGR,2016,0.033,0
EXGR_PSH,"Gross exports, destination partner shares",KOR,Korea,C26,"Manufacture of computer, electronic and optical products",KAZ,Kazakhstan,PT_EXGR,2016,0.035,0
EXGR_PSH,"Gross exports, destination partner shares",KOR,Korea,C26,"Manufacture of computer, electronic and optical products",MAR,Morocco,PT_EXGR,2016,0.028,0
EXGR_PSH,"Gross exports, destination partner shares",KOR,Korea,C26,"Manufacture of computer, electronic and optical products",RUS,Russia,PT_EXGR,2016,0.369,0
EXGR_PSH,"Gross exports, destination partner shares",KOR,Korea,C26,"Manufacture of computer, electronic and optical products",ARE,United Arab Emirates,PT_EXGR,2016,0.279,0
EXGR_PSH,"Gross exports, destination partner shares",KOR,Korea,C26,"Manufacture of computer, electronic and optical products",VNM,Viet Nam,PT_EXGR,2016,8.628,0
EXGR_PSH,"Gross exports, destination partner shares",KOR,Korea,C26,"Manufacture of computer, electronic and optical products",CAN,Canada,PT_EXGR,2016,0.334,0
EXGR_PSH,"Gross exports, destination partner shares",KOR,Korea,C26,"Manufacture of computer, electronic and optical products",MMR,Myanmar,PT_EXGR,2016,0.013,0
EXGR_PSH,"Gross exports, destination partner shares",KOR,Korea,C26,"Manufacture of computer, electronic and optical products",GBR,United Kingdom,PT_EXGR,2016,0.365,0
EXGR_PSH,"Gross exports, destination partner shares",KOR,Korea,C26,"Manufacture of computer, electronic and optical products",ITA,Italy,PT_EXGR,2016,0.114,0
EXGR_PSH,"Gross exports, destination partner shares",KOR,Korea,C26,"Manufacture of computer, electronic and optical products",UKR,Ukraine,PT_EXGR,2016,0.017,0
EXGR_PSH,"Gross exports, destination partner shares",KOR,Korea,C26,"Manufacture of computer, electronic and optical products",BRN,Brunei Darussalam,PT_EXGR,2016,0.002,0
EXGR_PSH,"Gross exports, destination partner shares",KOR,Korea,C26,"Manufacture of computer, electronic and optical products",PHL,Philippines,PT_EXGR,2016,1.169,0
EXGR_PSH,"Gross exports, destination partner shares",KOR,Korea,C26,"Manufacture of computer, electronic and optical products",EST,Estonia,PT_EXGR,2016,0.007,0
EXGR_PSH,"Gross exports, destination partner shares",KOR,Korea,C26,"Manufacture of computer, electronic and optical products",DEU,Germany,PT_EXGR,2016,1.731,0
EXGR_PSH,"Gross exports, destination partner shares",KOR,Korea,C26,"Manufacture of computer, electronic and optical products",CYP,Cyprus,PT_EXGR,2016,0.001,0
EXGR_PSH,"Gross exports, destination partner shares",KOR,Korea,C26,"Manufacture of computer, electronic and optical products",ASEAN,ASEAN,PT_EXGR,2016,14.225,0
EXGR_PSH,"Gross exports, destination partner shares",KOR,Korea,C26,"Manufacture of computer, electronic and optical products",OECD,OECD,PT_EXGR,2016,21.332,0
EXGR_PSH,"Gross exports, destination partner shares",KOR,Korea,C26,"Manufacture of computer, electronic and optical products",A5_A7,South and Central America,PT_EXGR,2016,1.322,0
EXGR_PSH,"Gross exports, destination partner shares",KOR,Korea,C26,"Manufacture of computer, electronic and optical products",SGP,Singapore,PT_EXGR,2016,2.447,0
EXGR_PSH,"Gross exports, destination partner shares",KOR,Korea,C26,"Manufacture of computer, electronic and optical products",S2,Eastern Asia,PT_EXGR,2016,60.795,0
EXGR_PSH,"Gross exports, destination partner shares",KOR,Korea,C26,"Manufacture of computer, electronic and optical products",ARG,Argentina,PT_EXGR,2016,0.171,0
EXGR_PSH,"Gross exports, destination partner shares",KOR,Korea,C26,"Manufacture of computer, electronic and optical products",AUS,Australia,PT_EXGR,2016,0.321,0
EXGR_PSH,"Gross exports, destination partner shares",KOR,Korea,C26,"Manufacture of computer, electronic and optical products",NZL,New Zealand,PT_EXGR,2016,0.053,0
EXGR_PSH,"Gross exports, destination partner shares",KOR,Korea,C26,"Manufacture of computer, electronic and optical products",TUR,Türkiye,PT_EXGR,2016,0.636,0
EXGR_PSH,"Gross exports, destination partner shares",KOR,Korea,C26,"Manufacture of computer, electronic and optical products",EU28,European Union (28 countries),PT_EXGR,2016,4.816,0
EXGR_PSH,"Gross exports, destination partner shares",KOR,Korea,C26,"Manufacture of computer, electronic and optical products",CZE,Czechia,PT_EXGR,2016,0.229,0
EXGR_PSH,"Gross exports, destination partner shares",KOR,Korea,C26,"Manufacture of computer, electronic and optical products",SWE,Sweden,PT_EXGR,2016,0.032,0
EXGR_PSH,"Gross exports, destination partner shares",KOR,Korea,C26,"Manufacture of computer, electronic and optical products",EU28XEU15,European Union 28 excluding European Union 15 countries,PT_EXGR,2016,1.513,0
EXGR_PSH,"Gross exports, destination partner shares",KOR,Korea,C26,"Manufacture of computer, electronic and optical products",MEX,Mexico,PT_EXGR,2016,3.041,0
EXGR_PSH,"Gross exports, destination partner shares",KOR,Korea,C26,"Manufacture of computer, electronic and optical products",TWN,Chinese Taipei,PT_EXGR,2016,4.063,0
EXGR_PSH,"Gross exports, destination partner shares",KOR,Korea,C26,"Manufacture of computer, electronic and optical products",ESP,Spain,PT_EXGR,2016,0.103,0
EXGR_PSH,"Gross exports, destination partner shares",KOR,Korea,C26,"Manufacture of computer, electronic and optical products",HUN,Hungary,PT_EXGR,2016,0.152,0
EXGR_PSH,"Gross exports, destination partner shares",KOR,Korea,C26,"Manufacture of computer, electronic and optical products",ISL,Iceland,PT_EXGR,2016,0.019,0
EXGR_PSH,"Gross exports, destination partner shares",KOR,Korea,C26,"Manufacture of computer, electronic and optical products",E,Europe,PT_EXGR,2016,5.474,0
EXGR_PSH,"Gross exports, destination partner shares",KOR,Korea,C26,"Manufacture of computer, electronic and optical products",G20,G20,PT_EXGR,2016,79.048,0
EXGR_PSH,"Gross exports, destination partner shares",KOR,Korea,C26,"Manufacture of computer, electronic and optical products",AGO,Angola,PT_EXGR,2016,0.003,0
EXGR_PSH,"Gross exports, destination partner shares",KOR,Korea,C26,"Manufacture of computer, electronic and optical products",LUX,Luxembourg,PT_EXGR,2016,0.022,0
EXGR_PSH,"Gross exports, destination partner shares",KOR,Korea,C26,"Manufacture of computer, electronic and optical products",WXOECD,Non-OECD economies,PT_EXGR,2016,78.668,0
EXGR_PSH,"Gross exports, destination partner shares",KOR,Korea,C26,"Manufacture of computer, electronic and optical products",NLD,Netherlands,PT_EXGR,2016,0.111,0
EXGR_PSH,"Gross exports, destination partner shares",KOR,Korea,C26,"Manufacture of computer, electronic and optical products",BRA,Brazil,PT_EXGR,2016,1.031,0
EXGR_PSH,"Gross exports, destination partner shares",KOR,Korea,C26,"Manufacture of computer, electronic and optical products",CRI,Costa Rica,PT_EXGR,2016,0.005,0
EXGR_PSH,"Gross exports, destination partner shares",KOR,Korea,C26,"Manufacture of computer, electronic and optical products",IDN,Indonesia,PT_EXGR,2016,0.376,0
EXGR_PSH,"Gross exports, destination partner shares",KOR,Korea,C26,"Manufacture of computer, electronic and optical products",APEC,APEC,PT_EXGR,2016,88.66,0
EXGR_PSH,"Gross exports, destination partner shares",KOR,Korea,C26,"Manufacture of computer, electronic and optical products",THA,Thailand,PT_EXGR,2016,0.608,0
EXGR_PSH,"Gross exports, destination partner shares",KOR,Korea,C26,"Manufacture of computer, electronic and optical products",IND,India,PT_EXGR,2016,1.423,0
EXGR_PSH,"Gross exports, destination partner shares",KOR,Korea,C26,"Manufacture of computer, electronic and optical products",IRL,Ireland,PT_EXGR,2016,0.051,0
EXGR_PSH,"Gross exports, destination partner shares",KOR,Korea,C26,"Manufacture of computer, electronic and optical products",PAK,Pakistan,PT_EXGR,2016,0.012,0
EXGR_PSH,"Gross exports, destination partner shares",KOR,Korea,C26,"Manufacture of computer, electronic and optical products",W_O,Other countries,PT_EXGR,2016,5.08,0
EXGR_PSH,"Gross exports, destination partner shares",KOR,Korea,C26,"Manufacture of computer, electronic and optical products",MLT,Malta,PT_EXGR,2016,0.012,0
EXGR_PSH,"Gross exports, destination partner shares",KOR,Korea,C26,"Manufacture of computer, electronic and optical products",TUN,Tunisia,PT_EXGR,2016,0.041,0
EXGR_PSH,"Gross exports, destination partner shares",KOR,Korea,C26,"Manufacture of computer, electronic and optical products",CHL,Chile,PT_EXGR,2016,0.034,0
EXGR_PSH,"Gross exports, destination partner shares",KOR,Korea,C26,"Manufacture of computer, electronic and optical products",KHM,Cambodia,PT_EXGR,2016,0.003,0
EXGR_PSH,"Gross exports, destination partner shares",KOR,Korea,C26,"Manufacture of computer, electronic and optical products",SVK,Slovak Republic,PT_EXGR,2016,0.588,0
EXGR_PSH,"Gross exports, destination partner shares",KOR,Korea,C26,"Manufacture of computer, electronic and optical products",SAU,Saudi Arabia,PT_EXGR,2016,0.314,0
EXGR_PSH,"Gross exports, destination partner shares",KOR,Korea,C26,"Manufacture of computer, electronic and optical products",PAK,Pakistan,PT_EXGR,2019,0.008,0
EXGR_PSH,"Gross exports, destination partner shares",KOR,Korea,C26,"Manufacture of computer, electronic and optical products",BEL,Belgium,PT_EXGR,2017,0.029,0
EXGR_PSH,"Gross exports, destination partner shares",KOR,Korea,C26,"Manufacture of computer, electronic and optical products",GRC,Greece,PT_EXGR,2016,0.006,0
EXGR_PSH,"Gross exports, destination partner shares",KOR,Korea,C26,"Manufacture of computer, electronic and optical products",GRC,Greece,PT_EXGR,2017,0.006,0
EXGR_PSH,"Gross exports, destination partner shares",KOR,Korea,C26,"Manufacture of computer, electronic and optical products",JOR,Jordan,PT_EXGR,2017,0.006,0
EXGR_PSH,"Gross exports, destination partner shares",KOR,Korea,C26,"Manufacture of computer, electronic and optical products",CRI,Costa Rica,PT_EXGR,2017,0.006,0
EXGR_PSH,"Gross exports, destination partner shares",KOR,Korea,C26,"Manufacture of computer, electronic and optical products",BLR,Belarus,PT_EXGR,2017,0.005,0
EXGR_PSH,"Gross exports, destination partner shares",KOR,Korea,C26,"Manufacture of computer, electronic and optical products",GRC,Greece,PT_EXGR,2019,0.005,0
EXGR_PSH,"Gross exports, destination partner shares",KOR,Korea,C26,"Manufacture of computer, electronic and optical products",MMR,Myanmar,PT_EXGR,2019,0.005,0
EXGR_PSH,"Gross exports, destination partner shares",KOR,Korea,C26,"Manufacture of computer, electronic and optical products",JOR,Jordan,PT_EXGR,2019,0.004,0
EXGR_PSH,"Gross exports, destination partner shares",KOR,Korea,C26,"Manufacture of computer, electronic and optical products",ISL,Iceland,PT_EXGR,2019,0.004,0
EXGR_PSH,"Gross exports, destination partner shares",KOR,Korea,C26,"Manufacture of computer, electronic and optical products",MLT,Malta,PT_EXGR,2017,0.004,0
EXGR_PSH,"Gross exports, destination partner shares",KOR,Korea,C26,"Manufacture of computer, electronic and optical products",LTU,Lithuania,PT_EXGR,2016,0.003,0
EXGR_PSH,"Gross exports, destination partner shares",KOR,Korea,C26,"Manufacture of computer, electronic and optical products",HRV,Croatia,PT_EXGR,2016,0.003,0
EXGR_PSH,"Gross exports, destination partner shares",KOR,Korea,C26,"Manufacture of computer, electronic and optical products",KHM,Cambodia,PT_EXGR,2019,0.003,0
EXGR_PSH,"Gross exports, destination partner shares",KOR,Korea,C26,"Manufacture of computer, electronic and optical products",KHM,Cambodia,PT_EXGR,2017,0.003,0
EXGR_PSH,"Gross exports, destination partner shares",KOR,Korea,C26,"Manufacture of computer, electronic and optical products",LTU,Lithuania,PT_EXGR,2017,0.003,0
EXGR_PSH,"Gross exports, destination partner shares",KOR,Korea,C26,"Manufacture of computer, electronic and optical products",COD,Democratic Republic of the Congo,PT_EXGR,2016,0.002,0
EXGR_PSH,"Gross exports, destination partner shares",KOR,Korea,C26,"Manufacture of computer, electronic and optical products",LVA,Latvia,PT_EXGR,2016,0.002,0
EXGR_PSH,"Gross exports, destination partner shares",KOR,Korea,C26,"Manufacture of computer, electronic and optical products",LTU,Lithuania,PT_EXGR,2019,0.002,0
EXGR_PSH,"Gross exports, destination partner shares",KOR,Korea,C26,"Manufacture of computer, electronic and optical products",HRV,Croatia,PT_EXGR,2017,0.002,0
EXGR_PSH,"Gross exports, destination partner shares",KOR,Korea,C26,"Manufacture of computer, electronic and optical products",LVA,Latvia,PT_EXGR,2017,0.002,0
EXGR_PSH,"Gross exports, destination partner shares",KOR,Korea,C26,"Manufacture of computer, electronic and optical products",BRN,Brunei Darussalam,PT_EXGR,2017,0.002,0
EXGR_PSH,"Gross exports, destination partner shares",KOR,Korea,C26,"Manufacture of computer, electronic and optical products",CIV,Côte d’Ivoire,PT_EXGR,2019,0.001,0
EXGR_PSH,"Gross exports, destination partner shares",KOR,Korea,C26,"Manufacture of computer, electronic and optical products",COD,Democratic Republic of the Congo,PT_EXGR,2019,0.001,0
EXGR_PSH,"Gross exports, destination partner shares",KOR,Korea,C26,"Manufacture of computer, electronic and optical products",CYP,Cyprus,PT_EXGR,2019,0.001,0
EXGR_PSH,"Gross exports, destination partner shares",KOR,Korea,C26,"Manufacture of computer, electronic and optical products",AGO,Angola,PT_EXGR,2019,0.001,0
EXGR_PSH,"Gross exports, destination partner shares",KOR,Korea,C26,"Manufacture of computer, electronic and optical products",CMR,Cameroon,PT_EXGR,2019,0.001,0
EXGR_PSH,"Gross exports, destination partner shares",KOR,Korea,C26,"Manufacture of computer, electronic and optical products",BRN,Brunei Darussalam,PT_EXGR,2019,0.001,0
EXGR_PSH,"Gross exports, destination partner shares",KOR,Korea,C26,"Manufacture of computer, electronic and optical products",LAO,Lao People’s Democratic Republic,PT_EXGR,2019,0.001,0
EXGR_PSH,"Gross exports, destination partner shares",KOR,Korea,C26,"Manufacture of computer, electronic and optical products",SEN,Senegal,PT_EXGR,2016,0.001,0
EXGR_PSH,"Gross exports, destination partner shares",KOR,Korea,C26,"Manufacture of computer, electronic and optical products",CIV,Côte d’Ivoire,PT_EXGR,2016,0.001,0
EXGR_PSH,"Gross exports, destination partner shares",KOR,Korea,C26,"Manufacture of computer, electronic and optical products",CMR,Cameroon,PT_EXGR,2016,0.001,0
EXGR_PSH,"Gross exports, destination partner shares",KOR,Korea,C26,"Manufacture of computer, electronic and optical products",LAO,Lao People’s Democratic Republic,PT_EXGR,2016,0.001,0
EXGR_PSH,"Gross exports, destination partner shares",KOR,Korea,C26,"Manufacture of computer, electronic and optical products",LAO,Lao People’s Democratic Republic,PT_EXGR,2017,0.001,0
EXGR_PSH,"Gross exports, destination partner shares",KOR,Korea,C26,"Manufacture of computer, electronic and optical products",CMR,Cameroon,PT_EXGR,2017,0.001,0
EXGR_PSH,"Gross exports, destination partner shares",KOR,Korea,C26,"Manufacture of computer, electronic and optical products",COD,Democratic Republic of the Congo,PT_EXGR,2017,0.001,0
EXGR_PSH,"Gross exports, destination partner shares",KOR,Korea,C26,"Manufacture of computer, electronic and optical products",LUX,Luxembourg,PT_EXGR,2017,0.001,0
EXGR_PSH,"Gross exports, destination partner shares",KOR,Korea,C26,"Manufacture of computer, electronic and optical products",W,World,PT_EXGR,2017,100,0
EXGR_PSH,"Gross exports, destination partner shares",KOR,Korea,C26,"Manufacture of computer, electronic and optical products",W,World,PT_EXGR,2019,100,0
EXGR_PSH,"Gross exports, destination partner shares",KOR,Korea,C26,"Manufacture of computer, electronic and optical products",W,World,PT_EXGR,2016,100,0
EXGR_PSH,"Gross exports, destination partner shares",KOR,Korea,C26,"Manufacture of computer, electronic and optical products",JPN,Japan,PT_EXGR,2017,2.155,0
EXGR_PSH,"Gross exports, destination partner shares",KOR,Korea,C26,"Manufacture of computer, electronic and optical products",KOR,Korea,PT_EXGR,2017,0,0
EXGR_PSH,"Gross exports, destination partner shares",KOR,Korea,C26,"Manufacture of computer, electronic and optical products",CYP,Cyprus,PT_EXGR,2017,0,0
EXGR_PSH,"Gross exports, destination partner shares",KOR,Korea,C26,"Manufacture of computer, electronic and optical products",STP,Sao Tome and Principe,PT_EXGR,2017,0,0
EXGR_PSH,"Gross exports, destination partner shares",KOR,Korea,C26,"Manufacture of computer, electronic and optical products",STP,Sao Tome and Principe,PT_EXGR,2019,0,0
EXGR_PSH,"Gross exports, destination partner shares",KOR,Korea,C26,"Manufacture of computer, electronic and optical products",SEN,Senegal,PT_EXGR,2019,0,0
EXGR_PSH,"Gross exports, destination partner shares",KOR,Korea,C26,"Manufacture of computer, electronic and optical products",KOR,Korea,PT_EXGR,2019,0,0
EXGR_PSH,"Gross exports, destination partner shares",KOR,Korea,C26,"Manufacture of computer, electronic and optical products",KOR,Korea,PT_EXGR,2016,0,0
EXGR_PSH,"Gross exports, destination partner shares",KOR,Korea,C26,"Manufacture of computer, electronic and optical products",STP,Sao Tome and Principe,PT_EXGR,2016,0,0
EXGR_PSH,"Gross exports, destination partner shares",KOR,Korea,C26,"Manufacture of computer, electronic and optical products",LTU,Lithuania,PT_EXGR,2014,0.001,0
EXGR_PSH,"Gross exports, destination partner shares",KOR,Korea,C26,"Manufacture of computer, electronic and optical products",GRC,Greece,PT_EXGR,2014,0.008,0
EXGR_PSH,"Gross exports, destination partner shares",KOR,Korea,C26,"Manufacture of computer, electronic and optical products",HKG,Hong Kong (China),PT_EXGR,2014,0.03,0
EXGR_PSH,"Gross exports, destination partner shares",KOR,Korea,C26,"Manufacture of computer, electronic and optical products",F,Africa,PT_EXGR,2014,0.406,0
EXGR_PSH,"Gross exports, destination partner shares",KOR,Korea,C26,"Manufacture of computer, electronic and optical products",SVN,Slovenia,PT_EXGR,2014,0.056,0
EXGR_PSH,"Gross exports, destination partner shares",KOR,Korea,C26,"Manufacture of computer, electronic and optical products",ZAF,South Africa,PT_EXGR,2014,0.113,0
EXGR_PSH,"Gross exports, destination partner shares",KOR,Korea,C26,"Manufacture of computer, electronic and optical products",S2_S8,Eastern and South-eastern Asia,PT_EXGR,2014,68.821,0
EXGR_PSH,"Gross exports, destination partner shares",KOR,Korea,C26,"Manufacture of computer, electronic and optical products",NAFTA,NAFTA,PT_EXGR,2014,14.209,0
EXGR_PSH,"Gross exports, destination partner shares",KOR,Korea,C26,"Manufacture of computer, electronic and optical products",COL,Colombia,PT_EXGR,2014,0.066,0
EXGR_PSH,"Gross exports, destination partner shares",KOR,Korea,C26,"Manufacture of computer, electronic and optical products",CIV,Côte d’Ivoire,PT_EXGR,2014,0.006,0
EXGR_PSH,"Gross exports, destination partner shares",KOR,Korea,C26,"Manufacture of computer, electronic and optical products",CHN,China (People’s Republic of),PT_EXGR,2014,51.949,0
EXGR_PSH,"Gross exports, destination partner shares",KOR,Korea,C26,"Manufacture of computer, electronic and optical products",NGA,Nigeria,PT_EXGR,2014,0.083,0
EXGR_PSH,"Gross exports, destination partner shares",KOR,Korea,C26,"Manufacture of computer, electronic and optical products",AUT,Austria,PT_EXGR,2014,0.175,0
EXGR_PSH,"Gross exports, destination partner shares",KOR,Korea,C26,"Manufacture of computer, electronic and optical products",MYS,Malaysia,PT_EXGR,2014,1.105,0
EXGR_PSH,"Gross exports, destination partner shares",KOR,Korea,C26,"Manufacture of computer, electronic and optical products",EGY,Egypt,PT_EXGR,2014,0.145,0
EXGR_PSH,"Gross exports, destination partner shares",KOR,Korea,C26,"Manufacture of computer, electronic and optical products",NOR,Norway,PT_EXGR,2014,0.171,0
EXGR_PSH,"Gross exports, destination partner shares",KOR,Korea,C26,"Manufacture of computer, electronic and optical products",EU27_2020,European Union (27 countries from 01/02/2020),PT_EXGR,2014,6.013,0
EXGR_PSH,"Gross exports, destination partner shares",KOR,Korea,C26,"Manufacture of computer, electronic and optical products",CHE,Switzerland,PT_EXGR,2014,0.093,0
EXGR_PSH,"Gross exports, destination partner shares",KOR,Korea,C26,"Manufacture of computer, electronic and optical products",DNK,Denmark,PT_EXGR,2014,0.013,0
EXGR_PSH,"Gross exports, destination partner shares",KOR,Korea,C26,"Manufacture of computer, electronic and optical products",JPN,Japan,PT_EXGR,2014,3.482,0
EXGR_PSH,"Gross exports, destination partner shares",KOR,Korea,C26,"Manufacture of computer, electronic and optical products",BEL,Belgium,PT_EXGR,2014,0.025,0
EXGR_PSH,"Gross exports, destination partner shares",KOR,Korea,C26,"Manufacture of computer, electronic and optical products",PER,Peru,PT_EXGR,2014,0.054,0
EXGR_PSH,"Gross exports, destination partner shares",KOR,Korea,C26,"Manufacture of computer, electronic and optical products",USA,United States,PT_EXGR,2014,9.65,0
EXGR_PSH,"Gross exports, destination partner shares",KOR,Korea,C26,"Manufacture of computer, electronic and optical products",FRA,France,PT_EXGR,2014,0.619,0
EXGR_PSH,"Gross exports, destination partner shares",KOR,Korea,C26,"Manufacture of computer, electronic and optical products",POL,Poland,PT_EXGR,2014,0.744,0
EXGR_PSH,"Gross exports, destination partner shares",KOR,Korea,C26,"Manufacture of computer, electronic and optical products",PRT,Portugal,PT_EXGR,2014,0.028,0
EXGR_PSH,"Gross exports, destination partner shares",KOR,Korea,C26,"Manufacture of computer, electronic and optical products",ISR,Israel,PT_EXGR,2014,0.195,0
EXGR_PSH,"Gross exports, destination partner shares",KOR,Korea,C26,"Manufacture of computer, electronic and optical products",EU15,European Union (15 countries),PT_EXGR,2014,4.067,0
EXGR_PSH,"Gross exports, destination partner shares",KOR,Korea,C26,"Manufacture of computer, electronic and optical products",WXD,Rest of the world,PT_EXGR,2014,2.434,0
EXGR_PSH,"Gross exports, destination partner shares",KOR,Korea,C26,"Manufacture of computer, electronic and optical products",EA19,Euro area (19 countries),PT_EXGR,2014,4.559,0
EXGR_PSH,"Gross exports, destination partner shares",KOR,Korea,C26,"Manufacture of computer, electronic and optical products",FIN,Finland,PT_EXGR,2014,0.167,0
EXGR_PSH,"Gross exports, destination partner shares",KOR,Korea,C26,"Manufacture of computer, electronic and optical products",ROU,Romania,PT_EXGR,2014,0.034,0
EXGR_PSH,"Gross exports, destination partner shares",KOR,Korea,C26,"Manufacture of computer, electronic and optical products",KAZ,Kazakhstan,PT_EXGR,2014,0.04,0
EXGR_PSH,"Gross exports, destination partner shares",KOR,Korea,C26,"Manufacture of computer, electronic and optical products",MAR,Morocco,PT_EXGR,2014,0.026,0
EXGR_PSH,"Gross exports, destination partner shares",KOR,Korea,C26,"Manufacture of computer, electronic and optical products",RUS,Russia,PT_EXGR,2014,0.657,0
EXGR_PSH,"Gross exports, destination partner shares",KOR,Korea,C26,"Manufacture of computer, electronic and optical products",ARE,United Arab Emirates,PT_EXGR,2014,0.339,0
EXGR_PSH,"Gross exports, destination partner shares",KOR,Korea,C26,"Manufacture of computer, electronic and optical products",VNM,Viet Nam,PT_EXGR,2014,4.425,0
EXGR_PSH,"Gross exports, destination partner shares",KOR,Korea,C26,"Manufacture of computer, electronic and optical products",CAN,Canada,PT_EXGR,2014,0.454,0
EXGR_PSH,"Gross exports, destination partner shares",KOR,Korea,C26,"Manufacture of computer, electronic and optical products",GBR,United Kingdom,PT_EXGR,2014,0.511,0
EXGR_PSH,"Gross exports, destination partner shares",KOR,Korea,C26,"Manufacture of computer, electronic and optical products",ITA,Italy,PT_EXGR,2014,0.189,0
EXGR_PSH,"Gross exports, destination partner shares",KOR,Korea,C26,"Manufacture of computer, electronic and optical products",COD,Democratic Republic of the Congo,PT_EXGR,2014,0.005,0
EXGR_PSH,"Gross exports, destination partner shares",KOR,Korea,C26,"Manufacture of computer, electronic and optical products",UKR,Ukraine,PT_EXGR,2014,0.034,0
EXGR_PSH,"Gross exports, destination partner shares",KOR,Korea,C26,"Manufacture of computer, electronic and optical products",PHL,Philippines,PT_EXGR,2014,0.492,0
EXGR_PSH,"Gross exports, destination partner shares",KOR,Korea,C26,"Manufacture of computer, electronic and optical products",EST,Estonia,PT_EXGR,2014,0.011,0
EXGR_PSH,"Gross exports, destination partner shares",KOR,Korea,C26,"Manufacture of computer, electronic and optical products",DEU,Germany,PT_EXGR,2014,1.884,0
EXGR_PSH,"Gross exports, destination partner shares",KOR,Korea,C26,"Manufacture of computer, electronic and optical products",ASEAN,ASEAN,PT_EXGR,2014,9.538,0
EXGR_PSH,"Gross exports, destination partner shares",KOR,Korea,C26,"Manufacture of computer, electronic and optical products",OECD,OECD,PT_EXGR,2014,26.262,0
EXGR_PSH,"Gross exports, destination partner shares",KOR,Korea,C26,"Manufacture of computer, electronic and optical products",A5_A7,South and Central America,PT_EXGR,2014,2.847,0
EXGR_PSH,"Gross exports, destination partner shares",KOR,Korea,C26,"Manufacture of computer, electronic and optical products",SGP,Singapore,PT_EXGR,2014,2.191,0
EXGR_PSH,"Gross exports, destination partner shares",KOR,Korea,C26,"Manufacture of computer, electronic and optical products",S2,Eastern Asia,PT_EXGR,2014,59.283,0
EXGR_PSH,"Gross exports, destination partner shares",KOR,Korea,C26,"Manufacture of computer, electronic and optical products",ARG,Argentina,PT_EXGR,2014,0.187,0
EXGR_PSH,"Gross exports, destination partner shares",KOR,Korea,C26,"Manufacture of computer, electronic and optical products",AUS,Australia,PT_EXGR,2014,0.326,0
EXGR_PSH,"Gross exports, destination partner shares",KOR,Korea,C26,"Manufacture of computer, electronic and optical products",NZL,New Zealand,PT_EXGR,2014,0.041,0
EXGR_PSH,"Gross exports, destination partner shares",KOR,Korea,C26,"Manufacture of computer, electronic and optical products",TUR,Türkiye,PT_EXGR,2014,1.129,0
EXGR_PSH,"Gross exports, destination partner shares",KOR,Korea,C26,"Manufacture of computer, electronic and optical products",EU28,European Union (28 countries),PT_EXGR,2014,6.525,0
EXGR_PSH,"Gross exports, destination partner shares",KOR,Korea,C26,"Manufacture of computer, electronic and optical products",CZE,Czechia,PT_EXGR,2014,0.268,0
EXGR_PSH,"Gross exports, destination partner shares",KOR,Korea,C26,"Manufacture of computer, electronic and optical products",SWE,Sweden,PT_EXGR,2014,0.048,0
EXGR_PSH,"Gross exports, destination partner shares",KOR,Korea,C26,"Manufacture of computer, electronic and optical products",EU28XEU15,European Union 28 excluding European Union 15 countries,PT_EXGR,2014,2.458,0
EXGR_PSH,"Gross exports, destination partner shares",KOR,Korea,C26,"Manufacture of computer, electronic and optical products",MEX,Mexico,PT_EXGR,2014,4.105,0
EXGR_PSH,"Gross exports, destination partner shares",KOR,Korea,C26,"Manufacture of computer, electronic and optical products",TWN,Chinese Taipei,PT_EXGR,2014,3.821,0
EXGR_PSH,"Gross exports, destination partner shares",KOR,Korea,C26,"Manufacture of computer, electronic and optical products",ESP,Spain,PT_EXGR,2014,0.17,0
EXGR_PSH,"Gross exports, destination partner shares",KOR,Korea,C26,"Manufacture of computer, electronic and optical products",LVA,Latvia,PT_EXGR,2014,0.004,0
EXGR_PSH,"Gross exports, destination partner shares",KOR,Korea,C26,"Manufacture of computer, electronic and optical products",HUN,Hungary,PT_EXGR,2014,0.339,0
EXGR_PSH,"Gross exports, destination partner shares",KOR,Korea,C26,"Manufacture of computer, electronic and optical products",ISL,Iceland,PT_EXGR,2014,0.016,0
EXGR_PSH,"Gross exports, destination partner shares",KOR,Korea,C26,"Manufacture of computer, electronic and optical products",E,Europe,PT_EXGR,2014,7.498,0
EXGR_PSH,"Gross exports, destination partner shares",KOR,Korea,C26,"Manufacture of computer, electronic and optical products",G20,G20,PT_EXGR,2014,83.255,0
EXGR_PSH,"Gross exports, destination partner shares",KOR,Korea,C26,"Manufacture of computer, electronic and optical products",AGO,Angola,PT_EXGR,2014,0.013,0
EXGR_PSH,"Gross exports, destination partner shares",KOR,Korea,C26,"Manufacture of computer, electronic and optical products",LUX,Luxembourg,PT_EXGR,2014,0.016,0
EXGR_PSH,"Gross exports, destination partner shares",KOR,Korea,C26,"Manufacture of computer, electronic and optical products",WXOECD,Non-OECD economies,PT_EXGR,2014,73.738,0
EXGR_PSH,"Gross exports, destination partner shares",KOR,Korea,C26,"Manufacture of computer, electronic and optical products",NLD,Netherlands,PT_EXGR,2014,0.056,0
EXGR_PSH,"Gross exports, destination partner shares",KOR,Korea,C26,"Manufacture of computer, electronic and optical products",BRA,Brazil,PT_EXGR,2014,2.463,0
EXGR_PSH,"Gross exports, destination partner shares",KOR,Korea,C26,"Manufacture of computer, electronic and optical products",CRI,Costa Rica,PT_EXGR,2014,0.02,0
EXGR_PSH,"Gross exports, destination partner shares",KOR,Korea,C26,"Manufacture of computer, electronic and optical products",IDN,Indonesia,PT_EXGR,2014,0.541,0
EXGR_PSH,"Gross exports, destination partner shares",KOR,Korea,C26,"Manufacture of computer, electronic and optical products",APEC,APEC,PT_EXGR,2014,84.147,0
EXGR_PSH,"Gross exports, destination partner shares",KOR,Korea,C26,"Manufacture of computer, electronic and optical products",THA,Thailand,PT_EXGR,2014,0.76,0
EXGR_PSH,"Gross exports, destination partner shares",KOR,Korea,C26,"Manufacture of computer, electronic and optical products",IND,India,PT_EXGR,2014,1.249,0
EXGR_PSH,"Gross exports, destination partner shares",KOR,Korea,C26,"Manufacture of computer, electronic and optical products",CMR,Cameroon,PT_EXGR,2014,0.001,0
EXGR_PSH,"Gross exports, destination partner shares",KOR,Korea,C26,"Manufacture of computer, electronic and optical products",IRL,Ireland,PT_EXGR,2014,0.157,0
EXGR_PSH,"Gross exports, destination partner shares",KOR,Korea,C26,"Manufacture of computer, electronic and optical products",PAK,Pakistan,PT_EXGR,2014,0.011,0
EXGR_PSH,"Gross exports, destination partner shares",KOR,Korea,C26,"Manufacture of computer, electronic and optical products",W_O,Other countries,PT_EXGR,2014,6.22,0
EXGR_PSH,"Gross exports, destination partner shares",KOR,Korea,C26,"Manufacture of computer, electronic and optical products",MLT,Malta,PT_EXGR,2014,0.026,0
EXGR_PSH,"Gross exports, destination partner shares",KOR,Korea,C26,"Manufacture of computer, electronic and optical products",TUN,Tunisia,PT_EXGR,2014,0.013,0
EXGR_PSH,"Gross exports, destination partner shares",KOR,Korea,C26,"Manufacture of computer, electronic and optical products",CHL,Chile,PT_EXGR,2014,0.057,0
EXGR_PSH,"Gross exports, destination partner shares",KOR,Korea,C26,"Manufacture of computer, electronic and optical products",SVK,Slovak Republic,PT_EXGR,2014,0.965,0
EXGR_PSH,"Gross exports, destination partner shares",KOR,Korea,C26,"Manufacture of computer, electronic and optical products",SAU,Saudi Arabia,PT_EXGR,2014,0.425,0
EXGR_PSH,"Gross exports, destination partner shares",KOR,Korea,C26,"Manufacture of computer, electronic and optical products",BGD,Bangladesh,PT_EXGR,2014,0.02,0
EXGR_PSH,"Gross exports, destination partner shares",KOR,Korea,C26,"Manufacture of computer, electronic and optical products",KHM,Cambodia,PT_EXGR,2014,0.011,0
EXGR_PSH,"Gross exports, destination partner shares",KOR,Korea,C26,"Manufacture of computer, electronic and optical products",JOR,Jordan,PT_EXGR,2014,0.01,0
EXGR_PSH,"Gross exports, destination partner shares",KOR,Korea,C26,"Manufacture of computer, electronic and optical products",BGR,Bulgaria,PT_EXGR,2014,0.006,0
EXGR_PSH,"Gross exports, destination partner shares",KOR,Korea,C26,"Manufacture of computer, electronic and optical products",BRN,Brunei Darussalam,PT_EXGR,2014,0.006,0
EXGR_PSH,"Gross exports, destination partner shares",KOR,Korea,C26,"Manufacture of computer, electronic and optical products",MMR,Myanmar,PT_EXGR,2014,0.006,0
EXGR_PSH,"Gross exports, destination partner shares",KOR,Korea,C26,"Manufacture of computer, electronic and optical products",HRV,Croatia,PT_EXGR,2014,0.003,0
EXGR_PSH,"Gross exports, destination partner shares",KOR,Korea,C26,"Manufacture of computer, electronic and optical products",BLR,Belarus,PT_EXGR,2014,0.002,0
EXGR_PSH,"Gross exports, destination partner shares",KOR,Korea,C26,"Manufacture of computer, electronic and optical products",CYP,Cyprus,PT_EXGR,2014,0.001,0
EXGR_PSH,"Gross exports, destination partner shares",KOR,Korea,C26,"Manufacture of computer, electronic and optical products",SEN,Senegal,PT_EXGR,2014,0.001,0
EXGR_PSH,"Gross exports, destination partner shares",KOR,Korea,C26,"Manufacture of computer, electronic and optical products",W,World,PT_EXGR,2014,100,0
EXGR_PSH,"Gross exports, destination partner shares",KOR,Korea,C26,"Manufacture of computer, electronic and optical products",KOR,Korea,PT_EXGR,2014,0,0
EXGR_PSH,"Gross exports, destination partner shares",KOR,Korea,C26,"Manufacture of computer, electronic and optical products",LAO,Lao People’s Democratic Republic,PT_EXGR,2014,0,0
EXGR_PSH,"Gross exports, destination partner shares",KOR,Korea,C26,"Manufacture of computer, electronic and optical products",STP,Sao Tome and Principe,PT_EXGR,2014,0,0
EXGR_PSH,"Gross exports, destination partner shares",KOR,Korea,C26,"Manufacture of computer, electronic and optical products",LTU,Lithuania,PT_EXGR,2015,0.001,0
EXGR_PSH,"Gross exports, destination partner shares",KOR,Korea,C26,"Manufacture of computer, electronic and optical products",GRC,Greece,PT_EXGR,2015,0.005,0
EXGR_PSH,"Gross exports, destination partner shares",KOR,Korea,C26,"Manufacture of computer, electronic and optical products",HKG,Hong Kong (China),PT_EXGR,2015,0.031,0
EXGR_PSH,"Gross exports, destination partner shares",KOR,Korea,C26,"Manufacture of computer, electronic and optical products",F,Africa,PT_EXGR,2015,0.268,0
EXGR_PSH,"Gross exports, destination partner shares",KOR,Korea,C26,"Manufacture of computer, electronic and optical products",SVN,Slovenia,PT_EXGR,2015,0.038,0
EXGR_PSH,"Gross exports, destination partner shares",KOR,Korea,C26,"Manufacture of computer, electronic and optical products",ZAF,South Africa,PT_EXGR,2015,0.061,0
EXGR_PSH,"Gross exports, destination partner shares",KOR,Korea,C26,"Manufacture of computer, electronic and optical products",S2_S8,Eastern and South-eastern Asia,PT_EXGR,2015,74.803,0
EXGR_PSH,"Gross exports, destination partner shares",KOR,Korea,C26,"Manufacture of computer, electronic and optical products",NAFTA,NAFTA,PT_EXGR,2015,12.767,0
EXGR_PSH,"Gross exports, destination partner shares",KOR,Korea,C26,"Manufacture of computer, electronic and optical products",SEN,Senegal,PT_EXGR,2015,0,0
EXGR_PSH,"Gross exports, destination partner shares",KOR,Korea,C26,"Manufacture of computer, electronic and optical products",COL,Colombia,PT_EXGR,2015,0.05,0
EXGR_PSH,"Gross exports, destination partner shares",KOR,Korea,C26,"Manufacture of computer, electronic and optical products",CHN,China (People’s Republic of),PT_EXGR,2015,56.615,0
EXGR_PSH,"Gross exports, destination partner shares",KOR,Korea,C26,"Manufacture of computer, electronic and optical products",NGA,Nigeria,PT_EXGR,2015,0.02,0
EXGR_PSH,"Gross exports, destination partner shares",KOR,Korea,C26,"Manufacture of computer, electronic and optical products",AUT,Austria,PT_EXGR,2015,0.116,0
EXGR_PSH,"Gross exports, destination partner shares",KOR,Korea,C26,"Manufacture of computer, electronic and optical products",MYS,Malaysia,PT_EXGR,2015,0.97,0
EXGR_PSH,"Gross exports, destination partner shares",KOR,Korea,C26,"Manufacture of computer, electronic and optical products",EGY,Egypt,PT_EXGR,2015,0.136,0
EXGR_PSH,"Gross exports, destination partner shares",KOR,Korea,C26,"Manufacture of computer, electronic and optical products",NOR,Norway,PT_EXGR,2015,0.135,0
EXGR_PSH,"Gross exports, destination partner shares",KOR,Korea,C26,"Manufacture of computer, electronic and optical products",EU27_2020,European Union (27 countries from 01/02/2020),PT_EXGR,2015,4.199,0
EXGR_PSH,"Gross exports, destination partner shares",KOR,Korea,C26,"Manufacture of computer, electronic and optical products",CHE,Switzerland,PT_EXGR,2015,0.08,0
EXGR_PSH,"Gross exports, destination partner shares",KOR,Korea,C26,"Manufacture of computer, electronic and optical products",DNK,Denmark,PT_EXGR,2015,0.013,0
EXGR_PSH,"Gross exports, destination partner shares",KOR,Korea,C26,"Manufacture of computer, electronic and optical products",BGR,Bulgaria,PT_EXGR,2015,0.006,0
EXGR_PSH,"Gross exports, destination partner shares",KOR,Korea,C26,"Manufacture of computer, electronic and optical products",JPN,Japan,PT_EXGR,2015,3.012,0
EXGR_PSH,"Gross exports, destination partner shares",KOR,Korea,C26,"Manufacture of computer, electronic and optical products",BEL,Belgium,PT_EXGR,2015,0.026,0
EXGR_PSH,"Gross exports, destination partner shares",KOR,Korea,C26,"Manufacture of computer, electronic and optical products",PER,Peru,PT_EXGR,2015,0.048,0
EXGR_PSH,"Gross exports, destination partner shares",KOR,Korea,C26,"Manufacture of computer, electronic and optical products",USA,United States,PT_EXGR,2015,8.869,0
EXGR_PSH,"Gross exports, destination partner shares",KOR,Korea,C26,"Manufacture of computer, electronic and optical products",BGD,Bangladesh,PT_EXGR,2015,0.012,0
EXGR_PSH,"Gross exports, destination partner shares",KOR,Korea,C26,"Manufacture of computer, electronic and optical products",FRA,France,PT_EXGR,2015,0.396,0
EXGR_PSH,"Gross exports, destination partner shares",KOR,Korea,C26,"Manufacture of computer, electronic and optical products",POL,Poland,PT_EXGR,2015,0.454,0
EXGR_PSH,"Gross exports, destination partner shares",KOR,Korea,C26,"Manufacture of computer, electronic and optical products",PRT,Portugal,PT_EXGR,2015,0.021,0
EXGR_PSH,"Gross exports, destination partner shares",KOR,Korea,C26,"Manufacture of computer, electronic and optical products",ISR,Israel,PT_EXGR,2015,0.129,0
EXGR_PSH,"Gross exports, destination partner shares",KOR,Korea,C26,"Manufacture of computer, electronic and optical products",EU15,European Union (15 countries),PT_EXGR,2015,2.98,0
EXGR_PSH,"Gross exports, destination partner shares",KOR,Korea,C26,"Manufacture of computer, electronic and optical products",WXD,Rest of the world,PT_EXGR,2015,1.933,0
EXGR_PSH,"Gross exports, destination partner shares",KOR,Korea,C26,"Manufacture of computer, electronic and optical products",EA19,Euro area (19 countries),PT_EXGR,2015,3.149,0
EXGR_PSH,"Gross exports, destination partner shares",KOR,Korea,C26,"Manufacture of computer, electronic and optical products",FIN,Finland,PT_EXGR,2015,0.107,0
EXGR_PSH,"Gross exports, destination partner shares",KOR,Korea,C26,"Manufacture of computer, electronic and optical products",ROU,Romania,PT_EXGR,2015,0.023,0
EXGR_PSH,"Gross exports, destination partner shares",KOR,Korea,C26,"Manufacture of computer, electronic and optical products",KAZ,Kazakhstan,PT_EXGR,2015,0.038,0
EXGR_PSH,"Gross exports, destination partner shares",KOR,Korea,C26,"Manufacture of computer, electronic and optical products",MAR,Morocco,PT_EXGR,2015,0.02,0
EXGR_PSH,"Gross exports, destination partner shares",KOR,Korea,C26,"Manufacture of computer, electronic and optical products",RUS,Russia,PT_EXGR,2015,0.34,0
EXGR_PSH,"Gross exports, destination partner shares",KOR,Korea,C26,"Manufacture of computer, electronic and optical products",ARE,United Arab Emirates,PT_EXGR,2015,0.252,0
EXGR_PSH,"Gross exports, destination partner shares",KOR,Korea,C26,"Manufacture of computer, electronic and optical products",VNM,Viet Nam,PT_EXGR,2015,6.306,0
EXGR_PSH,"Gross exports, destination partner shares",KOR,Korea,C26,"Manufacture of computer, electronic and optical products",CAN,Canada,PT_EXGR,2015,0.395,0
EXGR_PSH,"Gross exports, destination partner shares",KOR,Korea,C26,"Manufacture of computer, electronic and optical products",MMR,Myanmar,PT_EXGR,2015,0.006,0
EXGR_PSH,"Gross exports, destination partner shares",KOR,Korea,C26,"Manufacture of computer, electronic and optical products",GBR,United Kingdom,PT_EXGR,2015,0.351,0
EXGR_PSH,"Gross exports, destination partner shares",KOR,Korea,C26,"Manufacture of computer, electronic and optical products",ITA,Italy,PT_EXGR,2015,0.11,0
EXGR_PSH,"Gross exports, destination partner shares",KOR,Korea,C26,"Manufacture of computer, electronic and optical products",COD,Democratic Republic of the Congo,PT_EXGR,2015,0.001,0
EXGR_PSH,"Gross exports, destination partner shares",KOR,Korea,C26,"Manufacture of computer, electronic and optical products",UKR,Ukraine,PT_EXGR,2015,0.029,0
EXGR_PSH,"Gross exports, destination partner shares",KOR,Korea,C26,"Manufacture of computer, electronic and optical products",BRN,Brunei Darussalam,PT_EXGR,2015,0.003,0
EXGR_PSH,"Gross exports, destination partner shares",KOR,Korea,C26,"Manufacture of computer, electronic and optical products",PHL,Philippines,PT_EXGR,2015,0.806,0
EXGR_PSH,"Gross exports, destination partner shares",KOR,Korea,C26,"Manufacture of computer, electronic and optical products",EST,Estonia,PT_EXGR,2015,0.006,0
EXGR_PSH,"Gross exports, destination partner shares",KOR,Korea,C26,"Manufacture of computer, electronic and optical products",DEU,Germany,PT_EXGR,2015,1.52,0
EXGR_PSH,"Gross exports, destination partner shares",KOR,Korea,C26,"Manufacture of computer, electronic and optical products",ASEAN,ASEAN,PT_EXGR,2015,11.844,0
EXGR_PSH,"Gross exports, destination partner shares",KOR,Korea,C26,"Manufacture of computer, electronic and optical products",OECD,OECD,PT_EXGR,2015,22.037,0
EXGR_PSH,"Gross exports, destination partner shares",KOR,Korea,C26,"Manufacture of computer, electronic and optical products",A5_A7,South and Central America,PT_EXGR,2015,1.532,0
EXGR_PSH,"Gross exports, destination partner shares",KOR,Korea,C26,"Manufacture of computer, electronic and optical products",SGP,Singapore,PT_EXGR,2015,2.731,0
EXGR_PSH,"Gross exports, destination partner shares",KOR,Korea,C26,"Manufacture of computer, electronic and optical products",S2,Eastern Asia,PT_EXGR,2015,62.959,0
EXGR_PSH,"Gross exports, destination partner shares",KOR,Korea,C26,"Manufacture of computer, electronic and optical products",ARG,Argentina,PT_EXGR,2015,0.186,0
EXGR_PSH,"Gross exports, destination partner shares",KOR,Korea,C26,"Manufacture of computer, electronic and optical products",AUS,Australia,PT_EXGR,2015,0.26,0
EXGR_PSH,"Gross exports, destination partner shares",KOR,Korea,C26,"Manufacture of computer, electronic and optical products",NZL,New Zealand,PT_EXGR,2015,0.036,0
EXGR_PSH,"Gross exports, destination partner shares",KOR,Korea,C26,"Manufacture of computer, electronic and optical products",TUR,Türkiye,PT_EXGR,2015,0.953,0
EXGR_PSH,"Gross exports, destination partner shares",KOR,Korea,C26,"Manufacture of computer, electronic and optical products",EU28,European Union (28 countries),PT_EXGR,2015,4.55,0
EXGR_PSH,"Gross exports, destination partner shares",KOR,Korea,C26,"Manufacture of computer, electronic and optical products",CZE,Czechia,PT_EXGR,2015,0.216,0
EXGR_PSH,"Gross exports, destination partner shares",KOR,Korea,C26,"Manufacture of computer, electronic and optical products",SWE,Sweden,PT_EXGR,2015,0.045,0
EXGR_PSH,"Gross exports, destination partner shares",KOR,Korea,C26,"Manufacture of computer, electronic and optical products",EU28XEU15,European Union 28 excluding European Union 15 countries,PT_EXGR,2015,1.57,0
EXGR_PSH,"Gross exports, destination partner shares",KOR,Korea,C26,"Manufacture of computer, electronic and optical products",MEX,Mexico,PT_EXGR,2015,3.502,0
EXGR_PSH,"Gross exports, destination partner shares",KOR,Korea,C26,"Manufacture of computer, electronic and optical products",TWN,Chinese Taipei,PT_EXGR,2015,3.3,0
EXGR_PSH,"Gross exports, destination partner shares",KOR,Korea,C26,"Manufacture of computer, electronic and optical products",ESP,Spain,PT_EXGR,2015,0.131,0
EXGR_PSH,"Gross exports, destination partner shares",KOR,Korea,C26,"Manufacture of computer, electronic and optical products",HUN,Hungary,PT_EXGR,2015,0.292,0
EXGR_PSH,"Gross exports, destination partner shares",KOR,Korea,C26,"Manufacture of computer, electronic and optical products",ISL,Iceland,PT_EXGR,2015,0.016,0
EXGR_PSH,"Gross exports, destination partner shares",KOR,Korea,C26,"Manufacture of computer, electronic and optical products",E,Europe,PT_EXGR,2015,5.152,0
EXGR_PSH,"Gross exports, destination partner shares",KOR,Korea,C26,"Manufacture of computer, electronic and optical products",G20,G20,PT_EXGR,2015,82.146,0
EXGR_PSH,"Gross exports, destination partner shares",KOR,Korea,C26,"Manufacture of computer, electronic and optical products",AGO,Angola,PT_EXGR,2015,0.012,0
EXGR_PSH,"Gross exports, destination partner shares",KOR,Korea,C26,"Manufacture of computer, electronic and optical products",LUX,Luxembourg,PT_EXGR,2015,0.011,0
EXGR_PSH,"Gross exports, destination partner shares",KOR,Korea,C26,"Manufacture of computer, electronic and optical products",WXOECD,Non-OECD economies,PT_EXGR,2015,77.963,0
EXGR_PSH,"Gross exports, destination partner shares",KOR,Korea,C26,"Manufacture of computer, electronic and optical products",NLD,Netherlands,PT_EXGR,2015,0.112,0
EXGR_PSH,"Gross exports, destination partner shares",KOR,Korea,C26,"Manufacture of computer, electronic and optical products",BRA,Brazil,PT_EXGR,2015,1.156,0
EXGR_PSH,"Gross exports, destination partner shares",KOR,Korea,C26,"Manufacture of computer, electronic and optical products",CRI,Costa Rica,PT_EXGR,2015,0.051,0
EXGR_PSH,"Gross exports, destination partner shares",KOR,Korea,C26,"Manufacture of computer, electronic and optical products",IDN,Indonesia,PT_EXGR,2015,0.396,0
EXGR_PSH,"Gross exports, destination partner shares",KOR,Korea,C26,"Manufacture of computer, electronic and optical products",APEC,APEC,PT_EXGR,2015,88.279,0
EXGR_PSH,"Gross exports, destination partner shares",KOR,Korea,C26,"Manufacture of computer, electronic and optical products",THA,Thailand,PT_EXGR,2015,0.617,0
EXGR_PSH,"Gross exports, destination partner shares",KOR,Korea,C26,"Manufacture of computer, electronic and optical products",IND,India,PT_EXGR,2015,1.428,0
EXGR_PSH,"Gross exports, destination partner shares",KOR,Korea,C26,"Manufacture of computer, electronic and optical products",IRL,Ireland,PT_EXGR,2015,0.018,0
EXGR_PSH,"Gross exports, destination partner shares",KOR,Korea,C26,"Manufacture of computer, electronic and optical products",PAK,Pakistan,PT_EXGR,2015,0.009,0
EXGR_PSH,"Gross exports, destination partner shares",KOR,Korea,C26,"Manufacture of computer, electronic and optical products",W_O,Other countries,PT_EXGR,2015,5.478,0
EXGR_PSH,"Gross exports, destination partner shares",KOR,Korea,C26,"Manufacture of computer, electronic and optical products",MLT,Malta,PT_EXGR,2015,0.011,0
EXGR_PSH,"Gross exports, destination partner shares",KOR,Korea,C26,"Manufacture of computer, electronic and optical products",TUN,Tunisia,PT_EXGR,2015,0.013,0
EXGR_PSH,"Gross exports, destination partner shares",KOR,Korea,C26,"Manufacture of computer, electronic and optical products",CHL,Chile,PT_EXGR,2015,0.041,0
EXGR_PSH,"Gross exports, destination partner shares",KOR,Korea,C26,"Manufacture of computer, electronic and optical products",KHM,Cambodia,PT_EXGR,2015,0.009,0
EXGR_PSH,"Gross exports, destination partner shares",KOR,Korea,C26,"Manufacture of computer, electronic and optical products",SVK,Slovak Republic,PT_EXGR,2015,0.516,0
EXGR_PSH,"Gross exports, destination partner shares",KOR,Korea,C26,"Manufacture of computer, electronic and optical products",SAU,Saudi Arabia,PT_EXGR,2015,0.423,0
EXGR_PSH,"Gross exports, destination partner shares",KOR,Korea,C26,"Manufacture of computer, electronic and optical products",JOR,Jordan,PT_EXGR,2015,0.006,0
EXGR_PSH,"Gross exports, destination partner shares",KOR,Korea,C26,"Manufacture of computer, electronic and optical products",LVA,Latvia,PT_EXGR,2015,0.004,0
EXGR_PSH,"Gross exports, destination partner shares",KOR,Korea,C26,"Manufacture of computer, electronic and optical products",BLR,Belarus,PT_EXGR,2015,0.003,0
EXGR_PSH,"Gross exports, destination partner shares",KOR,Korea,C26,"Manufacture of computer, electronic and optical products",CMR,Cameroon,PT_EXGR,2015,0.003,0
EXGR_PSH,"Gross exports, destination partner shares",KOR,Korea,C26,"Manufacture of computer, electronic and optical products",CIV,Côte d’Ivoire,PT_EXGR,2015,0.002,0
EXGR_PSH,"Gross exports, destination partner shares",KOR,Korea,C26,"Manufacture of computer, electronic and optical products",HRV,Croatia,PT_EXGR,2015,0.002,0
EXGR_PSH,"Gross exports, destination partner shares",KOR,Korea,C26,"Manufacture of computer, electronic and optical products",CYP,Cyprus,PT_EXGR,2015,0.001,0
EXGR_PSH,"Gross exports, destination partner shares",KOR,Korea,C26,"Manufacture of computer, electronic and optical products",LAO,Lao People’s Democratic Republic,PT_EXGR,2015,0.001,0
EXGR_PSH,"Gross exports, destination partner shares",KOR,Korea,C26,"Manufacture of computer, electronic and optical products",W,World,PT_EXGR,2015,100,0
EXGR_PSH,"Gross exports, destination partner shares",KOR,Korea,C26,"Manufacture of computer, electronic and optical products",KOR,Korea,PT_EXGR,2015,0,0
EXGR_PSH,"Gross exports, destination partner shares",KOR,Korea,C26,"Manufacture of computer, electronic and optical products",STP,Sao Tome and Principe,PT_EXGR,2015,0,0
EXGR_PSH,"Gross exports, destination partner shares",KOR,Korea,C26,"Manufacture of computer, electronic and optical products",GRC,Greece,PT_EXGR,2013,0.009,0
EXGR_PSH,"Gross exports, destination partner shares",KOR,Korea,C26,"Manufacture of computer, electronic and optical products",HKG,Hong Kong (China),PT_EXGR,2013,0.027,0
EXGR_PSH,"Gross exports, destination partner shares",KOR,Korea,C26,"Manufacture of computer, electronic and optical products",F,Africa,PT_EXGR,2013,0.259,0
EXGR_PSH,"Gross exports, destination partner shares",KOR,Korea,C26,"Manufacture of computer, electronic and optical products",SVN,Slovenia,PT_EXGR,2013,0.053,0
EXGR_PSH,"Gross exports, destination partner shares",KOR,Korea,C26,"Manufacture of computer, electronic and optical products",ZAF,South Africa,PT_EXGR,2013,0.109,0
EXGR_PSH,"Gross exports, destination partner shares",KOR,Korea,C26,"Manufacture of computer, electronic and optical products",S2_S8,Eastern and South-eastern Asia,PT_EXGR,2013,69.244,0
EXGR_PSH,"Gross exports, destination partner shares",KOR,Korea,C26,"Manufacture of computer, electronic and optical products",NAFTA,NAFTA,PT_EXGR,2013,13.948,0
EXGR_PSH,"Gross exports, destination partner shares",KOR,Korea,C26,"Manufacture of computer, electronic and optical products",COL,Colombia,PT_EXGR,2013,0.059,0
EXGR_PSH,"Gross exports, destination partner shares",KOR,Korea,C26,"Manufacture of computer, electronic and optical products",CHN,China (People’s Republic of),PT_EXGR,2013,51.848,0
EXGR_PSH,"Gross exports, destination partner shares",KOR,Korea,C26,"Manufacture of computer, electronic and optical products",NGA,Nigeria,PT_EXGR,2013,0.035,0
EXGR_PSH,"Gross exports, destination partner shares",KOR,Korea,C26,"Manufacture of computer, electronic and optical products",AUT,Austria,PT_EXGR,2013,0.205,0
EXGR_PSH,"Gross exports, destination partner shares",KOR,Korea,C26,"Manufacture of computer, electronic and optical products",MYS,Malaysia,PT_EXGR,2013,1.062,0
EXGR_PSH,"Gross exports, destination partner shares",KOR,Korea,C26,"Manufacture of computer, electronic and optical products",EGY,Egypt,PT_EXGR,2013,0.051,0
EXGR_PSH,"Gross exports, destination partner shares",KOR,Korea,C26,"Manufacture of computer, electronic and optical products",NOR,Norway,PT_EXGR,2013,0.197,0
EXGR_PSH,"Gross exports, destination partner shares",KOR,Korea,C26,"Manufacture of computer, electronic and optical products",EU27_2020,European Union (27 countries from 01/02/2020),PT_EXGR,2013,6.744,0
EXGR_PSH,"Gross exports, destination partner shares",KOR,Korea,C26,"Manufacture of computer, electronic and optical products",CHE,Switzerland,PT_EXGR,2013,0.129,0
EXGR_PSH,"Gross exports, destination partner shares",KOR,Korea,C26,"Manufacture of computer, electronic and optical products",DNK,Denmark,PT_EXGR,2013,0.012,0
EXGR_PSH,"Gross exports, destination partner shares",KOR,Korea,C26,"Manufacture of computer, electronic and optical products",JPN,Japan,PT_EXGR,2013,3.733,0
EXGR_PSH,"Gross exports, destination partner shares",KOR,Korea,C26,"Manufacture of computer, electronic and optical products",BEL,Belgium,PT_EXGR,2013,0.015,0
EXGR_PSH,"Gross exports, destination partner shares",KOR,Korea,C26,"Manufacture of computer, electronic and optical products",PER,Peru,PT_EXGR,2013,0.089,0
EXGR_PSH,"Gross exports, destination partner shares",KOR,Korea,C26,"Manufacture of computer, electronic and optical products",USA,United States,PT_EXGR,2013,9.052,0
EXGR_PSH,"Gross exports, destination partner shares",KOR,Korea,C26,"Manufacture of computer, electronic and optical products",FRA,France,PT_EXGR,2013,0.775,0
EXGR_PSH,"Gross exports, destination partner shares",KOR,Korea,C26,"Manufacture of computer, electronic and optical products",POL,Poland,PT_EXGR,2013,0.882,0
EXGR_PSH,"Gross exports, destination partner shares",KOR,Korea,C26,"Manufacture of computer, electronic and optical products",PRT,Portugal,PT_EXGR,2013,0.018,0
EXGR_PSH,"Gross exports, destination partner shares",KOR,Korea,C26,"Manufacture of computer, electronic and optical products",ISR,Israel,PT_EXGR,2013,0.165,0
EXGR_PSH,"Gross exports, destination partner shares",KOR,Korea,C26,"Manufacture of computer, electronic and optical products",EU15,European Union (15 countries),PT_EXGR,2013,4.213,0
EXGR_PSH,"Gross exports, destination partner shares",KOR,Korea,C26,"Manufacture of computer, electronic and optical products",WXD,Rest of the world,PT_EXGR,2013,2.221,0
EXGR_PSH,"Gross exports, destination partner shares",KOR,Korea,C26,"Manufacture of computer, electronic and optical products",EA19,Euro area (19 countries),PT_EXGR,2013,5.153,0
EXGR_PSH,"Gross exports, destination partner shares",KOR,Korea,C26,"Manufacture of computer, electronic and optical products",FIN,Finland,PT_EXGR,2013,0.188,0
EXGR_PSH,"Gross exports, destination partner shares",KOR,Korea,C26,"Manufacture of computer, electronic and optical products",ROU,Romania,PT_EXGR,2013,0.036,0
EXGR_PSH,"Gross exports, destination partner shares",KOR,Korea,C26,"Manufacture of computer, electronic and optical products",KAZ,Kazakhstan,PT_EXGR,2013,0.069,0
EXGR_PSH,"Gross exports, destination partner shares",KOR,Korea,C26,"Manufacture of computer, electronic and optical products",MAR,Morocco,PT_EXGR,2013,0.025,0
EXGR_PSH,"Gross exports, destination partner shares",KOR,Korea,C26,"Manufacture of computer, electronic and optical products",RUS,Russia,PT_EXGR,2013,0.672,0
EXGR_PSH,"Gross exports, destination partner shares",KOR,Korea,C26,"Manufacture of computer, electronic and optical products",ARE,United Arab Emirates,PT_EXGR,2013,0.22,0
EXGR_PSH,"Gross exports, destination partner shares",KOR,Korea,C26,"Manufacture of computer, electronic and optical products",VNM,Viet Nam,PT_EXGR,2013,4.49,0
EXGR_PSH,"Gross exports, destination partner shares",KOR,Korea,C26,"Manufacture of computer, electronic and optical products",CAN,Canada,PT_EXGR,2013,0.882,0
EXGR_PSH,"Gross exports, destination partner shares",KOR,Korea,C26,"Manufacture of computer, electronic and optical products",GBR,United Kingdom,PT_EXGR,2013,0.443,0
EXGR_PSH,"Gross exports, destination partner shares",KOR,Korea,C26,"Manufacture of computer, electronic and optical products",ITA,Italy,PT_EXGR,2013,0.187,0
EXGR_PSH,"Gross exports, destination partner shares",KOR,Korea,C26,"Manufacture of computer, electronic and optical products",COD,Democratic Republic of the Congo,PT_EXGR,2013,0.005,0
EXGR_PSH,"Gross exports, destination partner shares",KOR,Korea,C26,"Manufacture of computer, electronic and optical products",UKR,Ukraine,PT_EXGR,2013,0.051,0
EXGR_PSH,"Gross exports, destination partner shares",KOR,Korea,C26,"Manufacture of computer, electronic and optical products",PHL,Philippines,PT_EXGR,2013,0.485,0
EXGR_PSH,"Gross exports, destination partner shares",KOR,Korea,C26,"Manufacture of computer, electronic and optical products",EST,Estonia,PT_EXGR,2013,0.016,0
EXGR_PSH,"Gross exports, destination partner shares",KOR,Korea,C26,"Manufacture of computer, electronic and optical products",DEU,Germany,PT_EXGR,2013,1.92,0
EXGR_PSH,"Gross exports, destination partner shares",KOR,Korea,C26,"Manufacture of computer, electronic and optical products",ASEAN,ASEAN,PT_EXGR,2013,10.143,0
EXGR_PSH,"Gross exports, destination partner shares",KOR,Korea,C26,"Manufacture of computer, electronic and optical products",OECD,OECD,PT_EXGR,2013,26.702,0
EXGR_PSH,"Gross exports, destination partner shares",KOR,Korea,C26,"Manufacture of computer, electronic and optical products",A5_A7,South and Central America,PT_EXGR,2013,2.804,0
EXGR_PSH,"Gross exports, destination partner shares",KOR,Korea,C26,"Manufacture of computer, electronic and optical products",SGP,Singapore,PT_EXGR,2013,2.804,0
EXGR_PSH,"Gross exports, destination partner shares",KOR,Korea,C26,"Manufacture of computer, electronic and optical products",S2,Eastern Asia,PT_EXGR,2013,59.101,0
EXGR_PSH,"Gross exports, destination partner shares",KOR,Korea,C26,"Manufacture of computer, electronic and optical products",ARG,Argentina,PT_EXGR,2013,0.191,0
EXGR_PSH,"Gross exports, destination partner shares",KOR,Korea,C26,"Manufacture of computer, electronic and optical products",AUS,Australia,PT_EXGR,2013,0.379,0
EXGR_PSH,"Gross exports, destination partner shares",KOR,Korea,C26,"Manufacture of computer, electronic and optical products",NZL,New Zealand,PT_EXGR,2013,0.039,0
EXGR_PSH,"Gross exports, destination partner shares",KOR,Korea,C26,"Manufacture of computer, electronic and optical products",TUR,Türkiye,PT_EXGR,2013,0.859,0
EXGR_PSH,"Gross exports, destination partner shares",KOR,Korea,C26,"Manufacture of computer, electronic and optical products",EU28,European Union (28 countries),PT_EXGR,2013,7.187,0
EXGR_PSH,"Gross exports, destination partner shares",KOR,Korea,C26,"Manufacture of computer, electronic and optical products",CZE,Czechia,PT_EXGR,2013,0.342,0
EXGR_PSH,"Gross exports, destination partner shares",KOR,Korea,C26,"Manufacture of computer, electronic and optical products",SWE,Sweden,PT_EXGR,2013,0.05,0
EXGR_PSH,"Gross exports, destination partner shares",KOR,Korea,C26,"Manufacture of computer, electronic and optical products",EU28XEU15,European Union 28 excluding European Union 15 countries,PT_EXGR,2013,2.974,0
EXGR_PSH,"Gross exports, destination partner shares",KOR,Korea,C26,"Manufacture of computer, electronic and optical products",MEX,Mexico,PT_EXGR,2013,4.014,0
EXGR_PSH,"Gross exports, destination partner shares",KOR,Korea,C26,"Manufacture of computer, electronic and optical products",TWN,Chinese Taipei,PT_EXGR,2013,3.493,0
EXGR_PSH,"Gross exports, destination partner shares",KOR,Korea,C26,"Manufacture of computer, electronic and optical products",ESP,Spain,PT_EXGR,2013,0.199,0
EXGR_PSH,"Gross exports, destination partner shares",KOR,Korea,C26,"Manufacture of computer, electronic and optical products",HUN,Hungary,PT_EXGR,2013,0.261,0
EXGR_PSH,"Gross exports, destination partner shares",KOR,Korea,C26,"Manufacture of computer, electronic and optical products",ISL,Iceland,PT_EXGR,2013,0.011,0
EXGR_PSH,"Gross exports, destination partner shares",KOR,Korea,C26,"Manufacture of computer, electronic and optical products",E,Europe,PT_EXGR,2013,8.257,0
EXGR_PSH,"Gross exports, destination partner shares",KOR,Korea,C26,"Manufacture of computer, electronic and optical products",G20,G20,PT_EXGR,2013,83.361,0
EXGR_PSH,"Gross exports, destination partner shares",KOR,Korea,C26,"Manufacture of computer, electronic and optical products",AGO,Angola,PT_EXGR,2013,0.018,0
EXGR_PSH,"Gross exports, destination partner shares",KOR,Korea,C26,"Manufacture of computer, electronic and optical products",LUX,Luxembourg,PT_EXGR,2013,0.013,0
EXGR_PSH,"Gross exports, destination partner shares",KOR,Korea,C26,"Manufacture of computer, electronic and optical products",WXOECD,Non-OECD economies,PT_EXGR,2013,73.298,0
EXGR_PSH,"Gross exports, destination partner shares",KOR,Korea,C26,"Manufacture of computer, electronic and optical products",NLD,Netherlands,PT_EXGR,2013,0.042,0
EXGR_PSH,"Gross exports, destination partner shares",KOR,Korea,C26,"Manufacture of computer, electronic and optical products",BRA,Brazil,PT_EXGR,2013,2.394,0
EXGR_PSH,"Gross exports, destination partner shares",KOR,Korea,C26,"Manufacture of computer, electronic and optical products",IDN,Indonesia,PT_EXGR,2013,0.544,0
EXGR_PSH,"Gross exports, destination partner shares",KOR,Korea,C26,"Manufacture of computer, electronic and optical products",APEC,APEC,PT_EXGR,2013,84.423,0
EXGR_PSH,"Gross exports, destination partner shares",KOR,Korea,C26,"Manufacture of computer, electronic and optical products",THA,Thailand,PT_EXGR,2013,0.735,0
EXGR_PSH,"Gross exports, destination partner shares",KOR,Korea,C26,"Manufacture of computer, electronic and optical products",IND,India,PT_EXGR,2013,0.945,0
EXGR_PSH,"Gross exports, destination partner shares",KOR,Korea,C26,"Manufacture of computer, electronic and optical products",IRL,Ireland,PT_EXGR,2013,0.137,0
EXGR_PSH,"Gross exports, destination partner shares",KOR,Korea,C26,"Manufacture of computer, electronic and optical products",W_O,Other countries,PT_EXGR,2013,5.489,0
EXGR_PSH,"Gross exports, destination partner shares",KOR,Korea,C26,"Manufacture of computer, electronic and optical products",MLT,Malta,PT_EXGR,2013,0.031,0
EXGR_PSH,"Gross exports, destination partner shares",KOR,Korea,C26,"Manufacture of computer, electronic and optical products",TUN,Tunisia,PT_EXGR,2013,0.01,0
EXGR_PSH,"Gross exports, destination partner shares",KOR,Korea,C26,"Manufacture of computer, electronic and optical products",SVK,Slovak Republic,PT_EXGR,2013,1.337,0
EXGR_PSH,"Gross exports, destination partner shares",KOR,Korea,C26,"Manufacture of computer, electronic and optical products",SAU,Saudi Arabia,PT_EXGR,2013,0.551,0
EXGR_PSH,"Gross exports, destination partner shares",KOR,Korea,C26,"Manufacture of computer, electronic and optical products",LTU,Lithuania,PT_EXGR,2006,0.009,0
EXGR_PSH,"Gross exports, destination partner shares",KOR,Korea,C26,"Manufacture of computer, electronic and optical products",GRC,Greece,PT_EXGR,2006,0.077,0
EXGR_PSH,"Gross exports, destination partner shares",KOR,Korea,C26,"Manufacture of computer, electronic and optical products",BLR,Belarus,PT_EXGR,2006,0.012,0
EXGR_PSH,"Gross exports, destination partner shares",KOR,Korea,C26,"Manufacture of computer, electronic and optical products",HKG,Hong Kong (China),PT_EXGR,2006,0.044,0
EXGR_PSH,"Gross exports, destination partner shares",KOR,Korea,C26,"Manufacture of computer, electronic and optical products",F,Africa,PT_EXGR,2006,0.486,0
EXGR_PSH,"Gross exports, destination partner shares",KOR,Korea,C26,"Manufacture of computer, electronic and optical products",SVN,Slovenia,PT_EXGR,2006,0.029,0
EXGR_PSH,"Gross exports, destination partner shares",KOR,Korea,C26,"Manufacture of computer, electronic and optical products",ZAF,South Africa,PT_EXGR,2006,0.34,0
EXGR_PSH,"Gross exports, destination partner shares",KOR,Korea,C26,"Manufacture of computer, electronic and optical products",S2_S8,Eastern and South-eastern Asia,PT_EXGR,2006,57.33,0
EXGR_PSH,"Gross exports, destination partner shares",KOR,Korea,C26,"Manufacture of computer, electronic and optical products",NAFTA,NAFTA,PT_EXGR,2006,16.953,0
EXGR_PSH,"Gross exports, destination partner shares",KOR,Korea,C26,"Manufacture of computer, electronic and optical products",COL,Colombia,PT_EXGR,2006,0.145,0
EXGR_PSH,"Gross exports, destination partner shares",KOR,Korea,C26,"Manufacture of computer, electronic and optical products",CHN,China (People’s Republic of),PT_EXGR,2006,34.442,0
EXGR_PSH,"Gross exports, destination partner shares",KOR,Korea,C26,"Manufacture of computer, electronic and optical products",NGA,Nigeria,PT_EXGR,2006,0.025,0
EXGR_PSH,"Gross exports, destination partner shares",KOR,Korea,C26,"Manufacture of computer, electronic and optical products",AUT,Austria,PT_EXGR,2006,0.24,0
EXGR_PSH,"Gross exports, destination partner shares",KOR,Korea,C26,"Manufacture of computer, electronic and optical products",MYS,Malaysia,PT_EXGR,2006,2.027,0
EXGR_PSH,"Gross exports, destination partner shares",KOR,Korea,C26,"Manufacture of computer, electronic and optical products",EGY,Egypt,PT_EXGR,2006,0.026,0
EXGR_PSH,"Gross exports, destination partner shares",KOR,Korea,C26,"Manufacture of computer, electronic and optical products",NOR,Norway,PT_EXGR,2006,0.125,0
EXGR_PSH,"Gross exports, destination partner shares",KOR,Korea,C26,"Manufacture of computer, electronic and optical products",EU27_2020,European Union (27 countries from 01/02/2020),PT_EXGR,2006,13.596,0
EXGR_PSH,"Gross exports, destination partner shares",KOR,Korea,C26,"Manufacture of computer, electronic and optical products",CHE,Switzerland,PT_EXGR,2006,0.084,0
EXGR_PSH,"Gross exports, destination partner shares",KOR,Korea,C26,"Manufacture of computer, electronic and optical products",DNK,Denmark,PT_EXGR,2006,0.037,0
EXGR_PSH,"Gross exports, destination partner shares",KOR,Korea,C26,"Manufacture of computer, electronic and optical products",BGR,Bulgaria,PT_EXGR,2006,0.04,0
EXGR_PSH,"Gross exports, destination partner shares",KOR,Korea,C26,"Manufacture of computer, electronic and optical products",JPN,Japan,PT_EXGR,2006,8.048,0
EXGR_PSH,"Gross exports, destination partner shares",KOR,Korea,C26,"Manufacture of computer, electronic and optical products",JOR,Jordan,PT_EXGR,2006,0.011,0
EXGR_PSH,"Gross exports, destination partner shares",KOR,Korea,C26,"Manufacture of computer, electronic and optical products",BEL,Belgium,PT_EXGR,2006,0.061,0
EXGR_PSH,"Gross exports, destination partner shares",KOR,Korea,C26,"Manufacture of computer, electronic and optical products",PER,Peru,PT_EXGR,2006,0.062,0
EXGR_PSH,"Gross exports, destination partner shares",KOR,Korea,C26,"Manufacture of computer, electronic and optical products",USA,United States,PT_EXGR,2006,10.442,0
EXGR_PSH,"Gross exports, destination partner shares",KOR,Korea,C26,"Manufacture of computer, electronic and optical products",BGD,Bangladesh,PT_EXGR,2006,0.036,0
EXGR_PSH,"Gross exports, destination partner shares",KOR,Korea,C26,"Manufacture of computer, electronic and optical products",FRA,France,PT_EXGR,2006,1.968,0
EXGR_PSH,"Gross exports, destination partner shares",KOR,Korea,C26,"Manufacture of computer, electronic and optical products",POL,Poland,PT_EXGR,2006,1.45,0
EXGR_PSH,"Gross exports, destination partner shares",KOR,Korea,C26,"Manufacture of computer, electronic and optical products",PRT,Portugal,PT_EXGR,2006,0.132,0
EXGR_PSH,"Gross exports, destination partner shares",KOR,Korea,C26,"Manufacture of computer, electronic and optical products",ISR,Israel,PT_EXGR,2006,0.152,0
EXGR_PSH,"Gross exports, destination partner shares",KOR,Korea,C26,"Manufacture of computer, electronic and optical products",EU15,European Union (15 countries),PT_EXGR,2006,12.189,0
EXGR_PSH,"Gross exports, destination partner shares",KOR,Korea,C26,"Manufacture of computer, electronic and optical products",WXD,Rest of the world,PT_EXGR,2006,1.549,0
EXGR_PSH,"Gross exports, destination partner shares",KOR,Korea,C26,"Manufacture of computer, electronic and optical products",EA19,Euro area (19 countries),PT_EXGR,2006,10.679,0
EXGR_PSH,"Gross exports, destination partner shares",KOR,Korea,C26,"Manufacture of computer, electronic and optical products",FIN,Finland,PT_EXGR,2006,0.549,0
EXGR_PSH,"Gross exports, destination partner shares",KOR,Korea,C26,"Manufacture of computer, electronic and optical products",ROU,Romania,PT_EXGR,2006,0.116,0
EXGR_PSH,"Gross exports, destination partner shares",KOR,Korea,C26,"Manufacture of computer, electronic and optical products",KAZ,Kazakhstan,PT_EXGR,2006,0.024,0
EXGR_PSH,"Gross exports, destination partner shares",KOR,Korea,C26,"Manufacture of computer, electronic and optical products",MAR,Morocco,PT_EXGR,2006,0.054,0
EXGR_PSH,"Gross exports, destination partner shares",KOR,Korea,C26,"Manufacture of computer, electronic and optical products",RUS,Russia,PT_EXGR,2006,1.57,0
EXGR_PSH,"Gross exports, destination partner shares",KOR,Korea,C26,"Manufacture of computer, electronic and optical products",ARE,United Arab Emirates,PT_EXGR,2006,0.219,0
EXGR_PSH,"Gross exports, destination partner shares",KOR,Korea,C26,"Manufacture of computer, electronic and optical products",VNM,Viet Nam,PT_EXGR,2006,0.346,0
EXGR_PSH,"Gross exports, destination partner shares",KOR,Korea,C26,"Manufacture of computer, electronic and optical products",CAN,Canada,PT_EXGR,2006,0.944,0
EXGR_PSH,"Gross exports, destination partner shares",KOR,Korea,C26,"Manufacture of computer, electronic and optical products",GBR,United Kingdom,PT_EXGR,2006,2.161,0
EXGR_PSH,"Gross exports, destination partner shares",KOR,Korea,C26,"Manufacture of computer, electronic and optical products",ITA,Italy,PT_EXGR,2006,1.386,0
EXGR_PSH,"Gross exports, destination partner shares",KOR,Korea,C26,"Manufacture of computer, electronic and optical products",PHL,Philippines,PT_EXGR,2006,0.738,0
EXGR_PSH,"Gross exports, destination partner shares",KOR,Korea,C26,"Manufacture of computer, electronic and optical products",EST,Estonia,PT_EXGR,2006,0.012,0
EXGR_PSH,"Gross exports, destination partner shares",KOR,Korea,C26,"Manufacture of computer, electronic and optical products",DEU,Germany,PT_EXGR,2006,3.435,0
EXGR_PSH,"Gross exports, destination partner shares",KOR,Korea,C26,"Manufacture of computer, electronic and optical products",CYP,Cyprus,PT_EXGR,2006,0.003,0
EXGR_PSH,"Gross exports, destination partner shares",KOR,Korea,C26,"Manufacture of computer, electronic and optical products",ASEAN,ASEAN,PT_EXGR,2006,5.518,0
EXGR_PSH,"Gross exports, destination partner shares",KOR,Korea,C26,"Manufacture of computer, electronic and optical products",OECD,OECD,PT_EXGR,2006,42.913,0
EXGR_PSH,"Gross exports, destination partner shares",KOR,Korea,C26,"Manufacture of computer, electronic and optical products",A5_A7,South and Central America,PT_EXGR,2006,2.504,0
EXGR_PSH,"Gross exports, destination partner shares",KOR,Korea,C26,"Manufacture of computer, electronic and optical products",SGP,Singapore,PT_EXGR,2006,0.703,0
EXGR_PSH,"Gross exports, destination partner shares",KOR,Korea,C26,"Manufacture of computer, electronic and optical products",S2,Eastern Asia,PT_EXGR,2006,51.812,0
EXGR_PSH,"Gross exports, destination partner shares",KOR,Korea,C26,"Manufacture of computer, electronic and optical products",ARG,Argentina,PT_EXGR,2006,0.087,0
EXGR_PSH,"Gross exports, destination partner shares",KOR,Korea,C26,"Manufacture of computer, electronic and optical products",AUS,Australia,PT_EXGR,2006,1.126,0
EXGR_PSH,"Gross exports, destination partner shares",KOR,Korea,C26,"Manufacture of computer, electronic and optical products",NZL,New Zealand,PT_EXGR,2006,0.101,0
EXGR_PSH,"Gross exports, destination partner shares",KOR,Korea,C26,"Manufacture of computer, electronic and optical products",TUR,Türkiye,PT_EXGR,2006,0.435,0
EXGR_PSH,"Gross exports, destination partner shares",KOR,Korea,C26,"Manufacture of computer, electronic and optical products",HRV,Croatia,PT_EXGR,2006,0.052,0
EXGR_PSH,"Gross exports, destination partner shares",KOR,Korea,C26,"Manufacture of computer, electronic and optical products",EU28,European Union (28 countries),PT_EXGR,2006,15.757,0
EXGR_PSH,"Gross exports, destination partner shares",KOR,Korea,C26,"Manufacture of computer, electronic and optical products",CZE,Czechia,PT_EXGR,2006,0.18,0
EXGR_PSH,"Gross exports, destination partner shares",KOR,Korea,C26,"Manufacture of computer, electronic and optical products",SWE,Sweden,PT_EXGR,2006,0.303,0
EXGR_PSH,"Gross exports, destination partner shares",KOR,Korea,C26,"Manufacture of computer, electronic and optical products",EU28XEU15,European Union 28 excluding European Union 15 countries,PT_EXGR,2006,3.568,0
EXGR_PSH,"Gross exports, destination partner shares",KOR,Korea,C26,"Manufacture of computer, electronic and optical products",MEX,Mexico,PT_EXGR,2006,5.567,0
EXGR_PSH,"Gross exports, destination partner shares",KOR,Korea,C26,"Manufacture of computer, electronic and optical products",TWN,Chinese Taipei,PT_EXGR,2006,9.277,0
EXGR_PSH,"Gross exports, destination partner shares",KOR,Korea,C26,"Manufacture of computer, electronic and optical products",ESP,Spain,PT_EXGR,2006,1.355,0
EXGR_PSH,"Gross exports, destination partner shares",KOR,Korea,C26,"Manufacture of computer, electronic and optical products",HUN,Hungary,PT_EXGR,2006,0.738,0
EXGR_PSH,"Gross exports, destination partner shares",KOR,Korea,C26,"Manufacture of computer, electronic and optical products",E,Europe,PT_EXGR,2006,17.564,0
EXGR_PSH,"Gross exports, destination partner shares",KOR,Korea,C26,"Manufacture of computer, electronic and optical products",G20,G20,PT_EXGR,2006,82.435,0
EXGR_PSH,"Gross exports, destination partner shares",KOR,Korea,C26,"Manufacture of computer, electronic and optical products",AGO,Angola,PT_EXGR,2006,0.01,0
EXGR_PSH,"Gross exports, destination partner shares",KOR,Korea,C26,"Manufacture of computer, electronic and optical products",WXOECD,Non-OECD economies,PT_EXGR,2006,57.087,0
EXGR_PSH,"Gross exports, destination partner shares",KOR,Korea,C26,"Manufacture of computer, electronic and optical products",NLD,Netherlands,PT_EXGR,2006,0.079,0
EXGR_PSH,"Gross exports, destination partner shares",KOR,Korea,C26,"Manufacture of computer, electronic and optical products",BRA,Brazil,PT_EXGR,2006,2.013,0
EXGR_PSH,"Gross exports, destination partner shares",KOR,Korea,C26,"Manufacture of computer, electronic and optical products",CRI,Costa Rica,PT_EXGR,2006,0.015,0
EXGR_PSH,"Gross exports, destination partner shares",KOR,Korea,C26,"Manufacture of computer, electronic and optical products",IDN,Indonesia,PT_EXGR,2006,0.198,0
EXGR_PSH,"Gross exports, destination partner shares",KOR,Korea,C26,"Manufacture of computer, electronic and optical products",APEC,APEC,PT_EXGR,2006,77.312,0
EXGR_PSH,"Gross exports, destination partner shares",KOR,Korea,C26,"Manufacture of computer, electronic and optical products",THA,Thailand,PT_EXGR,2006,1.494,0
EXGR_PSH,"Gross exports, destination partner shares",KOR,Korea,C26,"Manufacture of computer, electronic and optical products",IND,India,PT_EXGR,2006,1.267,0
EXGR_PSH,"Gross exports, destination partner shares",KOR,Korea,C26,"Manufacture of computer, electronic and optical products",IRL,Ireland,PT_EXGR,2006,0.401,0
EXGR_PSH,"Gross exports, destination partner shares",KOR,Korea,C26,"Manufacture of computer, electronic and optical products",PAK,Pakistan,PT_EXGR,2006,0.044,0
EXGR_PSH,"Gross exports, destination partner shares",KOR,Korea,C26,"Manufacture of computer, electronic and optical products",W_O,Other countries,PT_EXGR,2006,5.163,0
EXGR_PSH,"Gross exports, destination partner shares",KOR,Korea,C26,"Manufacture of computer, electronic and optical products",TUN,Tunisia,PT_EXGR,2006,0.026,0
EXGR_PSH,"Gross exports, destination partner shares",KOR,Korea,C26,"Manufacture of computer, electronic and optical products",CHL,Chile,PT_EXGR,2006,0.182,0
EXGR_PSH,"Gross exports, destination partner shares",KOR,Korea,C26,"Manufacture of computer, electronic and optical products",SVK,Slovak Republic,PT_EXGR,2006,0.925,0
EXGR_PSH,"Gross exports, destination partner shares",KOR,Korea,C26,"Manufacture of computer, electronic and optical products",SAU,Saudi Arabia,PT_EXGR,2006,0.199,0
EXGR_PSH,"Gross exports, destination partner shares",KOR,Korea,C26,"Manufacture of computer, electronic and optical products",UKR,Ukraine,PT_EXGR,2006,0.01,0
EXGR_PSH,"Gross exports, destination partner shares",KOR,Korea,C26,"Manufacture of computer, electronic and optical products",KHM,Cambodia,PT_EXGR,2006,0.01,0
EXGR_PSH,"Gross exports, destination partner shares",KOR,Korea,C26,"Manufacture of computer, electronic and optical products",LVA,Latvia,PT_EXGR,2006,0.009,0
EXGR_PSH,"Gross exports, destination partner shares",KOR,Korea,C26,"Manufacture of computer, electronic and optical products",ISL,Iceland,PT_EXGR,2006,0.006,0
EXGR_PSH,"Gross exports, destination partner shares",KOR,Korea,C26,"Manufacture of computer, electronic and optical products",LUX,Luxembourg,PT_EXGR,2006,0.004,0
EXGR_PSH,"Gross exports, destination partner shares",KOR,Korea,C26,"Manufacture of computer, electronic and optical products",MLT,Malta,PT_EXGR,2006,0.004,0
EXGR_PSH,"Gross exports, destination partner shares",KOR,Korea,C26,"Manufacture of computer, electronic and optical products",BLR,Belarus,PT_EXGR,2013,0.008,0
EXGR_PSH,"Gross exports, destination partner shares",KOR,Korea,C26,"Manufacture of computer, electronic and optical products",JOR,Jordan,PT_EXGR,2013,0.012,0
EXGR_PSH,"Gross exports, destination partner shares",KOR,Korea,C26,"Manufacture of computer, electronic and optical products",PAK,Pakistan,PT_EXGR,2013,0.012,0
EXGR_PSH,"Gross exports, destination partner shares",KOR,Korea,C26,"Manufacture of computer, electronic and optical products",BRN,Brunei Darussalam,PT_EXGR,2013,0.014,0
EXGR_PSH,"Gross exports, destination partner shares",KOR,Korea,C26,"Manufacture of computer, electronic and optical products",BGR,Bulgaria,PT_EXGR,2013,0.006,0
EXGR_PSH,"Gross exports, destination partner shares",KOR,Korea,C26,"Manufacture of computer, electronic and optical products",LVA,Latvia,PT_EXGR,2013,0.006,0
EXGR_PSH,"Gross exports, destination partner shares",KOR,Korea,C26,"Manufacture of computer, electronic and optical products",KHM,Cambodia,PT_EXGR,2013,0.005,0
EXGR_PSH,"Gross exports, destination partner shares",KOR,Korea,C26,"Manufacture of computer, electronic and optical products",HRV,Croatia,PT_EXGR,2013,0.003,0
EXGR_PSH,"Gross exports, destination partner shares",KOR,Korea,C26,"Manufacture of computer, electronic and optical products",MMR,Myanmar,PT_EXGR,2013,0.003,0
EXGR_PSH,"Gross exports, destination partner shares",KOR,Korea,C26,"Manufacture of computer, electronic and optical products",CIV,Côte d’Ivoire,PT_EXGR,2006,0.002,0
EXGR_PSH,"Gross exports, destination partner shares",KOR,Korea,C26,"Manufacture of computer, electronic and optical products",CIV,Côte d’Ivoire,PT_EXGR,2013,0.002,0
EXGR_PSH,"Gross exports, destination partner shares",KOR,Korea,C26,"Manufacture of computer, electronic and optical products",CMR,Cameroon,PT_EXGR,2013,0.002,0
EXGR_PSH,"Gross exports, destination partner shares",KOR,Korea,C26,"Manufacture of computer, electronic and optical products",LTU,Lithuania,PT_EXGR,2013,0.002,0
EXGR_PSH,"Gross exports, destination partner shares",KOR,Korea,C26,"Manufacture of computer, electronic and optical products",COD,Democratic Republic of the Congo,PT_EXGR,2006,0.001,0
EXGR_PSH,"Gross exports, destination partner shares",KOR,Korea,C26,"Manufacture of computer, electronic and optical products",SEN,Senegal,PT_EXGR,2006,0.001,0
EXGR_PSH,"Gross exports, destination partner shares",KOR,Korea,C26,"Manufacture of computer, electronic and optical products",BRN,Brunei Darussalam,PT_EXGR,2006,0.001,0
EXGR_PSH,"Gross exports, destination partner shares",KOR,Korea,C26,"Manufacture of computer, electronic and optical products",CMR,Cameroon,PT_EXGR,2006,0.001,0
EXGR_PSH,"Gross exports, destination partner shares",KOR,Korea,C26,"Manufacture of computer, electronic and optical products",MMR,Myanmar,PT_EXGR,2006,0.001,0
EXGR_PSH,"Gross exports, destination partner shares",KOR,Korea,C26,"Manufacture of computer, electronic and optical products",CYP,Cyprus,PT_EXGR,2013,0.001,0
EXGR_PSH,"Gross exports, destination partner shares",KOR,Korea,C26,"Manufacture of computer, electronic and optical products",SEN,Senegal,PT_EXGR,2013,0.001,0
EXGR_PSH,"Gross exports, destination partner shares",KOR,Korea,C26,"Manufacture of computer, electronic and optical products",LAO,Lao People’s Democratic Republic,PT_EXGR,2013,0.001,0
EXGR_PSH,"Gross exports, destination partner shares",KOR,Korea,C26,"Manufacture of computer, electronic and optical products",CHL,Chile,PT_EXGR,2013,0.061,0
EXGR_PSH,"Gross exports, destination partner shares",KOR,Korea,C26,"Manufacture of computer, electronic and optical products",BGD,Bangladesh,PT_EXGR,2013,0.016,0
EXGR_PSH,"Gross exports, destination partner shares",KOR,Korea,C26,"Manufacture of computer, electronic and optical products",CRI,Costa Rica,PT_EXGR,2013,0.01,0
EXGR_PSH,"Gross exports, destination partner shares",KOR,Korea,C26,"Manufacture of computer, electronic and optical products",W,World,PT_EXGR,2013,100,0
EXGR_PSH,"Gross exports, destination partner shares",KOR,Korea,C26,"Manufacture of computer, electronic and optical products",W,World,PT_EXGR,2006,100,0
EXGR_PSH,"Gross exports, destination partner shares",KOR,Korea,C26,"Manufacture of computer, electronic and optical products",KOR,Korea,PT_EXGR,2013,0,0
EXGR_PSH,"Gross exports, destination partner shares",KOR,Korea,C26,"Manufacture of computer, electronic and optical products",STP,Sao Tome and Principe,PT_EXGR,2013,0,0
EXGR_PSH,"Gross exports, destination partner shares",KOR,Korea,C26,"Manufacture of computer, electronic and optical products",KOR,Korea,PT_EXGR,2006,0,0
EXGR_PSH,"Gross exports, destination partner shares",KOR,Korea,C26,"Manufacture of computer, electronic and optical products",LAO,Lao People’s Democratic Republic,PT_EXGR,2006,0,0
EXGR_PSH,"Gross exports, destination partner shares",KOR,Korea,C26,"Manufacture of computer, electronic and optical products",STP,Sao Tome and Principe,PT_EXGR,2006,0,0
EXGR_PSH,"Gross exports, destination partner shares",KOR,Korea,C26,"Manufacture of computer, electronic and optical products",LTU,Lithuania,PT_EXGR,2011,0.002,0
EXGR_PSH,"Gross exports, destination partner shares",KOR,Korea,C26,"Manufacture of computer, electronic and optical products",GRC,Greece,PT_EXGR,2011,0.023,0
EXGR_PSH,"Gross exports, destination partner shares",KOR,Korea,C26,"Manufacture of computer, electronic and optical products",BLR,Belarus,PT_EXGR,2011,0.01,0
EXGR_PSH,"Gross exports, destination partner shares",KOR,Korea,C26,"Manufacture of computer, electronic and optical products",HKG,Hong Kong (China),PT_EXGR,2011,0.032,0
EXGR_PSH,"Gross exports, destination partner shares",KOR,Korea,C26,"Manufacture of computer, electronic and optical products",F,Africa,PT_EXGR,2011,0.515,0
EXGR_PSH,"Gross exports, destination partner shares",KOR,Korea,C26,"Manufacture of computer, electronic and optical products",SVN,Slovenia,PT_EXGR,2011,0.036,0
EXGR_PSH,"Gross exports, destination partner shares",KOR,Korea,C26,"Manufacture of computer, electronic and optical products",ZAF,South Africa,PT_EXGR,2011,0.248,0
EXGR_PSH,"Gross exports, destination partner shares",KOR,Korea,C26,"Manufacture of computer, electronic and optical products",S2_S8,Eastern and South-eastern Asia,PT_EXGR,2011,62.845,0
EXGR_PSH,"Gross exports, destination partner shares",KOR,Korea,C26,"Manufacture of computer, electronic and optical products",NAFTA,NAFTA,PT_EXGR,2011,16.641,0
EXGR_PSH,"Gross exports, destination partner shares",KOR,Korea,C26,"Manufacture of computer, electronic and optical products",COL,Colombia,PT_EXGR,2011,0.05,0
EXGR_PSH,"Gross exports, destination partner shares",KOR,Korea,C26,"Manufacture of computer, electronic and optical products",CHN,China (People’s Republic of),PT_EXGR,2011,44.591,0
EXGR_PSH,"Gross exports, destination partner shares",KOR,Korea,C26,"Manufacture of computer, electronic and optical products",NGA,Nigeria,PT_EXGR,2011,0.109,0
EXGR_PSH,"Gross exports, destination partner shares",KOR,Korea,C26,"Manufacture of computer, electronic and optical products",AUT,Austria,PT_EXGR,2011,0.178,0
EXGR_PSH,"Gross exports, destination partner shares",KOR,Korea,C26,"Manufacture of computer, electronic and optical products",MYS,Malaysia,PT_EXGR,2011,1.784,0
EXGR_PSH,"Gross exports, destination partner shares",KOR,Korea,C26,"Manufacture of computer, electronic and optical products",EGY,Egypt,PT_EXGR,2011,0.072,0
EXGR_PSH,"Gross exports, destination partner shares",KOR,Korea,C26,"Manufacture of computer, electronic and optical products",NOR,Norway,PT_EXGR,2011,0.163,0
EXGR_PSH,"Gross exports, destination partner shares",KOR,Korea,C26,"Manufacture of computer, electronic and optical products",EU27_2020,European Union (27 countries from 01/02/2020),PT_EXGR,2011,9.719,0
EXGR_PSH,"Gross exports, destination partner shares",KOR,Korea,C26,"Manufacture of computer, electronic and optical products",CHE,Switzerland,PT_EXGR,2011,0.056,0
EXGR_PSH,"Gross exports, destination partner shares",KOR,Korea,C26,"Manufacture of computer, electronic and optical products",DNK,Denmark,PT_EXGR,2011,0.015,0
EXGR_PSH,"Gross exports, destination partner shares",KOR,Korea,C26,"Manufacture of computer, electronic and optical products",BGR,Bulgaria,PT_EXGR,2011,0.037,0
EXGR_PSH,"Gross exports, destination partner shares",KOR,Korea,C26,"Manufacture of computer, electronic and optical products",JPN,Japan,PT_EXGR,2011,4.813,0
EXGR_PSH,"Gross exports, destination partner shares",KOR,Korea,C26,"Manufacture of computer, electronic and optical products",JOR,Jordan,PT_EXGR,2011,0.024,0
EXGR_PSH,"Gross exports, destination partner shares",KOR,Korea,C26,"Manufacture of computer, electronic and optical products",BEL,Belgium,PT_EXGR,2011,0.026,0
EXGR_PSH,"Gross exports, destination partner shares",KOR,Korea,C26,"Manufacture of computer, electronic and optical products",PER,Peru,PT_EXGR,2011,0.123,0
EXGR_PSH,"Gross exports, destination partner shares",KOR,Korea,C26,"Manufacture of computer, electronic and optical products",USA,United States,PT_EXGR,2011,10.465,0
EXGR_PSH,"Gross exports, destination partner shares",KOR,Korea,C26,"Manufacture of computer, electronic and optical products",FRA,France,PT_EXGR,2011,1.07,0
EXGR_PSH,"Gross exports, destination partner shares",KOR,Korea,C26,"Manufacture of computer, electronic and optical products",POL,Poland,PT_EXGR,2011,1.439,0
EXGR_PSH,"Gross exports, destination partner shares",KOR,Korea,C26,"Manufacture of computer, electronic and optical products",PRT,Portugal,PT_EXGR,2011,0.026,0
EXGR_PSH,"Gross exports, destination partner shares",KOR,Korea,C26,"Manufacture of computer, electronic and optical products",ISR,Israel,PT_EXGR,2011,0.274,0
EXGR_PSH,"Gross exports, destination partner shares",KOR,Korea,C26,"Manufacture of computer, electronic and optical products",EU15,European Union (15 countries),PT_EXGR,2011,5.916,0
EXGR_PSH,"Gross exports, destination partner shares",KOR,Korea,C26,"Manufacture of computer, electronic and optical products",WXD,Rest of the world,PT_EXGR,2011,2.119,0
EXGR_PSH,"Gross exports, destination partner shares",KOR,Korea,C26,"Manufacture of computer, electronic and optical products",EA19,Euro area (19 countries),PT_EXGR,2011,6.737,0
EXGR_PSH,"Gross exports, destination partner shares",KOR,Korea,C26,"Manufacture of computer, electronic and optical products",FIN,Finland,PT_EXGR,2011,0.262,0
EXGR_PSH,"Gross exports, destination partner shares",KOR,Korea,C26,"Manufacture of computer, electronic and optical products",ROU,Romania,PT_EXGR,2011,0.044,0
EXGR_PSH,"Gross exports, destination partner shares",KOR,Korea,C26,"Manufacture of computer, electronic and optical products",KAZ,Kazakhstan,PT_EXGR,2011,0.057,0
EXGR_PSH,"Gross exports, destination partner shares",KOR,Korea,C26,"Manufacture of computer, electronic and optical products",MAR,Morocco,PT_EXGR,2011,0.042,0
EXGR_PSH,"Gross exports, destination partner shares",KOR,Korea,C26,"Manufacture of computer, electronic and optical products",RUS,Russia,PT_EXGR,2011,0.929,0
EXGR_PSH,"Gross exports, destination partner shares",KOR,Korea,C26,"Manufacture of computer, electronic and optical products",ARE,United Arab Emirates,PT_EXGR,2011,0.236,0
EXGR_PSH,"Gross exports, destination partner shares",KOR,Korea,C26,"Manufacture of computer, electronic and optical products",VNM,Viet Nam,PT_EXGR,2011,1.856,0
EXGR_PSH,"Gross exports, destination partner shares",KOR,Korea,C26,"Manufacture of computer, electronic and optical products",CAN,Canada,PT_EXGR,2011,0.829,0
EXGR_PSH,"Gross exports, destination partner shares",KOR,Korea,C26,"Manufacture of computer, electronic and optical products",MMR,Myanmar,PT_EXGR,2011,0.003,0
EXGR_PSH,"Gross exports, destination partner shares",KOR,Korea,C26,"Manufacture of computer, electronic and optical products",GBR,United Kingdom,PT_EXGR,2011,0.38,0
EXGR_PSH,"Gross exports, destination partner shares",KOR,Korea,C26,"Manufacture of computer, electronic and optical products",ITA,Italy,PT_EXGR,2011,0.388,0
EXGR_PSH,"Gross exports, destination partner shares",KOR,Korea,C26,"Manufacture of computer, electronic and optical products",UKR,Ukraine,PT_EXGR,2011,0.034,0
EXGR_PSH,"Gross exports, destination partner shares",KOR,Korea,C26,"Manufacture of computer, electronic and optical products",PHL,Philippines,PT_EXGR,2011,0.576,0
EXGR_PSH,"Gross exports, destination partner shares",KOR,Korea,C26,"Manufacture of computer, electronic and optical products",EST,Estonia,PT_EXGR,2011,0.011,0
EXGR_PSH,"Gross exports, destination partner shares",KOR,Korea,C26,"Manufacture of computer, electronic and optical products",DEU,Germany,PT_EXGR,2011,3.034,0
EXGR_PSH,"Gross exports, destination partner shares",KOR,Korea,C26,"Manufacture of computer, electronic and optical products",CYP,Cyprus,PT_EXGR,2011,0.001,0
EXGR_PSH,"Gross exports, destination partner shares",KOR,Korea,C26,"Manufacture of computer, electronic and optical products",ASEAN,ASEAN,PT_EXGR,2011,8.228,0
EXGR_PSH,"Gross exports, destination partner shares",KOR,Korea,C26,"Manufacture of computer, electronic and optical products",OECD,OECD,PT_EXGR,2011,33.26,0
EXGR_PSH,"Gross exports, destination partner shares",KOR,Korea,C26,"Manufacture of computer, electronic and optical products",A5_A7,South and Central America,PT_EXGR,2011,2.883,0
EXGR_PSH,"Gross exports, destination partner shares",KOR,Korea,C26,"Manufacture of computer, electronic and optical products",SGP,Singapore,PT_EXGR,2011,2.358,0
EXGR_PSH,"Gross exports, destination partner shares",KOR,Korea,C26,"Manufacture of computer, electronic and optical products",S2,Eastern Asia,PT_EXGR,2011,54.617,0
EXGR_PSH,"Gross exports, destination partner shares",KOR,Korea,C26,"Manufacture of computer, electronic and optical products",ARG,Argentina,PT_EXGR,2011,0.23,0
EXGR_PSH,"Gross exports, destination partner shares",KOR,Korea,C26,"Manufacture of computer, electronic and optical products",AUS,Australia,PT_EXGR,2011,0.657,0
EXGR_PSH,"Gross exports, destination partner shares",KOR,Korea,C26,"Manufacture of computer, electronic and optical products",NZL,New Zealand,PT_EXGR,2011,0.06,0
EXGR_PSH,"Gross exports, destination partner shares",KOR,Korea,C26,"Manufacture of computer, electronic and optical products",TUR,Türkiye,PT_EXGR,2011,0.434,0
EXGR_PSH,"Gross exports, destination partner shares",KOR,Korea,C26,"Manufacture of computer, electronic and optical products",HRV,Croatia,PT_EXGR,2011,0.032,0
EXGR_PSH,"Gross exports, destination partner shares",KOR,Korea,C26,"Manufacture of computer, electronic and optical products",EU28,European Union (28 countries),PT_EXGR,2011,10.099,0
EXGR_PSH,"Gross exports, destination partner shares",KOR,Korea,C26,"Manufacture of computer, electronic and optical products",CZE,Czechia,PT_EXGR,2011,0.403,0
EXGR_PSH,"Gross exports, destination partner shares",KOR,Korea,C26,"Manufacture of computer, electronic and optical products",SWE,Sweden,PT_EXGR,2011,0.074,0
EXGR_PSH,"Gross exports, destination partner shares",KOR,Korea,C26,"Manufacture of computer, electronic and optical products",EU28XEU15,European Union 28 excluding European Union 15 countries,PT_EXGR,2011,4.183,0
EXGR_PSH,"Gross exports, destination partner shares",KOR,Korea,C26,"Manufacture of computer, electronic and optical products",MEX,Mexico,PT_EXGR,2011,5.347,0
EXGR_PSH,"Gross exports, destination partner shares",KOR,Korea,C26,"Manufacture of computer, electronic and optical products",TWN,Chinese Taipei,PT_EXGR,2011,5.181,0
EXGR_PSH,"Gross exports, destination partner shares",KOR,Korea,C26,"Manufacture of computer, electronic and optical products",ESP,Spain,PT_EXGR,2011,0.261,0
EXGR_PSH,"Gross exports, destination partner shares",KOR,Korea,C26,"Manufacture of computer, electronic and optical products",LVA,Latvia,PT_EXGR,2011,0.006,0
EXGR_PSH,"Gross exports, destination partner shares",KOR,Korea,C26,"Manufacture of computer, electronic and optical products",HUN,Hungary,PT_EXGR,2011,0.938,0
EXGR_PSH,"Gross exports, destination partner shares",KOR,Korea,C26,"Manufacture of computer, electronic and optical products",ISL,Iceland,PT_EXGR,2011,0.01,0
EXGR_PSH,"Gross exports, destination partner shares",KOR,Korea,C26,"Manufacture of computer, electronic and optical products",E,Europe,PT_EXGR,2011,11.3,0
EXGR_PSH,"Gross exports, destination partner shares",KOR,Korea,C26,"Manufacture of computer, electronic and optical products",G20,G20,PT_EXGR,2011,83.684,0
EXGR_PSH,"Gross exports, destination partner shares",KOR,Korea,C26,"Manufacture of computer, electronic and optical products",AGO,Angola,PT_EXGR,2011,0.015,0
EXGR_PSH,"Gross exports, destination partner shares",KOR,Korea,C26,"Manufacture of computer, electronic and optical products",LUX,Luxembourg,PT_EXGR,2011,0.006,0
EXGR_PSH,"Gross exports, destination partner shares",KOR,Korea,C26,"Manufacture of computer, electronic and optical products",WXOECD,Non-OECD economies,PT_EXGR,2011,66.74,0
EXGR_PSH,"Gross exports, destination partner shares",KOR,Korea,C26,"Manufacture of computer, electronic and optical products",NLD,Netherlands,PT_EXGR,2011,0.036,0
EXGR_PSH,"Gross exports, destination partner shares",KOR,Korea,C26,"Manufacture of computer, electronic and optical products",BRA,Brazil,PT_EXGR,2011,2.329,0
EXGR_PSH,"Gross exports, destination partner shares",KOR,Korea,C26,"Manufacture of computer, electronic and optical products",IDN,Indonesia,PT_EXGR,2011,0.792,0
EXGR_PSH,"Gross exports, destination partner shares",KOR,Korea,C26,"Manufacture of computer, electronic and optical products",APEC,APEC,PT_EXGR,2011,81.389,0
EXGR_PSH,"Gross exports, destination partner shares",KOR,Korea,C26,"Manufacture of computer, electronic and optical products",THA,Thailand,PT_EXGR,2011,0.846,0
EXGR_PSH,"Gross exports, destination partner shares",KOR,Korea,C26,"Manufacture of computer, electronic and optical products",IND,India,PT_EXGR,2011,1.224,0
EXGR_PSH,"Gross exports, destination partner shares",KOR,Korea,C26,"Manufacture of computer, electronic and optical products",IRL,Ireland,PT_EXGR,2011,0.137,0
EXGR_PSH,"Gross exports, destination partner shares",KOR,Korea,C26,"Manufacture of computer, electronic and optical products",PAK,Pakistan,PT_EXGR,2011,0.024,0
EXGR_PSH,"Gross exports, destination partner shares",KOR,Korea,C26,"Manufacture of computer, electronic and optical products",W_O,Other countries,PT_EXGR,2011,5.816,0
EXGR_PSH,"Gross exports, destination partner shares",KOR,Korea,C26,"Manufacture of computer, electronic and optical products",MLT,Malta,PT_EXGR,2011,0.033,0
EXGR_PSH,"Gross exports, destination partner shares",KOR,Korea,C26,"Manufacture of computer, electronic and optical products",TUN,Tunisia,PT_EXGR,2011,0.022,0
EXGR_PSH,"Gross exports, destination partner shares",KOR,Korea,C26,"Manufacture of computer, electronic and optical products",CHL,Chile,PT_EXGR,2011,0.148,0
EXGR_PSH,"Gross exports, destination partner shares",KOR,Korea,C26,"Manufacture of computer, electronic and optical products",SVK,Slovak Republic,PT_EXGR,2011,1.2,0
EXGR_PSH,"Gross exports, destination partner shares",KOR,Korea,C26,"Manufacture of computer, electronic and optical products",SAU,Saudi Arabia,PT_EXGR,2011,0.698,0
EXGR_PSH,"Gross exports, destination partner shares",KOR,Korea,C26,"Manufacture of computer, electronic and optical products",BGD,Bangladesh,PT_EXGR,2011,0.01,0
EXGR_PSH,"Gross exports, destination partner shares",KOR,Korea,C26,"Manufacture of computer, electronic and optical products",KHM,Cambodia,PT_EXGR,2011,0.01,0
EXGR_PSH,"Gross exports, destination partner shares",KOR,Korea,C26,"Manufacture of computer, electronic and optical products",COD,Democratic Republic of the Congo,PT_EXGR,2011,0.003,0
EXGR_PSH,"Gross exports, destination partner shares",KOR,Korea,C26,"Manufacture of computer, electronic and optical products",BRN,Brunei Darussalam,PT_EXGR,2011,0.003,0
EXGR_PSH,"Gross exports, destination partner shares",KOR,Korea,C26,"Manufacture of computer, electronic and optical products",CIV,Côte d’Ivoire,PT_EXGR,2011,0.002,0
EXGR_PSH,"Gross exports, destination partner shares",KOR,Korea,C26,"Manufacture of computer, electronic and optical products",CMR,Cameroon,PT_EXGR,2011,0.002,0
EXGR_PSH,"Gross exports, destination partner shares",KOR,Korea,C26,"Manufacture of computer, electronic and optical products",CRI,Costa Rica,PT_EXGR,2011,0.002,0
EXGR_PSH,"Gross exports, destination partner shares",KOR,Korea,C26,"Manufacture of computer, electronic and optical products",SEN,Senegal,PT_EXGR,2011,0.001,0
EXGR_PSH,"Gross exports, destination partner shares",KOR,Korea,C26,"Manufacture of computer, electronic and optical products",LAO,Lao People’s Democratic Republic,PT_EXGR,2011,0.001,0
EXGR_PSH,"Gross exports, destination partner shares",KOR,Korea,C26,"Manufacture of computer, electronic and optical products",W,World,PT_EXGR,2011,100,0
EXGR_PSH,"Gross exports, destination partner shares",KOR,Korea,C26,"Manufacture of computer, electronic and optical products",KOR,Korea,PT_EXGR,2011,0,0
EXGR_PSH,"Gross exports, destination partner shares",KOR,Korea,C26,"Manufacture of computer, electronic and optical products",STP,Sao Tome and Principe,PT_EXGR,2011,0,0
EXGR_PSH,"Gross exports, destination partner shares",KOR,Korea,C26,"Manufacture of computer, electronic and optical products",CHL,Chile,PT_EXGR,2008,0.212,0
EXGR_PSH,"Gross exports, destination partner shares",KOR,Korea,C26,"Manufacture of computer, electronic and optical products",KHM,Cambodia,PT_EXGR,2008,0.029,0
EXGR_PSH,"Gross exports, destination partner shares",KOR,Korea,C26,"Manufacture of computer, electronic and optical products",SVK,Slovak Republic,PT_EXGR,2008,1.364,0
EXGR_PSH,"Gross exports, destination partner shares",KOR,Korea,C26,"Manufacture of computer, electronic and optical products",SAU,Saudi Arabia,PT_EXGR,2008,0.274,0
EXGR_PSH,"Gross exports, destination partner shares",KOR,Korea,C26,"Manufacture of computer, electronic and optical products",GRC,Greece,PT_EXGR,2010,0.047,0
EXGR_PSH,"Gross exports, destination partner shares",KOR,Korea,C26,"Manufacture of computer, electronic and optical products",BLR,Belarus,PT_EXGR,2010,0.011,0
EXGR_PSH,"Gross exports, destination partner shares",KOR,Korea,C26,"Manufacture of computer, electronic and optical products",HKG,Hong Kong (China),PT_EXGR,2010,0.036,0
EXGR_PSH,"Gross exports, destination partner shares",KOR,Korea,C26,"Manufacture of computer, electronic and optical products",F,Africa,PT_EXGR,2010,0.461,0
EXGR_PSH,"Gross exports, destination partner shares",KOR,Korea,C26,"Manufacture of computer, electronic and optical products",SVN,Slovenia,PT_EXGR,2010,0.023,0
EXGR_PSH,"Gross exports, destination partner shares",KOR,Korea,C26,"Manufacture of computer, electronic and optical products",ZAF,South Africa,PT_EXGR,2010,0.22,0
EXGR_PSH,"Gross exports, destination partner shares",KOR,Korea,C26,"Manufacture of computer, electronic and optical products",S2_S8,Eastern and South-eastern Asia,PT_EXGR,2010,62.595,0
EXGR_PSH,"Gross exports, destination partner shares",KOR,Korea,C26,"Manufacture of computer, electronic and optical products",NAFTA,NAFTA,PT_EXGR,2010,15.169,0
EXGR_PSH,"Gross exports, destination partner shares",KOR,Korea,C26,"Manufacture of computer, electronic and optical products",SEN,Senegal,PT_EXGR,2010,0.008,0
EXGR_PSH,"Gross exports, destination partner shares",KOR,Korea,C26,"Manufacture of computer, electronic and optical products",COL,Colombia,PT_EXGR,2010,0.052,0
EXGR_PSH,"Gross exports, destination partner shares",KOR,Korea,C26,"Manufacture of computer, electronic and optical products",CIV,Côte d’Ivoire,PT_EXGR,2010,0.002,0
EXGR_PSH,"Gross exports, destination partner shares",KOR,Korea,C26,"Manufacture of computer, electronic and optical products",CHN,China (People’s Republic of),PT_EXGR,2010,42.063,0
EXGR_PSH,"Gross exports, destination partner shares",KOR,Korea,C26,"Manufacture of computer, electronic and optical products",NGA,Nigeria,PT_EXGR,2010,0.063,0
EXGR_PSH,"Gross exports, destination partner shares",KOR,Korea,C26,"Manufacture of computer, electronic and optical products",AUT,Austria,PT_EXGR,2010,0.186,0
EXGR_PSH,"Gross exports, destination partner shares",KOR,Korea,C26,"Manufacture of computer, electronic and optical products",MYS,Malaysia,PT_EXGR,2010,2.312,0
EXGR_PSH,"Gross exports, destination partner shares",KOR,Korea,C26,"Manufacture of computer, electronic and optical products",EGY,Egypt,PT_EXGR,2010,0.06,0
EXGR_PSH,"Gross exports, destination partner shares",KOR,Korea,C26,"Manufacture of computer, electronic and optical products",NOR,Norway,PT_EXGR,2010,0.121,0
EXGR_PSH,"Gross exports, destination partner shares",KOR,Korea,C26,"Manufacture of computer, electronic and optical products",EU27_2020,European Union (27 countries from 01/02/2020),PT_EXGR,2010,12.001,0
EXGR_PSH,"Gross exports, destination partner shares",KOR,Korea,C26,"Manufacture of computer, electronic and optical products",CHE,Switzerland,PT_EXGR,2010,0.067,0
EXGR_PSH,"Gross exports, destination partner shares",KOR,Korea,C26,"Manufacture of computer, electronic and optical products",DNK,Denmark,PT_EXGR,2010,0.011,0
EXGR_PSH,"Gross exports, destination partner shares",KOR,Korea,C26,"Manufacture of computer, electronic and optical products",BGR,Bulgaria,PT_EXGR,2010,0.024,0
EXGR_PSH,"Gross exports, destination partner shares",KOR,Korea,C26,"Manufacture of computer, electronic and optical products",JPN,Japan,PT_EXGR,2010,4.639,0
EXGR_PSH,"Gross exports, destination partner shares",KOR,Korea,C26,"Manufacture of computer, electronic and optical products",JOR,Jordan,PT_EXGR,2010,0.028,0
EXGR_PSH,"Gross exports, destination partner shares",KOR,Korea,C26,"Manufacture of computer, electronic and optical products",BEL,Belgium,PT_EXGR,2010,0.026,0
EXGR_PSH,"Gross exports, destination partner shares",KOR,Korea,C26,"Manufacture of computer, electronic and optical products",PER,Peru,PT_EXGR,2010,0.041,0
EXGR_PSH,"Gross exports, destination partner shares",KOR,Korea,C26,"Manufacture of computer, electronic and optical products",USA,United States,PT_EXGR,2010,9.384,0
EXGR_PSH,"Gross exports, destination partner shares",KOR,Korea,C26,"Manufacture of computer, electronic and optical products",BGD,Bangladesh,PT_EXGR,2010,0.021,0
EXGR_PSH,"Gross exports, destination partner shares",KOR,Korea,C26,"Manufacture of computer, electronic and optical products",FRA,France,PT_EXGR,2010,1.209,0
EXGR_PSH,"Gross exports, destination partner shares",KOR,Korea,C26,"Manufacture of computer, electronic and optical products",POL,Poland,PT_EXGR,2010,1.76,0
EXGR_PSH,"Gross exports, destination partner shares",KOR,Korea,C26,"Manufacture of computer, electronic and optical products",PRT,Portugal,PT_EXGR,2010,0.054,0
EXGR_PSH,"Gross exports, destination partner shares",KOR,Korea,C26,"Manufacture of computer, electronic and optical products",ISR,Israel,PT_EXGR,2010,0.216,0
EXGR_PSH,"Gross exports, destination partner shares",KOR,Korea,C26,"Manufacture of computer, electronic and optical products",EU15,European Union (15 countries),PT_EXGR,2010,7.282,0
EXGR_PSH,"Gross exports, destination partner shares",KOR,Korea,C26,"Manufacture of computer, electronic and optical products",WXD,Rest of the world,PT_EXGR,2010,2.035,0
EXGR_PSH,"Gross exports, destination partner shares",KOR,Korea,C26,"Manufacture of computer, electronic and optical products",EA19,Euro area (19 countries),PT_EXGR,2010,8.113,0
EXGR_PSH,"Gross exports, destination partner shares",KOR,Korea,C26,"Manufacture of computer, electronic and optical products",FIN,Finland,PT_EXGR,2010,0.229,0
EXGR_PSH,"Gross exports, destination partner shares",KOR,Korea,C26,"Manufacture of computer, electronic and optical products",ROU,Romania,PT_EXGR,2010,0.032,0
EXGR_PSH,"Gross exports, destination partner shares",KOR,Korea,C26,"Manufacture of computer, electronic and optical products",KAZ,Kazakhstan,PT_EXGR,2010,0.054,0
EXGR_PSH,"Gross exports, destination partner shares",KOR,Korea,C26,"Manufacture of computer, electronic and optical products",MAR,Morocco,PT_EXGR,2010,0.062,0
EXGR_PSH,"Gross exports, destination partner shares",KOR,Korea,C26,"Manufacture of computer, electronic and optical products",RUS,Russia,PT_EXGR,2010,1.022,0
EXGR_PSH,"Gross exports, destination partner shares",KOR,Korea,C26,"Manufacture of computer, electronic and optical products",ARE,United Arab Emirates,PT_EXGR,2010,0.269,0
EXGR_PSH,"Gross exports, destination partner shares",KOR,Korea,C26,"Manufacture of computer, electronic and optical products",VNM,Viet Nam,PT_EXGR,2010,0.952,0
EXGR_PSH,"Gross exports, destination partner shares",KOR,Korea,C26,"Manufacture of computer, electronic and optical products",CAN,Canada,PT_EXGR,2010,0.849,0
EXGR_PSH,"Gross exports, destination partner shares",KOR,Korea,C26,"Manufacture of computer, electronic and optical products",GBR,United Kingdom,PT_EXGR,2010,0.55,0
EXGR_PSH,"Gross exports, destination partner shares",KOR,Korea,C26,"Manufacture of computer, electronic and optical products",ITA,Italy,PT_EXGR,2010,0.508,0
EXGR_PSH,"Gross exports, destination partner shares",KOR,Korea,C26,"Manufacture of computer, electronic and optical products",UKR,Ukraine,PT_EXGR,2010,0.017,0
EXGR_PSH,"Gross exports, destination partner shares",KOR,Korea,C26,"Manufacture of computer, electronic and optical products",PHL,Philippines,PT_EXGR,2010,1.235,0
EXGR_PSH,"Gross exports, destination partner shares",KOR,Korea,C26,"Manufacture of computer, electronic and optical products",EST,Estonia,PT_EXGR,2010,0.013,0
EXGR_PSH,"Gross exports, destination partner shares",KOR,Korea,C26,"Manufacture of computer, electronic and optical products",DEU,Germany,PT_EXGR,2010,3.811,0
EXGR_PSH,"Gross exports, destination partner shares",KOR,Korea,C26,"Manufacture of computer, electronic and optical products",ASEAN,ASEAN,PT_EXGR,2010,8.521,0
EXGR_PSH,"Gross exports, destination partner shares",KOR,Korea,C26,"Manufacture of computer, electronic and optical products",OECD,OECD,PT_EXGR,2010,33.869,0
EXGR_PSH,"Gross exports, destination partner shares",KOR,Korea,C26,"Manufacture of computer, electronic and optical products",A5_A7,South and Central America,PT_EXGR,2010,2.609,0
EXGR_PSH,"Gross exports, destination partner shares",KOR,Korea,C26,"Manufacture of computer, electronic and optical products",SGP,Singapore,PT_EXGR,2010,2.331,0
EXGR_PSH,"Gross exports, destination partner shares",KOR,Korea,C26,"Manufacture of computer, electronic and optical products",S2,Eastern Asia,PT_EXGR,2010,54.074,0
EXGR_PSH,"Gross exports, destination partner shares",KOR,Korea,C26,"Manufacture of computer, electronic and optical products",ARG,Argentina,PT_EXGR,2010,0.214,0
EXGR_PSH,"Gross exports, destination partner shares",KOR,Korea,C26,"Manufacture of computer, electronic and optical products",AUS,Australia,PT_EXGR,2010,0.71,0
EXGR_PSH,"Gross exports, destination partner shares",KOR,Korea,C26,"Manufacture of computer, electronic and optical products",NZL,New Zealand,PT_EXGR,2010,0.044,0
EXGR_PSH,"Gross exports, destination partner shares",KOR,Korea,C26,"Manufacture of computer, electronic and optical products",TUR,Türkiye,PT_EXGR,2010,0.322,0
EXGR_PSH,"Gross exports, destination partner shares",KOR,Korea,C26,"Manufacture of computer, electronic and optical products",HRV,Croatia,PT_EXGR,2010,0.04,0
EXGR_PSH,"Gross exports, destination partner shares",KOR,Korea,C26,"Manufacture of computer, electronic and optical products",EU28,European Union (28 countries),PT_EXGR,2010,12.551,0
EXGR_PSH,"Gross exports, destination partner shares",KOR,Korea,C26,"Manufacture of computer, electronic and optical products",CZE,Czechia,PT_EXGR,2010,0.484,0
EXGR_PSH,"Gross exports, destination partner shares",KOR,Korea,C26,"Manufacture of computer, electronic and optical products",SWE,Sweden,PT_EXGR,2010,0.095,0
EXGR_PSH,"Gross exports, destination partner shares",KOR,Korea,C26,"Manufacture of computer, electronic and optical products",EU28XEU15,European Union 28 excluding European Union 15 countries,PT_EXGR,2010,5.269,0
EXGR_PSH,"Gross exports, destination partner shares",KOR,Korea,C26,"Manufacture of computer, electronic and optical products",MEX,Mexico,PT_EXGR,2010,4.936,0
EXGR_PSH,"Gross exports, destination partner shares",KOR,Korea,C26,"Manufacture of computer, electronic and optical products",TWN,Chinese Taipei,PT_EXGR,2010,7.336,0
EXGR_PSH,"Gross exports, destination partner shares",KOR,Korea,C26,"Manufacture of computer, electronic and optical products",ESP,Spain,PT_EXGR,2010,0.35,0
EXGR_PSH,"Gross exports, destination partner shares",KOR,Korea,C26,"Manufacture of computer, electronic and optical products",LVA,Latvia,PT_EXGR,2010,0.005,0
EXGR_PSH,"Gross exports, destination partner shares",KOR,Korea,C26,"Manufacture of computer, electronic and optical products",HUN,Hungary,PT_EXGR,2010,1.443,0
EXGR_PSH,"Gross exports, destination partner shares",KOR,Korea,C26,"Manufacture of computer, electronic and optical products",ISL,Iceland,PT_EXGR,2010,0.004,0
EXGR_PSH,"Gross exports, destination partner shares",KOR,Korea,C26,"Manufacture of computer, electronic and optical products",E,Europe,PT_EXGR,2010,13.795,0
EXGR_PSH,"Gross exports, destination partner shares",KOR,Korea,C26,"Manufacture of computer, electronic and optical products",G20,G20,PT_EXGR,2010,81.537,0
EXGR_PSH,"Gross exports, destination partner shares",KOR,Korea,C26,"Manufacture of computer, electronic and optical products",AGO,Angola,PT_EXGR,2010,0.013,0
EXGR_PSH,"Gross exports, destination partner shares",KOR,Korea,C26,"Manufacture of computer, electronic and optical products",LUX,Luxembourg,PT_EXGR,2010,0.006,0
EXGR_PSH,"Gross exports, destination partner shares",KOR,Korea,C26,"Manufacture of computer, electronic and optical products",WXOECD,Non-OECD economies,PT_EXGR,2010,66.131,0
EXGR_PSH,"Gross exports, destination partner shares",KOR,Korea,C26,"Manufacture of computer, electronic and optical products",NLD,Netherlands,PT_EXGR,2010,0.055,0
EXGR_PSH,"Gross exports, destination partner shares",KOR,Korea,C26,"Manufacture of computer, electronic and optical products",BRA,Brazil,PT_EXGR,2010,2.178,0
EXGR_PSH,"Gross exports, destination partner shares",KOR,Korea,C26,"Manufacture of computer, electronic and optical products",IDN,Indonesia,PT_EXGR,2010,0.797,0
EXGR_PSH,"Gross exports, destination partner shares",KOR,Korea,C26,"Manufacture of computer, electronic and optical products",APEC,APEC,PT_EXGR,2010,79.696,0
EXGR_PSH,"Gross exports, destination partner shares",KOR,Korea,C26,"Manufacture of computer, electronic and optical products",THA,Thailand,PT_EXGR,2010,0.887,0
EXGR_PSH,"Gross exports, destination partner shares",KOR,Korea,C26,"Manufacture of computer, electronic and optical products",IND,India,PT_EXGR,2010,1.136,0
EXGR_PSH,"Gross exports, destination partner shares",KOR,Korea,C26,"Manufacture of computer, electronic and optical products",CMR,Cameroon,PT_EXGR,2010,0.001,0
EXGR_PSH,"Gross exports, destination partner shares",KOR,Korea,C26,"Manufacture of computer, electronic and optical products",IRL,Ireland,PT_EXGR,2010,0.146,0
EXGR_PSH,"Gross exports, destination partner shares",KOR,Korea,C26,"Manufacture of computer, electronic and optical products",PAK,Pakistan,PT_EXGR,2010,0.02,0
EXGR_PSH,"Gross exports, destination partner shares",KOR,Korea,C26,"Manufacture of computer, electronic and optical products",W_O,Other countries,PT_EXGR,2010,5.371,0
EXGR_PSH,"Gross exports, destination partner shares",KOR,Korea,C26,"Manufacture of computer, electronic and optical products",MLT,Malta,PT_EXGR,2010,0.053,0
EXGR_PSH,"Gross exports, destination partner shares",KOR,Korea,C26,"Manufacture of computer, electronic and optical products",TUN,Tunisia,PT_EXGR,2010,0.029,0
EXGR_PSH,"Gross exports, destination partner shares",KOR,Korea,C26,"Manufacture of computer, electronic and optical products",CHL,Chile,PT_EXGR,2010,0.12,0
EXGR_PSH,"Gross exports, destination partner shares",KOR,Korea,C26,"Manufacture of computer, electronic and optical products",SVK,Slovak Republic,PT_EXGR,2010,1.387,0
EXGR_PSH,"Gross exports, destination partner shares",KOR,Korea,C26,"Manufacture of computer, electronic and optical products",SAU,Saudi Arabia,PT_EXGR,2010,0.515,0
EXGR_PSH,"Gross exports, destination partner shares",KOR,Korea,C26,"Manufacture of computer, electronic and optical products",LTU,Lithuania,PT_EXGR,2005,0.034,0
EXGR_PSH,"Gross exports, destination partner shares",KOR,Korea,C26,"Manufacture of computer, electronic and optical products",GRC,Greece,PT_EXGR,2005,0.122,0
EXGR_PSH,"Gross exports, destination partner shares",KOR,Korea,C26,"Manufacture of computer, electronic and optical products",HKG,Hong Kong (China),PT_EXGR,2005,0.047,0
EXGR_PSH,"Gross exports, destination partner shares",KOR,Korea,C26,"Manufacture of computer, electronic and optical products",F,Africa,PT_EXGR,2005,0.602,0
EXGR_PSH,"Gross exports, destination partner shares",KOR,Korea,C26,"Manufacture of computer, electronic and optical products",ZAF,South Africa,PT_EXGR,2005,0.415,0
EXGR_PSH,"Gross exports, destination partner shares",KOR,Korea,C26,"Manufacture of computer, electronic and optical products",S2_S8,Eastern and South-eastern Asia,PT_EXGR,2005,54.983,0
EXGR_PSH,"Gross exports, destination partner shares",KOR,Korea,C26,"Manufacture of computer, electronic and optical products",NAFTA,NAFTA,PT_EXGR,2005,17.923,0
EXGR_PSH,"Gross exports, destination partner shares",KOR,Korea,C26,"Manufacture of computer, electronic and optical products",COL,Colombia,PT_EXGR,2005,0.17,0
EXGR_PSH,"Gross exports, destination partner shares",KOR,Korea,C26,"Manufacture of computer, electronic and optical products",CHN,China (People’s Republic of),PT_EXGR,2005,33.026,0
EXGR_PSH,"Gross exports, destination partner shares",KOR,Korea,C26,"Manufacture of computer, electronic and optical products",NGA,Nigeria,PT_EXGR,2005,0.037,0
EXGR_PSH,"Gross exports, destination partner shares",KOR,Korea,C26,"Manufacture of computer, electronic and optical products",AUT,Austria,PT_EXGR,2005,0.311,0
EXGR_PSH,"Gross exports, destination partner shares",KOR,Korea,C26,"Manufacture of computer, electronic and optical products",MYS,Malaysia,PT_EXGR,2005,1.764,0
EXGR_PSH,"Gross exports, destination partner shares",KOR,Korea,C26,"Manufacture of computer, electronic and optical products",NOR,Norway,PT_EXGR,2005,0.177,0
EXGR_PSH,"Gross exports, destination partner shares",KOR,Korea,C26,"Manufacture of computer, electronic and optical products",EU27_2020,European Union (27 countries from 01/02/2020),PT_EXGR,2005,13.806,0
EXGR_PSH,"Gross exports, destination partner shares",KOR,Korea,C26,"Manufacture of computer, electronic and optical products",BGR,Bulgaria,PT_EXGR,2005,0.04,0
EXGR_PSH,"Gross exports, destination partner shares",KOR,Korea,C26,"Manufacture of computer, electronic and optical products",JPN,Japan,PT_EXGR,2005,7.336,0
EXGR_PSH,"Gross exports, destination partner shares",KOR,Korea,C26,"Manufacture of computer, electronic and optical products",BEL,Belgium,PT_EXGR,2005,0.117,0
EXGR_PSH,"Gross exports, destination partner shares",KOR,Korea,C26,"Manufacture of computer, electronic and optical products",PER,Peru,PT_EXGR,2005,0.071,0
EXGR_PSH,"Gross exports, destination partner shares",KOR,Korea,C26,"Manufacture of computer, electronic and optical products",USA,United States,PT_EXGR,2005,13.063,0
EXGR_PSH,"Gross exports, destination partner shares",KOR,Korea,C26,"Manufacture of computer, electronic and optical products",BGD,Bangladesh,PT_EXGR,2005,0.037,0
EXGR_PSH,"Gross exports, destination partner shares",KOR,Korea,C26,"Manufacture of computer, electronic and optical products",FRA,France,PT_EXGR,2005,1.968,0
EXGR_PSH,"Gross exports, destination partner shares",KOR,Korea,C26,"Manufacture of computer, electronic and optical products",POL,Poland,PT_EXGR,2005,0.661,0
EXGR_PSH,"Gross exports, destination partner shares",KOR,Korea,C26,"Manufacture of computer, electronic and optical products",PRT,Portugal,PT_EXGR,2005,0.171,0
EXGR_PSH,"Gross exports, destination partner shares",KOR,Korea,C26,"Manufacture of computer, electronic and optical products",ISR,Israel,PT_EXGR,2005,0.205,0
EXGR_PSH,"Gross exports, destination partner shares",KOR,Korea,C26,"Manufacture of computer, electronic and optical products",EU15,European Union (15 countries),PT_EXGR,2005,14.01,0
EXGR_PSH,"Gross exports, destination partner shares",KOR,Korea,C26,"Manufacture of computer, electronic and optical products",WXD,Rest of the world,PT_EXGR,2005,1.707,0
EXGR_PSH,"Gross exports, destination partner shares",KOR,Korea,C26,"Manufacture of computer, electronic and optical products",EA19,Euro area (19 countries),PT_EXGR,2005,11.407,0
EXGR_PSH,"Gross exports, destination partner shares",KOR,Korea,C26,"Manufacture of computer, electronic and optical products",FIN,Finland,PT_EXGR,2005,0.543,0
EXGR_PSH,"Gross exports, destination partner shares",KOR,Korea,C26,"Manufacture of computer, electronic and optical products",ROU,Romania,PT_EXGR,2005,0.086,0
EXGR_PSH,"Gross exports, destination partner shares",KOR,Korea,C26,"Manufacture of computer, electronic and optical products",KAZ,Kazakhstan,PT_EXGR,2005,0.024,0
EXGR_PSH,"Gross exports, destination partner shares",KOR,Korea,C26,"Manufacture of computer, electronic and optical products",MAR,Morocco,PT_EXGR,2005,0.065,0
EXGR_PSH,"Gross exports, destination partner shares",KOR,Korea,C26,"Manufacture of computer, electronic and optical products",RUS,Russia,PT_EXGR,2005,1.264,0
EXGR_PSH,"Gross exports, destination partner shares",KOR,Korea,C26,"Manufacture of computer, electronic and optical products",ARE,United Arab Emirates,PT_EXGR,2005,0.115,0
EXGR_PSH,"Gross exports, destination partner shares",KOR,Korea,C26,"Manufacture of computer, electronic and optical products",VNM,Viet Nam,PT_EXGR,2005,0.298,0
EXGR_PSH,"Gross exports, destination partner shares",KOR,Korea,C26,"Manufacture of computer, electronic and optical products",CAN,Canada,PT_EXGR,2005,1.087,0
EXGR_PSH,"Gross exports, destination partner shares",KOR,Korea,C26,"Manufacture of computer, electronic and optical products",GBR,United Kingdom,PT_EXGR,2005,2.733,0
EXGR_PSH,"Gross exports, destination partner shares",KOR,Korea,C26,"Manufacture of computer, electronic and optical products",ITA,Italy,PT_EXGR,2005,2.409,0
EXGR_PSH,"Gross exports, destination partner shares",KOR,Korea,C26,"Manufacture of computer, electronic and optical products",PHL,Philippines,PT_EXGR,2005,0.51,0
EXGR_PSH,"Gross exports, destination partner shares",KOR,Korea,C26,"Manufacture of computer, electronic and optical products",EST,Estonia,PT_EXGR,2005,0.014,0
EXGR_PSH,"Gross exports, destination partner shares",KOR,Korea,C26,"Manufacture of computer, electronic and optical products",DEU,Germany,PT_EXGR,2005,3.656,0
EXGR_PSH,"Gross exports, destination partner shares",KOR,Korea,C26,"Manufacture of computer, electronic and optical products",CYP,Cyprus,PT_EXGR,2005,0.002,0
EXGR_PSH,"Gross exports, destination partner shares",KOR,Korea,C26,"Manufacture of computer, electronic and optical products",ASEAN,ASEAN,PT_EXGR,2005,4.82,0
EXGR_PSH,"Gross exports, destination partner shares",KOR,Korea,C26,"Manufacture of computer, electronic and optical products",OECD,OECD,PT_EXGR,2005,44.411,0
EXGR_PSH,"Gross exports, destination partner shares",KOR,Korea,C26,"Manufacture of computer, electronic and optical products",A5_A7,South and Central America,PT_EXGR,2005,2.292,0
EXGR_PSH,"Gross exports, destination partner shares",KOR,Korea,C26,"Manufacture of computer, electronic and optical products",SGP,Singapore,PT_EXGR,2005,0.62,0
EXGR_PSH,"Gross exports, destination partner shares",KOR,Korea,C26,"Manufacture of computer, electronic and optical products",S2,Eastern Asia,PT_EXGR,2005,50.163,0
EXGR_PSH,"Gross exports, destination partner shares",KOR,Korea,C26,"Manufacture of computer, electronic and optical products",ARG,Argentina,PT_EXGR,2005,0.064,0
EXGR_PSH,"Gross exports, destination partner shares",KOR,Korea,C26,"Manufacture of computer, electronic and optical products",AUS,Australia,PT_EXGR,2005,1.443,0
EXGR_PSH,"Gross exports, destination partner shares",KOR,Korea,C26,"Manufacture of computer, electronic and optical products",NZL,New Zealand,PT_EXGR,2005,0.15,0
EXGR_PSH,"Gross exports, destination partner shares",KOR,Korea,C26,"Manufacture of computer, electronic and optical products",TUR,Türkiye,PT_EXGR,2005,0.373,0
EXGR_PSH,"Gross exports, destination partner shares",KOR,Korea,C26,"Manufacture of computer, electronic and optical products",HRV,Croatia,PT_EXGR,2005,0.064,0
EXGR_PSH,"Gross exports, destination partner shares",KOR,Korea,C26,"Manufacture of computer, electronic and optical products",EU28,European Union (28 countries),PT_EXGR,2005,16.539,0
EXGR_PSH,"Gross exports, destination partner shares",KOR,Korea,C26,"Manufacture of computer, electronic and optical products",CZE,Czechia,PT_EXGR,2005,0.227,0
EXGR_PSH,"Gross exports, destination partner shares",KOR,Korea,C26,"Manufacture of computer, electronic and optical products",SWE,Sweden,PT_EXGR,2005,0.498,0
EXGR_PSH,"Gross exports, destination partner shares",KOR,Korea,C26,"Manufacture of computer, electronic and optical products",EU28XEU15,European Union 28 excluding European Union 15 countries,PT_EXGR,2005,2.529,0
EXGR_PSH,"Gross exports, destination partner shares",KOR,Korea,C26,"Manufacture of computer, electronic and optical products",MEX,Mexico,PT_EXGR,2005,3.773,0
EXGR_PSH,"Gross exports, destination partner shares",KOR,Korea,C26,"Manufacture of computer, electronic and optical products",TWN,Chinese Taipei,PT_EXGR,2005,9.754,0
EXGR_PSH,"Gross exports, destination partner shares",KOR,Korea,C26,"Manufacture of computer, electronic and optical products",ESP,Spain,PT_EXGR,2005,0.898,0
EXGR_PSH,"Gross exports, destination partner shares",KOR,Korea,C26,"Manufacture of computer, electronic and optical products",HUN,Hungary,PT_EXGR,2005,0.77,0
EXGR_PSH,"Gross exports, destination partner shares",KOR,Korea,C26,"Manufacture of computer, electronic and optical products",E,Europe,PT_EXGR,2005,18.118,0
EXGR_PSH,"Gross exports, destination partner shares",KOR,Korea,C26,"Manufacture of computer, electronic and optical products",G20,G20,PT_EXGR,2005,82.495,0
EXGR_PSH,"Gross exports, destination partner shares",KOR,Korea,C26,"Manufacture of computer, electronic and optical products",WXOECD,Non-OECD economies,PT_EXGR,2005,55.589,0
EXGR_PSH,"Gross exports, destination partner shares",KOR,Korea,C26,"Manufacture of computer, electronic and optical products",NLD,Netherlands,PT_EXGR,2005,0.095,0
EXGR_PSH,"Gross exports, destination partner shares",KOR,Korea,C26,"Manufacture of computer, electronic and optical products",BRA,Brazil,PT_EXGR,2005,1.817,0
EXGR_PSH,"Gross exports, destination partner shares",KOR,Korea,C26,"Manufacture of computer, electronic and optical products",IDN,Indonesia,PT_EXGR,2005,0.341,0
EXGR_PSH,"Gross exports, destination partner shares",KOR,Korea,C26,"Manufacture of computer, electronic and optical products",APEC,APEC,PT_EXGR,2005,75.982,0
EXGR_PSH,"Gross exports, destination partner shares",KOR,Korea,C26,"Manufacture of computer, electronic and optical products",THA,Thailand,PT_EXGR,2005,1.278,0
EXGR_PSH,"Gross exports, destination partner shares",KOR,Korea,C26,"Manufacture of computer, electronic and optical products",IND,India,PT_EXGR,2005,1.778,0
EXGR_PSH,"Gross exports, destination partner shares",KOR,Korea,C26,"Manufacture of computer, electronic and optical products",IRL,Ireland,PT_EXGR,2005,0.431,0
EXGR_PSH,"Gross exports, destination partner shares",KOR,Korea,C26,"Manufacture of computer, electronic and optical products",PAK,Pakistan,PT_EXGR,2005,0.051,0
EXGR_PSH,"Gross exports, destination partner shares",KOR,Korea,C26,"Manufacture of computer, electronic and optical products",W_O,Other countries,PT_EXGR,2005,6.082,0
EXGR_PSH,"Gross exports, destination partner shares",KOR,Korea,C26,"Manufacture of computer, electronic and optical products",CHL,Chile,PT_EXGR,2005,0.155,0
EXGR_PSH,"Gross exports, destination partner shares",KOR,Korea,C26,"Manufacture of computer, electronic and optical products",SVK,Slovak Republic,PT_EXGR,2005,0.578,0
EXGR_PSH,"Gross exports, destination partner shares",KOR,Korea,C26,"Manufacture of computer, electronic and optical products",JOR,Jordan,PT_EXGR,2005,0.021,0
EXGR_PSH,"Gross exports, destination partner shares",KOR,Korea,C26,"Manufacture of computer, electronic and optical products",CRI,Costa Rica,PT_EXGR,2005,0.014,0
EXGR_PSH,"Gross exports, destination partner shares",KOR,Korea,C26,"Manufacture of computer, electronic and optical products",UKR,Ukraine,PT_EXGR,2005,0.011,0
EXGR_PSH,"Gross exports, destination partner shares",KOR,Korea,C26,"Manufacture of computer, electronic and optical products",ISL,Iceland,PT_EXGR,2005,0.008,0
EXGR_PSH,"Gross exports, destination partner shares",KOR,Korea,C26,"Manufacture of computer, electronic and optical products",BLR,Belarus,PT_EXGR,2005,0.007,0
EXGR_PSH,"Gross exports, destination partner shares",KOR,Korea,C26,"Manufacture of computer, electronic and optical products",AGO,Angola,PT_EXGR,2005,0.007,0
EXGR_PSH,"Gross exports, destination partner shares",KOR,Korea,C26,"Manufacture of computer, electronic and optical products",KHM,Cambodia,PT_EXGR,2005,0.004,0
EXGR_PSH,"Gross exports, destination partner shares",KOR,Korea,C26,"Manufacture of computer, electronic and optical products",MMR,Myanmar,PT_EXGR,2005,0.003,0
EXGR_PSH,"Gross exports, destination partner shares",KOR,Korea,C26,"Manufacture of computer, electronic and optical products",LUX,Luxembourg,PT_EXGR,2005,0.003,0
EXGR_PSH,"Gross exports, destination partner shares",KOR,Korea,C26,"Manufacture of computer, electronic and optical products",CMR,Cameroon,PT_EXGR,2005,0.003,0
EXGR_PSH,"Gross exports, destination partner shares",KOR,Korea,C26,"Manufacture of computer, electronic and optical products",MLT,Malta,PT_EXGR,2005,0.003,0
EXGR_PSH,"Gross exports, destination partner shares",KOR,Korea,C26,"Manufacture of computer, electronic and optical products",LTU,Lithuania,PT_EXGR,2010,0.004,0
EXGR_PSH,"Gross exports, destination partner shares",KOR,Korea,C26,"Manufacture of computer, electronic and optical products",KHM,Cambodia,PT_EXGR,2010,0.004,0
EXGR_PSH,"Gross exports, destination partner shares",KOR,Korea,C26,"Manufacture of computer, electronic and optical products",CRI,Costa Rica,PT_EXGR,2010,0.003,0
EXGR_PSH,"Gross exports, destination partner shares",KOR,Korea,C26,"Manufacture of computer, electronic and optical products",MMR,Myanmar,PT_EXGR,2010,0.002,0
EXGR_PSH,"Gross exports, destination partner shares",KOR,Korea,C26,"Manufacture of computer, electronic and optical products",COD,Democratic Republic of the Congo,PT_EXGR,2010,0.002,0
EXGR_PSH,"Gross exports, destination partner shares",KOR,Korea,C26,"Manufacture of computer, electronic and optical products",CYP,Cyprus,PT_EXGR,2010,0.002,0
EXGR_PSH,"Gross exports, destination partner shares",KOR,Korea,C26,"Manufacture of computer, electronic and optical products",COD,Democratic Republic of the Congo,PT_EXGR,2005,0.002,0
EXGR_PSH,"Gross exports, destination partner shares",KOR,Korea,C26,"Manufacture of computer, electronic and optical products",BRN,Brunei Darussalam,PT_EXGR,2005,0.002,0
EXGR_PSH,"Gross exports, destination partner shares",KOR,Korea,C26,"Manufacture of computer, electronic and optical products",SEN,Senegal,PT_EXGR,2005,0.001,0
EXGR_PSH,"Gross exports, destination partner shares",KOR,Korea,C26,"Manufacture of computer, electronic and optical products",CIV,Côte d’Ivoire,PT_EXGR,2005,0.001,0
EXGR_PSH,"Gross exports, destination partner shares",KOR,Korea,C26,"Manufacture of computer, electronic and optical products",BRN,Brunei Darussalam,PT_EXGR,2010,0.001,0
EXGR_PSH,"Gross exports, destination partner shares",KOR,Korea,C26,"Manufacture of computer, electronic and optical products",SVN,Slovenia,PT_EXGR,2005,0.04,0
EXGR_PSH,"Gross exports, destination partner shares",KOR,Korea,C26,"Manufacture of computer, electronic and optical products",EGY,Egypt,PT_EXGR,2005,0.037,0
EXGR_PSH,"Gross exports, destination partner shares",KOR,Korea,C26,"Manufacture of computer, electronic and optical products",CHE,Switzerland,PT_EXGR,2005,0.111,0
EXGR_PSH,"Gross exports, destination partner shares",KOR,Korea,C26,"Manufacture of computer, electronic and optical products",DNK,Denmark,PT_EXGR,2005,0.053,0
EXGR_PSH,"Gross exports, destination partner shares",KOR,Korea,C26,"Manufacture of computer, electronic and optical products",LVA,Latvia,PT_EXGR,2005,0.011,0
EXGR_PSH,"Gross exports, destination partner shares",KOR,Korea,C26,"Manufacture of computer, electronic and optical products",TUN,Tunisia,PT_EXGR,2005,0.033,0
EXGR_PSH,"Gross exports, destination partner shares",KOR,Korea,C26,"Manufacture of computer, electronic and optical products",SAU,Saudi Arabia,PT_EXGR,2005,0.175,0
EXGR_PSH,"Gross exports, destination partner shares",KOR,Korea,C26,"Manufacture of computer, electronic and optical products",W,World,PT_EXGR,2005,100,0
EXGR_PSH,"Gross exports, destination partner shares",KOR,Korea,C26,"Manufacture of computer, electronic and optical products",W,World,PT_EXGR,2010,100,0
EXGR_PSH,"Gross exports, destination partner shares",KOR,Korea,C26,"Manufacture of computer, electronic and optical products",KOR,Korea,PT_EXGR,2005,0,0
EXGR_PSH,"Gross exports, destination partner shares",KOR,Korea,C26,"Manufacture of computer, electronic and optical products",LAO,Lao People’s Democratic Republic,PT_EXGR,2005,0,0
EXGR_PSH,"Gross exports, destination partner shares",KOR,Korea,C26,"Manufacture of computer, electronic and optical products",STP,Sao Tome and Principe,PT_EXGR,2005,0,0
EXGR_PSH,"Gross exports, destination partner shares",KOR,Korea,C26,"Manufacture of computer, electronic and optical products",KOR,Korea,PT_EXGR,2010,0,0
EXGR_PSH,"Gross exports, destination partner shares",KOR,Korea,C26,"Manufacture of computer, electronic and optical products",LAO,Lao People’s Democratic Republic,PT_EXGR,2010,0,0
EXGR_PSH,"Gross exports, destination partner shares",KOR,Korea,C26,"Manufacture of computer, electronic and optical products",STP,Sao Tome and Principe,PT_EXGR,2010,0,0
EXGR_PSH,"Gross exports, destination partner shares",KOR,Korea,C26,"Manufacture of computer, electronic and optical products",LTU,Lithuania,PT_EXGR,2003,0.029,0
EXGR_PSH,"Gross exports, destination partner shares",KOR,Korea,C26,"Manufacture of computer, electronic and optical products",GRC,Greece,PT_EXGR,2003,0.125,0
EXGR_PSH,"Gross exports, destination partner shares",KOR,Korea,C26,"Manufacture of computer, electronic and optical products",HKG,Hong Kong (China),PT_EXGR,2003,0.042,0
EXGR_PSH,"Gross exports, destination partner shares",KOR,Korea,C26,"Manufacture of computer, electronic and optical products",F,Africa,PT_EXGR,2003,0.478,0
EXGR_PSH,"Gross exports, destination partner shares",KOR,Korea,C26,"Manufacture of computer, electronic and optical products",ZAF,South Africa,PT_EXGR,2003,0.212,0
EXGR_PSH,"Gross exports, destination partner shares",KOR,Korea,C26,"Manufacture of computer, electronic and optical products",S2_S8,Eastern and South-eastern Asia,PT_EXGR,2003,49.243,0
EXGR_PSH,"Gross exports, destination partner shares",KOR,Korea,C26,"Manufacture of computer, electronic and optical products",NAFTA,NAFTA,PT_EXGR,2003,25.362,0
EXGR_PSH,"Gross exports, destination partner shares",KOR,Korea,C26,"Manufacture of computer, electronic and optical products",COL,Colombia,PT_EXGR,2003,0.171,0
EXGR_PSH,"Gross exports, destination partner shares",KOR,Korea,C26,"Manufacture of computer, electronic and optical products",CHN,China (People’s Republic of),PT_EXGR,2003,24.866,0
EXGR_PSH,"Gross exports, destination partner shares",KOR,Korea,C26,"Manufacture of computer, electronic and optical products",AUT,Austria,PT_EXGR,2003,0.415,0
EXGR_PSH,"Gross exports, destination partner shares",KOR,Korea,C26,"Manufacture of computer, electronic and optical products",MYS,Malaysia,PT_EXGR,2003,2.391,0
EXGR_PSH,"Gross exports, destination partner shares",KOR,Korea,C26,"Manufacture of computer, electronic and optical products",NOR,Norway,PT_EXGR,2003,0.133,0
EXGR_PSH,"Gross exports, destination partner shares",KOR,Korea,C26,"Manufacture of computer, electronic and optical products",EU27_2020,European Union (27 countries from 01/02/2020),PT_EXGR,2003,11.6,0
EXGR_PSH,"Gross exports, destination partner shares",KOR,Korea,C26,"Manufacture of computer, electronic and optical products",CHE,Switzerland,PT_EXGR,2003,0.091,0
EXGR_PSH,"Gross exports, destination partner shares",KOR,Korea,C26,"Manufacture of computer, electronic and optical products",DNK,Denmark,PT_EXGR,2003,0.063,0
EXGR_PSH,"Gross exports, destination partner shares",KOR,Korea,C26,"Manufacture of computer, electronic and optical products",JPN,Japan,PT_EXGR,2003,9.004,0
EXGR_PSH,"Gross exports, destination partner shares",KOR,Korea,C26,"Manufacture of computer, electronic and optical products",BEL,Belgium,PT_EXGR,2003,0.22,0
EXGR_PSH,"Gross exports, destination partner shares",KOR,Korea,C26,"Manufacture of computer, electronic and optical products",PER,Peru,PT_EXGR,2003,0.082,0
EXGR_PSH,"Gross exports, destination partner shares",KOR,Korea,C26,"Manufacture of computer, electronic and optical products",USA,United States,PT_EXGR,2003,20.258,0
EXGR_PSH,"Gross exports, destination partner shares",KOR,Korea,C26,"Manufacture of computer, electronic and optical products",FRA,France,PT_EXGR,2003,1.639,0
EXGR_PSH,"Gross exports, destination partner shares",KOR,Korea,C26,"Manufacture of computer, electronic and optical products",POL,Poland,PT_EXGR,2003,0.367,0
EXGR_PSH,"Gross exports, destination partner shares",KOR,Korea,C26,"Manufacture of computer, electronic and optical products",PRT,Portugal,PT_EXGR,2003,0.122,0
EXGR_PSH,"Gross exports, destination partner shares",KOR,Korea,C26,"Manufacture of computer, electronic and optical products",ISR,Israel,PT_EXGR,2003,0.25,0
EXGR_PSH,"Gross exports, destination partner shares",KOR,Korea,C26,"Manufacture of computer, electronic and optical products",EU15,European Union (15 countries),PT_EXGR,2003,12.927,0
EXGR_PSH,"Gross exports, destination partner shares",KOR,Korea,C26,"Manufacture of computer, electronic and optical products",WXD,Rest of the world,PT_EXGR,2003,2.315,0
EXGR_PSH,"Gross exports, destination partner shares",KOR,Korea,C26,"Manufacture of computer, electronic and optical products",EA19,Euro area (19 countries),PT_EXGR,2003,9.412,0
EXGR_PSH,"Gross exports, destination partner shares",KOR,Korea,C26,"Manufacture of computer, electronic and optical products",FIN,Finland,PT_EXGR,2003,0.379,0
EXGR_PSH,"Gross exports, destination partner shares",KOR,Korea,C26,"Manufacture of computer, electronic and optical products",ROU,Romania,PT_EXGR,2003,0.076,0
EXGR_PSH,"Gross exports, destination partner shares",KOR,Korea,C26,"Manufacture of computer, electronic and optical products",KAZ,Kazakhstan,PT_EXGR,2003,0.062,0
EXGR_PSH,"Gross exports, destination partner shares",KOR,Korea,C26,"Manufacture of computer, electronic and optical products",MAR,Morocco,PT_EXGR,2003,0.053,0
EXGR_PSH,"Gross exports, destination partner shares",KOR,Korea,C26,"Manufacture of computer, electronic and optical products",RUS,Russia,PT_EXGR,2003,0.618,0
EXGR_PSH,"Gross exports, destination partner shares",KOR,Korea,C26,"Manufacture of computer, electronic and optical products",ARE,United Arab Emirates,PT_EXGR,2003,0.436,0
EXGR_PSH,"Gross exports, destination partner shares",KOR,Korea,C26,"Manufacture of computer, electronic and optical products",VNM,Viet Nam,PT_EXGR,2003,0.217,0
EXGR_PSH,"Gross exports, destination partner shares",KOR,Korea,C26,"Manufacture of computer, electronic and optical products",CAN,Canada,PT_EXGR,2003,1.665,0
EXGR_PSH,"Gross exports, destination partner shares",KOR,Korea,C26,"Manufacture of computer, electronic and optical products",GBR,United Kingdom,PT_EXGR,2003,3.301,0
EXGR_PSH,"Gross exports, destination partner shares",KOR,Korea,C26,"Manufacture of computer, electronic and optical products",ITA,Italy,PT_EXGR,2003,1.143,0
EXGR_PSH,"Gross exports, destination partner shares",KOR,Korea,C26,"Manufacture of computer, electronic and optical products",UKR,Ukraine,PT_EXGR,2003,0.014,0
EXGR_PSH,"Gross exports, destination partner shares",KOR,Korea,C26,"Manufacture of computer, electronic and optical products",PHL,Philippines,PT_EXGR,2003,0.834,0
EXGR_PSH,"Gross exports, destination partner shares",KOR,Korea,C26,"Manufacture of computer, electronic and optical products",DEU,Germany,PT_EXGR,2003,3.628,0
EXGR_PSH,"Gross exports, destination partner shares",KOR,Korea,C26,"Manufacture of computer, electronic and optical products",ASEAN,ASEAN,PT_EXGR,2003,6.23,0
EXGR_PSH,"Gross exports, destination partner shares",KOR,Korea,C26,"Manufacture of computer, electronic and optical products",OECD,OECD,PT_EXGR,2003,52.162,0
EXGR_PSH,"Gross exports, destination partner shares",KOR,Korea,C26,"Manufacture of computer, electronic and optical products",A5_A7,South and Central America,PT_EXGR,2003,1.621,0
EXGR_PSH,"Gross exports, destination partner shares",KOR,Korea,C26,"Manufacture of computer, electronic and optical products",SGP,Singapore,PT_EXGR,2003,0.282,0
EXGR_PSH,"Gross exports, destination partner shares",KOR,Korea,C26,"Manufacture of computer, electronic and optical products",S2,Eastern Asia,PT_EXGR,2003,43.012,0
EXGR_PSH,"Gross exports, destination partner shares",KOR,Korea,C26,"Manufacture of computer, electronic and optical products",ARG,Argentina,PT_EXGR,2003,0.074,0
EXGR_PSH,"Gross exports, destination partner shares",KOR,Korea,C26,"Manufacture of computer, electronic and optical products",AUS,Australia,PT_EXGR,2003,1.947,0
EXGR_PSH,"Gross exports, destination partner shares",KOR,Korea,C26,"Manufacture of computer, electronic and optical products",NZL,New Zealand,PT_EXGR,2003,0.182,0
EXGR_PSH,"Gross exports, destination partner shares",KOR,Korea,C26,"Manufacture of computer, electronic and optical products",TUR,Türkiye,PT_EXGR,2003,0.245,0
EXGR_PSH,"Gross exports, destination partner shares",KOR,Korea,C26,"Manufacture of computer, electronic and optical products",EU28,European Union (28 countries),PT_EXGR,2003,14.9,0
EXGR_PSH,"Gross exports, destination partner shares",KOR,Korea,C26,"Manufacture of computer, electronic and optical products",CZE,Czechia,PT_EXGR,2003,0.249,0
EXGR_PSH,"Gross exports, destination partner shares",KOR,Korea,C26,"Manufacture of computer, electronic and optical products",SWE,Sweden,PT_EXGR,2003,0.347,0
EXGR_PSH,"Gross exports, destination partner shares",KOR,Korea,C26,"Manufacture of computer, electronic and optical products",EU28XEU15,European Union 28 excluding European Union 15 countries,PT_EXGR,2003,1.974,0
EXGR_PSH,"Gross exports, destination partner shares",KOR,Korea,C26,"Manufacture of computer, electronic and optical products",MEX,Mexico,PT_EXGR,2003,3.439,0
EXGR_PSH,"Gross exports, destination partner shares",KOR,Korea,C26,"Manufacture of computer, electronic and optical products",TWN,Chinese Taipei,PT_EXGR,2003,9.101,0
EXGR_PSH,"Gross exports, destination partner shares",KOR,Korea,C26,"Manufacture of computer, electronic and optical products",ESP,Spain,PT_EXGR,2003,1.028,0
EXGR_PSH,"Gross exports, destination partner shares",KOR,Korea,C26,"Manufacture of computer, electronic and optical products",LVA,Latvia,PT_EXGR,2003,0.009,0
EXGR_PSH,"Gross exports, destination partner shares",KOR,Korea,C26,"Manufacture of computer, electronic and optical products",HUN,Hungary,PT_EXGR,2003,1.002,0
EXGR_PSH,"Gross exports, destination partner shares",KOR,Korea,C26,"Manufacture of computer, electronic and optical products",E,Europe,PT_EXGR,2003,15.765,0
EXGR_PSH,"Gross exports, destination partner shares",KOR,Korea,C26,"Manufacture of computer, electronic and optical products",G20,G20,PT_EXGR,2003,81.299,0
EXGR_PSH,"Gross exports, destination partner shares",KOR,Korea,C26,"Manufacture of computer, electronic and optical products",AGO,Angola,PT_EXGR,2003,0.002,0
EXGR_PSH,"Gross exports, destination partner shares",KOR,Korea,C26,"Manufacture of computer, electronic and optical products",LUX,Luxembourg,PT_EXGR,2003,0.004,0
EXGR_PSH,"Gross exports, destination partner shares",KOR,Korea,C26,"Manufacture of computer, electronic and optical products",WXOECD,Non-OECD economies,PT_EXGR,2003,47.838,0
EXGR_PSH,"Gross exports, destination partner shares",KOR,Korea,C26,"Manufacture of computer, electronic and optical products",NLD,Netherlands,PT_EXGR,2003,0.061,0
EXGR_PSH,"Gross exports, destination partner shares",KOR,Korea,C26,"Manufacture of computer, electronic and optical products",BRA,Brazil,PT_EXGR,2003,1.256,0
EXGR_PSH,"Gross exports, destination partner shares",KOR,Korea,C26,"Manufacture of computer, electronic and optical products",IDN,Indonesia,PT_EXGR,2003,0.812,0
EXGR_PSH,"Gross exports, destination partner shares",KOR,Korea,C26,"Manufacture of computer, electronic and optical products",APEC,APEC,PT_EXGR,2003,77.459,0
EXGR_PSH,"Gross exports, destination partner shares",KOR,Korea,C26,"Manufacture of computer, electronic and optical products",THA,Thailand,PT_EXGR,2003,1.679,0
EXGR_PSH,"Gross exports, destination partner shares",KOR,Korea,C26,"Manufacture of computer, electronic and optical products",IND,India,PT_EXGR,2003,1.737,0
EXGR_PSH,"Gross exports, destination partner shares",KOR,Korea,C26,"Manufacture of computer, electronic and optical products",IRL,Ireland,PT_EXGR,2003,0.451,0
EXGR_PSH,"Gross exports, destination partner shares",KOR,Korea,C26,"Manufacture of computer, electronic and optical products",PAK,Pakistan,PT_EXGR,2003,0.064,0
EXGR_PSH,"Gross exports, destination partner shares",KOR,Korea,C26,"Manufacture of computer, electronic and optical products",W_O,Other countries,PT_EXGR,2003,7.531,0
EXGR_PSH,"Gross exports, destination partner shares",KOR,Korea,C26,"Manufacture of computer, electronic and optical products",TUN,Tunisia,PT_EXGR,2003,0.03,0
EXGR_PSH,"Gross exports, destination partner shares",KOR,Korea,C26,"Manufacture of computer, electronic and optical products",SAU,Saudi Arabia,PT_EXGR,2003,0.264,0
EXGR_PSH,"Gross exports, destination partner shares",KOR,Korea,C26,"Manufacture of computer, electronic and optical products",LTU,Lithuania,PT_EXGR,2008,0.013,0
EXGR_PSH,"Gross exports, destination partner shares",KOR,Korea,C26,"Manufacture of computer, electronic and optical products",GRC,Greece,PT_EXGR,2008,0.101,0
EXGR_PSH,"Gross exports, destination partner shares",KOR,Korea,C26,"Manufacture of computer, electronic and optical products",BLR,Belarus,PT_EXGR,2008,0.021,0
EXGR_PSH,"Gross exports, destination partner shares",KOR,Korea,C26,"Manufacture of computer, electronic and optical products",HKG,Hong Kong (China),PT_EXGR,2008,0.031,0
EXGR_PSH,"Gross exports, destination partner shares",KOR,Korea,C26,"Manufacture of computer, electronic and optical products",F,Africa,PT_EXGR,2008,0.447,0
EXGR_PSH,"Gross exports, destination partner shares",KOR,Korea,C26,"Manufacture of computer, electronic and optical products",SVN,Slovenia,PT_EXGR,2008,0.037,0
EXGR_PSH,"Gross exports, destination partner shares",KOR,Korea,C26,"Manufacture of computer, electronic and optical products",ZAF,South Africa,PT_EXGR,2008,0.243,0
EXGR_PSH,"Gross exports, destination partner shares",KOR,Korea,C26,"Manufacture of computer, electronic and optical products",S2_S8,Eastern and South-eastern Asia,PT_EXGR,2008,56.511,0
EXGR_PSH,"Gross exports, destination partner shares",KOR,Korea,C26,"Manufacture of computer, electronic and optical products",NAFTA,NAFTA,PT_EXGR,2008,17.131,0
EXGR_PSH,"Gross exports, destination partner shares",KOR,Korea,C26,"Manufacture of computer, electronic and optical products",COL,Colombia,PT_EXGR,2008,0.11,0
EXGR_PSH,"Gross exports, destination partner shares",KOR,Korea,C26,"Manufacture of computer, electronic and optical products",CIV,Côte d’Ivoire,PT_EXGR,2008,0.002,0
EXGR_PSH,"Gross exports, destination partner shares",KOR,Korea,C26,"Manufacture of computer, electronic and optical products",CHN,China (People’s Republic of),PT_EXGR,2008,36.899,0
EXGR_PSH,"Gross exports, destination partner shares",KOR,Korea,C26,"Manufacture of computer, electronic and optical products",NGA,Nigeria,PT_EXGR,2008,0.036,0
EXGR_PSH,"Gross exports, destination partner shares",KOR,Korea,C26,"Manufacture of computer, electronic and optical products",AUT,Austria,PT_EXGR,2008,0.292,0
EXGR_PSH,"Gross exports, destination partner shares",KOR,Korea,C26,"Manufacture of computer, electronic and optical products",MYS,Malaysia,PT_EXGR,2008,1.825,0
EXGR_PSH,"Gross exports, destination partner shares",KOR,Korea,C26,"Manufacture of computer, electronic and optical products",NOR,Norway,PT_EXGR,2008,0.13,0
EXGR_PSH,"Gross exports, destination partner shares",KOR,Korea,C26,"Manufacture of computer, electronic and optical products",EU27_2020,European Union (27 countries from 01/02/2020),PT_EXGR,2008,14.562,0
EXGR_PSH,"Gross exports, destination partner shares",KOR,Korea,C26,"Manufacture of computer, electronic and optical products",CHE,Switzerland,PT_EXGR,2008,0.082,0
EXGR_PSH,"Gross exports, destination partner shares",KOR,Korea,C26,"Manufacture of computer, electronic and optical products",DNK,Denmark,PT_EXGR,2008,0.021,0
EXGR_PSH,"Gross exports, destination partner shares",KOR,Korea,C26,"Manufacture of computer, electronic and optical products",BGR,Bulgaria,PT_EXGR,2008,0.05,0
EXGR_PSH,"Gross exports, destination partner shares",KOR,Korea,C26,"Manufacture of computer, electronic and optical products",JPN,Japan,PT_EXGR,2008,5.739,0
EXGR_PSH,"Gross exports, destination partner shares",KOR,Korea,C26,"Manufacture of computer, electronic and optical products",JOR,Jordan,PT_EXGR,2008,0.024,0
EXGR_PSH,"Gross exports, destination partner shares",KOR,Korea,C26,"Manufacture of computer, electronic and optical products",BEL,Belgium,PT_EXGR,2008,0.06,0
EXGR_PSH,"Gross exports, destination partner shares",KOR,Korea,C26,"Manufacture of computer, electronic and optical products",PER,Peru,PT_EXGR,2008,0.054,0
EXGR_PSH,"Gross exports, destination partner shares",KOR,Korea,C26,"Manufacture of computer, electronic and optical products",USA,United States,PT_EXGR,2008,9.693,0
EXGR_PSH,"Gross exports, destination partner shares",KOR,Korea,C26,"Manufacture of computer, electronic and optical products",FRA,France,PT_EXGR,2008,2.212,0
EXGR_PSH,"Gross exports, destination partner shares",KOR,Korea,C26,"Manufacture of computer, electronic and optical products",POL,Poland,PT_EXGR,2008,2.146,0
EXGR_PSH,"Gross exports, destination partner shares",KOR,Korea,C26,"Manufacture of computer, electronic and optical products",PRT,Portugal,PT_EXGR,2008,0.081,0
EXGR_PSH,"Gross exports, destination partner shares",KOR,Korea,C26,"Manufacture of computer, electronic and optical products",ISR,Israel,PT_EXGR,2008,0.206,0
EXGR_PSH,"Gross exports, destination partner shares",KOR,Korea,C26,"Manufacture of computer, electronic and optical products",EU15,European Union (15 countries),PT_EXGR,2008,11.006,0
EXGR_PSH,"Gross exports, destination partner shares",KOR,Korea,C26,"Manufacture of computer, electronic and optical products",WXD,Rest of the world,PT_EXGR,2008,1.863,0
EXGR_PSH,"Gross exports, destination partner shares",KOR,Korea,C26,"Manufacture of computer, electronic and optical products",EA19,Euro area (19 countries),PT_EXGR,2008,10.676,0
EXGR_PSH,"Gross exports, destination partner shares",KOR,Korea,C26,"Manufacture of computer, electronic and optical products",FIN,Finland,PT_EXGR,2008,1.375,0
EXGR_PSH,"Gross exports, destination partner shares",KOR,Korea,C26,"Manufacture of computer, electronic and optical products",ROU,Romania,PT_EXGR,2008,0.088,0
EXGR_PSH,"Gross exports, destination partner shares",KOR,Korea,C26,"Manufacture of computer, electronic and optical products",KAZ,Kazakhstan,PT_EXGR,2008,0.034,0
EXGR_PSH,"Gross exports, destination partner shares",KOR,Korea,C26,"Manufacture of computer, electronic and optical products",MAR,Morocco,PT_EXGR,2008,0.078,0
EXGR_PSH,"Gross exports, destination partner shares",KOR,Korea,C26,"Manufacture of computer, electronic and optical products",RUS,Russia,PT_EXGR,2008,1.572,0
EXGR_PSH,"Gross exports, destination partner shares",KOR,Korea,C26,"Manufacture of computer, electronic and optical products",ARE,United Arab Emirates,PT_EXGR,2008,0.086,0
EXGR_PSH,"Gross exports, destination partner shares",KOR,Korea,C26,"Manufacture of computer, electronic and optical products",VNM,Viet Nam,PT_EXGR,2008,0.253,0
EXGR_PSH,"Gross exports, destination partner shares",KOR,Korea,C26,"Manufacture of computer, electronic and optical products",CAN,Canada,PT_EXGR,2008,1.159,0
EXGR_PSH,"Gross exports, destination partner shares",KOR,Korea,C26,"Manufacture of computer, electronic and optical products",GBR,United Kingdom,PT_EXGR,2008,1.595,0
EXGR_PSH,"Gross exports, destination partner shares",KOR,Korea,C26,"Manufacture of computer, electronic and optical products",ITA,Italy,PT_EXGR,2008,0.705,0
EXGR_PSH,"Gross exports, destination partner shares",KOR,Korea,C26,"Manufacture of computer, electronic and optical products",COD,Democratic Republic of the Congo,PT_EXGR,2008,0.002,0
EXGR_PSH,"Gross exports, destination partner shares",KOR,Korea,C26,"Manufacture of computer, electronic and optical products",UKR,Ukraine,PT_EXGR,2008,0.03,0
EXGR_PSH,"Gross exports, destination partner shares",KOR,Korea,C26,"Manufacture of computer, electronic and optical products",PHL,Philippines,PT_EXGR,2008,0.449,0
EXGR_PSH,"Gross exports, destination partner shares",KOR,Korea,C26,"Manufacture of computer, electronic and optical products",EST,Estonia,PT_EXGR,2008,0.015,0
EXGR_PSH,"Gross exports, destination partner shares",KOR,Korea,C26,"Manufacture of computer, electronic and optical products",DEU,Germany,PT_EXGR,2008,2.86,0
EXGR_PSH,"Gross exports, destination partner shares",KOR,Korea,C26,"Manufacture of computer, electronic and optical products",CYP,Cyprus,PT_EXGR,2008,0.005,0
EXGR_PSH,"Gross exports, destination partner shares",KOR,Korea,C26,"Manufacture of computer, electronic and optical products",ASEAN,ASEAN,PT_EXGR,2008,5.95,0
EXGR_PSH,"Gross exports, destination partner shares",KOR,Korea,C26,"Manufacture of computer, electronic and optical products",OECD,OECD,PT_EXGR,2008,40.918,0
EXGR_PSH,"Gross exports, destination partner shares",KOR,Korea,C26,"Manufacture of computer, electronic and optical products",A5_A7,South and Central America,PT_EXGR,2008,3.195,0
EXGR_PSH,"Gross exports, destination partner shares",KOR,Korea,C26,"Manufacture of computer, electronic and optical products",SGP,Singapore,PT_EXGR,2008,1.866,0
EXGR_PSH,"Gross exports, destination partner shares",KOR,Korea,C26,"Manufacture of computer, electronic and optical products",S2,Eastern Asia,PT_EXGR,2008,50.561,0
EXGR_PSH,"Gross exports, destination partner shares",KOR,Korea,C26,"Manufacture of computer, electronic and optical products",ARG,Argentina,PT_EXGR,2008,0.128,0
EXGR_PSH,"Gross exports, destination partner shares",KOR,Korea,C26,"Manufacture of computer, electronic and optical products",AUS,Australia,PT_EXGR,2008,0.842,0
EXGR_PSH,"Gross exports, destination partner shares",KOR,Korea,C26,"Manufacture of computer, electronic and optical products",NZL,New Zealand,PT_EXGR,2008,0.088,0
EXGR_PSH,"Gross exports, destination partner shares",KOR,Korea,C26,"Manufacture of computer, electronic and optical products",TUR,Türkiye,PT_EXGR,2008,0.42,0
EXGR_PSH,"Gross exports, destination partner shares",KOR,Korea,C26,"Manufacture of computer, electronic and optical products",HRV,Croatia,PT_EXGR,2008,0.055,0
EXGR_PSH,"Gross exports, destination partner shares",KOR,Korea,C26,"Manufacture of computer, electronic and optical products",EU28,European Union (28 countries),PT_EXGR,2008,16.157,0
EXGR_PSH,"Gross exports, destination partner shares",KOR,Korea,C26,"Manufacture of computer, electronic and optical products",CZE,Czechia,PT_EXGR,2008,0.371,0
EXGR_PSH,"Gross exports, destination partner shares",KOR,Korea,C26,"Manufacture of computer, electronic and optical products",SWE,Sweden,PT_EXGR,2008,0.192,0
EXGR_PSH,"Gross exports, destination partner shares",KOR,Korea,C26,"Manufacture of computer, electronic and optical products",EU28XEU15,European Union 28 excluding European Union 15 countries,PT_EXGR,2008,5.151,0
EXGR_PSH,"Gross exports, destination partner shares",KOR,Korea,C26,"Manufacture of computer, electronic and optical products",MEX,Mexico,PT_EXGR,2008,6.279,0
EXGR_PSH,"Gross exports, destination partner shares",KOR,Korea,C26,"Manufacture of computer, electronic and optical products",TWN,Chinese Taipei,PT_EXGR,2008,7.893,0
EXGR_PSH,"Gross exports, destination partner shares",KOR,Korea,C26,"Manufacture of computer, electronic and optical products",ESP,Spain,PT_EXGR,2008,1.251,0
EXGR_PSH,"Gross exports, destination partner shares",KOR,Korea,C26,"Manufacture of computer, electronic and optical products",HUN,Hungary,PT_EXGR,2008,0.962,0
EXGR_PSH,"Gross exports, destination partner shares",KOR,Korea,C26,"Manufacture of computer, electronic and optical products",E,Europe,PT_EXGR,2008,17.998,0
EXGR_PSH,"Gross exports, destination partner shares",KOR,Korea,C26,"Manufacture of computer, electronic and optical products",G20,G20,PT_EXGR,2008,83.515,0
EXGR_PSH,"Gross exports, destination partner shares",KOR,Korea,C26,"Manufacture of computer, electronic and optical products",LUX,Luxembourg,PT_EXGR,2008,0.009,0
EXGR_PSH,"Gross exports, destination partner shares",KOR,Korea,C26,"Manufacture of computer, electronic and optical products",WXOECD,Non-OECD economies,PT_EXGR,2008,59.082,0
EXGR_PSH,"Gross exports, destination partner shares",KOR,Korea,C26,"Manufacture of computer, electronic and optical products",NLD,Netherlands,PT_EXGR,2008,0.058,0
EXGR_PSH,"Gross exports, destination partner shares",KOR,Korea,C26,"Manufacture of computer, electronic and optical products",BRA,Brazil,PT_EXGR,2008,2.676,0
EXGR_PSH,"Gross exports, destination partner shares",KOR,Korea,C26,"Manufacture of computer, electronic and optical products",CRI,Costa Rica,PT_EXGR,2008,0.016,0
EXGR_PSH,"Gross exports, destination partner shares",KOR,Korea,C26,"Manufacture of computer, electronic and optical products",IDN,Indonesia,PT_EXGR,2008,0.606,0
EXGR_PSH,"Gross exports, destination partner shares",KOR,Korea,C26,"Manufacture of computer, electronic and optical products",APEC,APEC,PT_EXGR,2008,76.379,0
EXGR_PSH,"Gross exports, destination partner shares",KOR,Korea,C26,"Manufacture of computer, electronic and optical products",THA,Thailand,PT_EXGR,2008,0.917,0
EXGR_PSH,"Gross exports, destination partner shares",KOR,Korea,C26,"Manufacture of computer, electronic and optical products",IND,India,PT_EXGR,2008,0.827,0
EXGR_PSH,"Gross exports, destination partner shares",KOR,Korea,C26,"Manufacture of computer, electronic and optical products",IRL,Ireland,PT_EXGR,2008,0.193,0
EXGR_PSH,"Gross exports, destination partner shares",KOR,Korea,C26,"Manufacture of computer, electronic and optical products",PAK,Pakistan,PT_EXGR,2008,0.02,0
EXGR_PSH,"Gross exports, destination partner shares",KOR,Korea,C26,"Manufacture of computer, electronic and optical products",W_O,Other countries,PT_EXGR,2008,4.718,0
EXGR_PSH,"Gross exports, destination partner shares",KOR,Korea,C26,"Manufacture of computer, electronic and optical products",MLT,Malta,PT_EXGR,2008,0.023,0
EXGR_PSH,"Gross exports, destination partner shares",KOR,Korea,C26,"Manufacture of computer, electronic and optical products",JOR,Jordan,PT_EXGR,2003,0.017,0
EXGR_PSH,"Gross exports, destination partner shares",KOR,Korea,C26,"Manufacture of computer, electronic and optical products",EST,Estonia,PT_EXGR,2003,0.012,0
EXGR_PSH,"Gross exports, destination partner shares",KOR,Korea,C26,"Manufacture of computer, electronic and optical products",BGD,Bangladesh,PT_EXGR,2003,0.01,0
EXGR_PSH,"Gross exports, destination partner shares",KOR,Korea,C26,"Manufacture of computer, electronic and optical products",BLR,Belarus,PT_EXGR,2003,0.006,0
EXGR_PSH,"Gross exports, destination partner shares",KOR,Korea,C26,"Manufacture of computer, electronic and optical products",BRN,Brunei Darussalam,PT_EXGR,2003,0.006,0
EXGR_PSH,"Gross exports, destination partner shares",KOR,Korea,C26,"Manufacture of computer, electronic and optical products",MMR,Myanmar,PT_EXGR,2003,0.005,0
EXGR_PSH,"Gross exports, destination partner shares",KOR,Korea,C26,"Manufacture of computer, electronic and optical products",CYP,Cyprus,PT_EXGR,2003,0.004,0
EXGR_PSH,"Gross exports, destination partner shares",KOR,Korea,C26,"Manufacture of computer, electronic and optical products",ISL,Iceland,PT_EXGR,2003,0.004,0
EXGR_PSH,"Gross exports, destination partner shares",KOR,Korea,C26,"Manufacture of computer, electronic and optical products",CIV,Côte d’Ivoire,PT_EXGR,2003,0.004,0
EXGR_PSH,"Gross exports, destination partner shares",KOR,Korea,C26,"Manufacture of computer, electronic and optical products",CRI,Costa Rica,PT_EXGR,2003,0.004,0
EXGR_PSH,"Gross exports, destination partner shares",KOR,Korea,C26,"Manufacture of computer, electronic and optical products",KHM,Cambodia,PT_EXGR,2003,0.004,0
EXGR_PSH,"Gross exports, destination partner shares",KOR,Korea,C26,"Manufacture of computer, electronic and optical products",BGD,Bangladesh,PT_EXGR,2008,0.032,0
EXGR_PSH,"Gross exports, destination partner shares",KOR,Korea,C26,"Manufacture of computer, electronic and optical products",AGO,Angola,PT_EXGR,2008,0.01,0
EXGR_PSH,"Gross exports, destination partner shares",KOR,Korea,C26,"Manufacture of computer, electronic and optical products",ISL,Iceland,PT_EXGR,2008,0.006,0
EXGR_PSH,"Gross exports, destination partner shares",KOR,Korea,C26,"Manufacture of computer, electronic and optical products",COD,Democratic Republic of the Congo,PT_EXGR,2003,0.003,0
EXGR_PSH,"Gross exports, destination partner shares",KOR,Korea,C26,"Manufacture of computer, electronic and optical products",MMR,Myanmar,PT_EXGR,2008,0.002,0
EXGR_PSH,"Gross exports, destination partner shares",KOR,Korea,C26,"Manufacture of computer, electronic and optical products",MLT,Malta,PT_EXGR,2003,0.002,0
EXGR_PSH,"Gross exports, destination partner shares",KOR,Korea,C26,"Manufacture of computer, electronic and optical products",SEN,Senegal,PT_EXGR,2008,0.001,0
EXGR_PSH,"Gross exports, destination partner shares",KOR,Korea,C26,"Manufacture of computer, electronic and optical products",CMR,Cameroon,PT_EXGR,2008,0.001,0
EXGR_PSH,"Gross exports, destination partner shares",KOR,Korea,C26,"Manufacture of computer, electronic and optical products",BRN,Brunei Darussalam,PT_EXGR,2008,0.001,0
EXGR_PSH,"Gross exports, destination partner shares",KOR,Korea,C26,"Manufacture of computer, electronic and optical products",SEN,Senegal,PT_EXGR,2003,0.001,0
EXGR_PSH,"Gross exports, destination partner shares",KOR,Korea,C26,"Manufacture of computer, electronic and optical products",CMR,Cameroon,PT_EXGR,2003,0.001,0
EXGR_PSH,"Gross exports, destination partner shares",KOR,Korea,C26,"Manufacture of computer, electronic and optical products",EGY,Egypt,PT_EXGR,2008,0.045,0
EXGR_PSH,"Gross exports, destination partner shares",KOR,Korea,C26,"Manufacture of computer, electronic and optical products",LVA,Latvia,PT_EXGR,2008,0.021,0
EXGR_PSH,"Gross exports, destination partner shares",KOR,Korea,C26,"Manufacture of computer, electronic and optical products",TUN,Tunisia,PT_EXGR,2008,0.029,0
EXGR_PSH,"Gross exports, destination partner shares",KOR,Korea,C26,"Manufacture of computer, electronic and optical products",SVN,Slovenia,PT_EXGR,2003,0.027,0
EXGR_PSH,"Gross exports, destination partner shares",KOR,Korea,C26,"Manufacture of computer, electronic and optical products",NGA,Nigeria,PT_EXGR,2003,0.107,0
EXGR_PSH,"Gross exports, destination partner shares",KOR,Korea,C26,"Manufacture of computer, electronic and optical products",EGY,Egypt,PT_EXGR,2003,0.065,0
EXGR_PSH,"Gross exports, destination partner shares",KOR,Korea,C26,"Manufacture of computer, electronic and optical products",BGR,Bulgaria,PT_EXGR,2003,0.023,0
EXGR_PSH,"Gross exports, destination partner shares",KOR,Korea,C26,"Manufacture of computer, electronic and optical products",HRV,Croatia,PT_EXGR,2003,0.061,0
EXGR_PSH,"Gross exports, destination partner shares",KOR,Korea,C26,"Manufacture of computer, electronic and optical products",CHL,Chile,PT_EXGR,2003,0.034,0
EXGR_PSH,"Gross exports, destination partner shares",KOR,Korea,C26,"Manufacture of computer, electronic and optical products",SVK,Slovak Republic,PT_EXGR,2003,0.113,0
EXGR_PSH,"Gross exports, destination partner shares",KOR,Korea,C26,"Manufacture of computer, electronic and optical products",W,World,PT_EXGR,2003,100,0
EXGR_PSH,"Gross exports, destination partner shares",KOR,Korea,C26,"Manufacture of computer, electronic and optical products",W,World,PT_EXGR,2008,100,0
EXGR_PSH,"Gross exports, destination partner shares",KOR,Korea,C26,"Manufacture of computer, electronic and optical products",KOR,Korea,PT_EXGR,2003,0,0
EXGR_PSH,"Gross exports, destination partner shares",KOR,Korea,C26,"Manufacture of computer, electronic and optical products",LAO,Lao People’s Democratic Republic,PT_EXGR,2003,0,0
EXGR_PSH,"Gross exports, destination partner shares",KOR,Korea,C26,"Manufacture of computer, electronic and optical products",STP,Sao Tome and Principe,PT_EXGR,2003,0,0
EXGR_PSH,"Gross exports, destination partner shares",KOR,Korea,C26,"Manufacture of computer, electronic and optical products",KOR,Korea,PT_EXGR,2008,0,0
EXGR_PSH,"Gross exports, destination partner shares",KOR,Korea,C26,"Manufacture of computer, electronic and optical products",LAO,Lao People’s Democratic Republic,PT_EXGR,2008,0,0
EXGR_PSH,"Gross exports, destination partner shares",KOR,Korea,C26,"Manufacture of computer, electronic and optical products",STP,Sao Tome and Principe,PT_EXGR,2008,0,0
EXGR_PSH,"Gross exports, destination partner shares",KOR,Korea,C26,"Manufacture of computer, electronic and optical products",GRC,Greece,PT_EXGR,2009,0.108,0
EXGR_PSH,"Gross exports, destination partner shares",KOR,Korea,C26,"Manufacture of computer, electronic and optical products",BLR,Belarus,PT_EXGR,2009,0.011,0
EXGR_PSH,"Gross exports, destination partner shares",KOR,Korea,C26,"Manufacture of computer, electronic and optical products",HKG,Hong Kong (China),PT_EXGR,2009,0.031,0
EXGR_PSH,"Gross exports, destination partner shares",KOR,Korea,C26,"Manufacture of computer, electronic and optical products",F,Africa,PT_EXGR,2009,0.488,0
EXGR_PSH,"Gross exports, destination partner shares",KOR,Korea,C26,"Manufacture of computer, electronic and optical products",SVN,Slovenia,PT_EXGR,2009,0.036,0
EXGR_PSH,"Gross exports, destination partner shares",KOR,Korea,C26,"Manufacture of computer, electronic and optical products",ZAF,South Africa,PT_EXGR,2009,0.27,0
EXGR_PSH,"Gross exports, destination partner shares",KOR,Korea,C26,"Manufacture of computer, electronic and optical products",S2_S8,Eastern and South-eastern Asia,PT_EXGR,2009,57.006,0
EXGR_PSH,"Gross exports, destination partner shares",KOR,Korea,C26,"Manufacture of computer, electronic and optical products",NAFTA,NAFTA,PT_EXGR,2009,18,0
EXGR_PSH,"Gross exports, destination partner shares",KOR,Korea,C26,"Manufacture of computer, electronic and optical products",SEN,Senegal,PT_EXGR,2009,0.008,0
EXGR_PSH,"Gross exports, destination partner shares",KOR,Korea,C26,"Manufacture of computer, electronic and optical products",COL,Colombia,PT_EXGR,2009,0.069,0
EXGR_PSH,"Gross exports, destination partner shares",KOR,Korea,C26,"Manufacture of computer, electronic and optical products",CIV,Côte d’Ivoire,PT_EXGR,2009,0.002,0
EXGR_PSH,"Gross exports, destination partner shares",KOR,Korea,C26,"Manufacture of computer, electronic and optical products",CHN,China (People’s Republic of),PT_EXGR,2009,38.46,0
EXGR_PSH,"Gross exports, destination partner shares",KOR,Korea,C26,"Manufacture of computer, electronic and optical products",NGA,Nigeria,PT_EXGR,2009,0.034,0
EXGR_PSH,"Gross exports, destination partner shares",KOR,Korea,C26,"Manufacture of computer, electronic and optical products",AUT,Austria,PT_EXGR,2009,0.324,0
EXGR_PSH,"Gross exports, destination partner shares",KOR,Korea,C26,"Manufacture of computer, electronic and optical products",MYS,Malaysia,PT_EXGR,2009,2.066,0
EXGR_PSH,"Gross exports, destination partner shares",KOR,Korea,C26,"Manufacture of computer, electronic and optical products",EGY,Egypt,PT_EXGR,2009,0.051,0
EXGR_PSH,"Gross exports, destination partner shares",KOR,Korea,C26,"Manufacture of computer, electronic and optical products",NOR,Norway,PT_EXGR,2009,0.15,0
EXGR_PSH,"Gross exports, destination partner shares",KOR,Korea,C26,"Manufacture of computer, electronic and optical products",EU27_2020,European Union (27 countries from 01/02/2020),PT_EXGR,2009,13.377,0
EXGR_PSH,"Gross exports, destination partner shares",KOR,Korea,C26,"Manufacture of computer, electronic and optical products",CHE,Switzerland,PT_EXGR,2009,0.074,0
EXGR_PSH,"Gross exports, destination partner shares",KOR,Korea,C26,"Manufacture of computer, electronic and optical products",DNK,Denmark,PT_EXGR,2009,0.015,0
EXGR_PSH,"Gross exports, destination partner shares",KOR,Korea,C26,"Manufacture of computer, electronic and optical products",BGR,Bulgaria,PT_EXGR,2009,0.057,0
EXGR_PSH,"Gross exports, destination partner shares",KOR,Korea,C26,"Manufacture of computer, electronic and optical products",JPN,Japan,PT_EXGR,2009,4.838,0
EXGR_PSH,"Gross exports, destination partner shares",KOR,Korea,C26,"Manufacture of computer, electronic and optical products",JOR,Jordan,PT_EXGR,2009,0.023,0
EXGR_PSH,"Gross exports, destination partner shares",KOR,Korea,C26,"Manufacture of computer, electronic and optical products",BEL,Belgium,PT_EXGR,2009,0.053,0
EXGR_PSH,"Gross exports, destination partner shares",KOR,Korea,C26,"Manufacture of computer, electronic and optical products",PER,Peru,PT_EXGR,2009,0.058,0
EXGR_PSH,"Gross exports, destination partner shares",KOR,Korea,C26,"Manufacture of computer, electronic and optical products",USA,United States,PT_EXGR,2009,10.999,0
EXGR_PSH,"Gross exports, destination partner shares",KOR,Korea,C26,"Manufacture of computer, electronic and optical products",BGD,Bangladesh,PT_EXGR,2009,0.044,0
EXGR_PSH,"Gross exports, destination partner shares",KOR,Korea,C26,"Manufacture of computer, electronic and optical products",FRA,France,PT_EXGR,2009,1.682,0
EXGR_PSH,"Gross exports, destination partner shares",KOR,Korea,C26,"Manufacture of computer, electronic and optical products",POL,Poland,PT_EXGR,2009,2.127,0
EXGR_PSH,"Gross exports, destination partner shares",KOR,Korea,C26,"Manufacture of computer, electronic and optical products",PRT,Portugal,PT_EXGR,2009,0.075,0
EXGR_PSH,"Gross exports, destination partner shares",KOR,Korea,C26,"Manufacture of computer, electronic and optical products",ISR,Israel,PT_EXGR,2009,0.179,0
EXGR_PSH,"Gross exports, destination partner shares",KOR,Korea,C26,"Manufacture of computer, electronic and optical products",EU15,European Union (15 countries),PT_EXGR,2009,8.968,0
EXGR_PSH,"Gross exports, destination partner shares",KOR,Korea,C26,"Manufacture of computer, electronic and optical products",WXD,Rest of the world,PT_EXGR,2009,2.267,0
EXGR_PSH,"Gross exports, destination partner shares",KOR,Korea,C26,"Manufacture of computer, electronic and optical products",EA19,Euro area (19 countries),PT_EXGR,2009,9.253,0
EXGR_PSH,"Gross exports, destination partner shares",KOR,Korea,C26,"Manufacture of computer, electronic and optical products",FIN,Finland,PT_EXGR,2009,0.435,0
EXGR_PSH,"Gross exports, destination partner shares",KOR,Korea,C26,"Manufacture of computer, electronic and optical products",ROU,Romania,PT_EXGR,2009,0.039,0
EXGR_PSH,"Gross exports, destination partner shares",KOR,Korea,C26,"Manufacture of computer, electronic and optical products",KAZ,Kazakhstan,PT_EXGR,2009,0.041,0
EXGR_PSH,"Gross exports, destination partner shares",KOR,Korea,C26,"Manufacture of computer, electronic and optical products",MAR,Morocco,PT_EXGR,2009,0.078,0
EXGR_PSH,"Gross exports, destination partner shares",KOR,Korea,C26,"Manufacture of computer, electronic and optical products",RUS,Russia,PT_EXGR,2009,1.208,0
EXGR_PSH,"Gross exports, destination partner shares",KOR,Korea,C26,"Manufacture of computer, electronic and optical products",ARE,United Arab Emirates,PT_EXGR,2009,0.553,0
EXGR_PSH,"Gross exports, destination partner shares",KOR,Korea,C26,"Manufacture of computer, electronic and optical products",VNM,Viet Nam,PT_EXGR,2009,0.526,0
EXGR_PSH,"Gross exports, destination partner shares",KOR,Korea,C26,"Manufacture of computer, electronic and optical products",CAN,Canada,PT_EXGR,2009,1.096,0
EXGR_PSH,"Gross exports, destination partner shares",KOR,Korea,C26,"Manufacture of computer, electronic and optical products",MMR,Myanmar,PT_EXGR,2009,0.004,0
EXGR_PSH,"Gross exports, destination partner shares",KOR,Korea,C26,"Manufacture of computer, electronic and optical products",GBR,United Kingdom,PT_EXGR,2009,1.193,0
EXGR_PSH,"Gross exports, destination partner shares",KOR,Korea,C26,"Manufacture of computer, electronic and optical products",ITA,Italy,PT_EXGR,2009,0.545,0
EXGR_PSH,"Gross exports, destination partner shares",KOR,Korea,C26,"Manufacture of computer, electronic and optical products",UKR,Ukraine,PT_EXGR,2009,0.012,0
EXGR_PSH,"Gross exports, destination partner shares",KOR,Korea,C26,"Manufacture of computer, electronic and optical products",PHL,Philippines,PT_EXGR,2009,0.956,0
EXGR_PSH,"Gross exports, destination partner shares",KOR,Korea,C26,"Manufacture of computer, electronic and optical products",EST,Estonia,PT_EXGR,2009,0.009,0
EXGR_PSH,"Gross exports, destination partner shares",KOR,Korea,C26,"Manufacture of computer, electronic and optical products",DEU,Germany,PT_EXGR,2009,3.436,0
EXGR_PSH,"Gross exports, destination partner shares",KOR,Korea,C26,"Manufacture of computer, electronic and optical products",ASEAN,ASEAN,PT_EXGR,2009,7.255,0
EXGR_PSH,"Gross exports, destination partner shares",KOR,Korea,C26,"Manufacture of computer, electronic and optical products",OECD,OECD,PT_EXGR,2009,39.243,0
EXGR_PSH,"Gross exports, destination partner shares",KOR,Korea,C26,"Manufacture of computer, electronic and optical products",A5_A7,South and Central America,PT_EXGR,2009,2.357,0
EXGR_PSH,"Gross exports, destination partner shares",KOR,Korea,C26,"Manufacture of computer, electronic and optical products",SGP,Singapore,PT_EXGR,2009,2.204,0
EXGR_PSH,"Gross exports, destination partner shares",KOR,Korea,C26,"Manufacture of computer, electronic and optical products",S2,Eastern Asia,PT_EXGR,2009,49.751,0
EXGR_PSH,"Gross exports, destination partner shares",KOR,Korea,C26,"Manufacture of computer, electronic and optical products",ARG,Argentina,PT_EXGR,2009,0.109,0
EXGR_PSH,"Gross exports, destination partner shares",KOR,Korea,C26,"Manufacture of computer, electronic and optical products",AUS,Australia,PT_EXGR,2009,0.915,0
EXGR_PSH,"Gross exports, destination partner shares",KOR,Korea,C26,"Manufacture of computer, electronic and optical products",NZL,New Zealand,PT_EXGR,2009,0.078,0
EXGR_PSH,"Gross exports, destination partner shares",KOR,Korea,C26,"Manufacture of computer, electronic and optical products",TUR,Türkiye,PT_EXGR,2009,0.307,0
EXGR_PSH,"Gross exports, destination partner shares",KOR,Korea,C26,"Manufacture of computer, electronic and optical products",HRV,Croatia,PT_EXGR,2009,0.042,0
EXGR_PSH,"Gross exports, destination partner shares",KOR,Korea,C26,"Manufacture of computer, electronic and optical products",EU28,European Union (28 countries),PT_EXGR,2009,14.57,0
EXGR_PSH,"Gross exports, destination partner shares",KOR,Korea,C26,"Manufacture of computer, electronic and optical products",CZE,Czechia,PT_EXGR,2009,0.405,0
EXGR_PSH,"Gross exports, destination partner shares",KOR,Korea,C26,"Manufacture of computer, electronic and optical products",SWE,Sweden,PT_EXGR,2009,0.118,0
EXGR_PSH,"Gross exports, destination partner shares",KOR,Korea,C26,"Manufacture of computer, electronic and optical products",EU28XEU15,European Union 28 excluding European Union 15 countries,PT_EXGR,2009,5.602,0
EXGR_PSH,"Gross exports, destination partner shares",KOR,Korea,C26,"Manufacture of computer, electronic and optical products",MEX,Mexico,PT_EXGR,2009,5.906,0
EXGR_PSH,"Gross exports, destination partner shares",KOR,Korea,C26,"Manufacture of computer, electronic and optical products",TWN,Chinese Taipei,PT_EXGR,2009,6.423,0
EXGR_PSH,"Gross exports, destination partner shares",KOR,Korea,C26,"Manufacture of computer, electronic and optical products",ESP,Spain,PT_EXGR,2009,0.745,0
EXGR_PSH,"Gross exports, destination partner shares",KOR,Korea,C26,"Manufacture of computer, electronic and optical products",LVA,Latvia,PT_EXGR,2009,0.009,0
EXGR_PSH,"Gross exports, destination partner shares",KOR,Korea,C26,"Manufacture of computer, electronic and optical products",HUN,Hungary,PT_EXGR,2009,1.32,0
EXGR_PSH,"Gross exports, destination partner shares",KOR,Korea,C26,"Manufacture of computer, electronic and optical products",E,Europe,PT_EXGR,2009,16.029,0
EXGR_PSH,"Gross exports, destination partner shares",KOR,Korea,C26,"Manufacture of computer, electronic and optical products",G20,G20,PT_EXGR,2009,82.813,0
EXGR_PSH,"Gross exports, destination partner shares",KOR,Korea,C26,"Manufacture of computer, electronic and optical products",AGO,Angola,PT_EXGR,2009,0.015,0
EXGR_PSH,"Gross exports, destination partner shares",KOR,Korea,C26,"Manufacture of computer, electronic and optical products",WXOECD,Non-OECD economies,PT_EXGR,2009,60.757,0
EXGR_PSH,"Gross exports, destination partner shares",KOR,Korea,C26,"Manufacture of computer, electronic and optical products",NLD,Netherlands,PT_EXGR,2009,0.061,0
EXGR_PSH,"Gross exports, destination partner shares",KOR,Korea,C26,"Manufacture of computer, electronic and optical products",BRA,Brazil,PT_EXGR,2009,1.891,0
EXGR_PSH,"Gross exports, destination partner shares",KOR,Korea,C26,"Manufacture of computer, electronic and optical products",IDN,Indonesia,PT_EXGR,2009,0.549,0
EXGR_PSH,"Gross exports, destination partner shares",KOR,Korea,C26,"Manufacture of computer, electronic and optical products",APEC,APEC,PT_EXGR,2009,77.47,0
EXGR_PSH,"Gross exports, destination partner shares",KOR,Korea,C26,"Manufacture of computer, electronic and optical products",THA,Thailand,PT_EXGR,2009,0.942,0
EXGR_PSH,"Gross exports, destination partner shares",KOR,Korea,C26,"Manufacture of computer, electronic and optical products",IND,India,PT_EXGR,2009,1.187,0
EXGR_PSH,"Gross exports, destination partner shares",KOR,Korea,C26,"Manufacture of computer, electronic and optical products",CMR,Cameroon,PT_EXGR,2009,0.001,0
EXGR_PSH,"Gross exports, destination partner shares",KOR,Korea,C26,"Manufacture of computer, electronic and optical products",IRL,Ireland,PT_EXGR,2009,0.173,0
EXGR_PSH,"Gross exports, destination partner shares",KOR,Korea,C26,"Manufacture of computer, electronic and optical products",PAK,Pakistan,PT_EXGR,2009,0.017,0
EXGR_PSH,"Gross exports, destination partner shares",KOR,Korea,C26,"Manufacture of computer, electronic and optical products",W_O,Other countries,PT_EXGR,2009,6.119,0
EXGR_PSH,"Gross exports, destination partner shares",KOR,Korea,C26,"Manufacture of computer, electronic and optical products",MLT,Malta,PT_EXGR,2009,0.029,0
EXGR_PSH,"Gross exports, destination partner shares",KOR,Korea,C26,"Manufacture of computer, electronic and optical products",TUN,Tunisia,PT_EXGR,2009,0.027,0
EXGR_PSH,"Gross exports, destination partner shares",KOR,Korea,C26,"Manufacture of computer, electronic and optical products",CHL,Chile,PT_EXGR,2009,0.216,0
EXGR_PSH,"Gross exports, destination partner shares",KOR,Korea,C26,"Manufacture of computer, electronic and optical products",KHM,Cambodia,PT_EXGR,2009,0.006,0
EXGR_PSH,"Gross exports, destination partner shares",KOR,Korea,C26,"Manufacture of computer, electronic and optical products",SVK,Slovak Republic,PT_EXGR,2009,1.518,0
EXGR_PSH,"Gross exports, destination partner shares",KOR,Korea,C26,"Manufacture of computer, electronic and optical products",SAU,Saudi Arabia,PT_EXGR,2009,0.51,0
EXGR_PSH,"Gross exports, destination partner shares",KOR,Korea,C26,"Manufacture of computer, electronic and optical products",CRI,Costa Rica,PT_EXGR,2009,0.014,0
EXGR_PSH,"Gross exports, destination partner shares",KOR,Korea,C26,"Manufacture of computer, electronic and optical products",LUX,Luxembourg,PT_EXGR,2009,0.007,0
EXGR_PSH,"Gross exports, destination partner shares",KOR,Korea,C26,"Manufacture of computer, electronic and optical products",LTU,Lithuania,PT_EXGR,2009,0.006,0
EXGR_PSH,"Gross exports, destination partner shares",KOR,Korea,C26,"Manufacture of computer, electronic and optical products",ISL,Iceland,PT_EXGR,2009,0.004,0
EXGR_PSH,"Gross exports, destination partner shares",KOR,Korea,C26,"Manufacture of computer, electronic and optical products",CYP,Cyprus,PT_EXGR,2009,0.003,0
EXGR_PSH,"Gross exports, destination partner shares",KOR,Korea,C26,"Manufacture of computer, electronic and optical products",COD,Democratic Republic of the Congo,PT_EXGR,2009,0.002,0
EXGR_PSH,"Gross exports, destination partner shares",KOR,Korea,C26,"Manufacture of computer, electronic and optical products",BRN,Brunei Darussalam,PT_EXGR,2009,0.002,0
EXGR_PSH,"Gross exports, destination partner shares",KOR,Korea,C26,"Manufacture of computer, electronic and optical products",W,World,PT_EXGR,2009,100,0
EXGR_PSH,"Gross exports, destination partner shares",KOR,Korea,C26,"Manufacture of computer, electronic and optical products",KOR,Korea,PT_EXGR,2009,0,0
EXGR_PSH,"Gross exports, destination partner shares",KOR,Korea,C26,"Manufacture of computer, electronic and optical products",LAO,Lao People’s Democratic Republic,PT_EXGR,2009,0,0
EXGR_PSH,"Gross exports, destination partner shares",KOR,Korea,C26,"Manufacture of computer, electronic and optical products",STP,Sao Tome and Principe,PT_EXGR,2009,0,0
EXGR_PSH,"Gross exports, destination partner shares",KOR,Korea,C26,"Manufacture of computer, electronic and optical products",LTU,Lithuania,PT_EXGR,2007,0.005,0
EXGR_PSH,"Gross exports, destination partner shares",KOR,Korea,C26,"Manufacture of computer, electronic and optical products",GRC,Greece,PT_EXGR,2007,0.106,0
EXGR_PSH,"Gross exports, destination partner shares",KOR,Korea,C26,"Manufacture of computer, electronic and optical products",BLR,Belarus,PT_EXGR,2007,0.015,0
EXGR_PSH,"Gross exports, destination partner shares",KOR,Korea,C26,"Manufacture of computer, electronic and optical products",HKG,Hong Kong (China),PT_EXGR,2007,0.037,0
EXGR_PSH,"Gross exports, destination partner shares",KOR,Korea,C26,"Manufacture of computer, electronic and optical products",F,Africa,PT_EXGR,2007,0.45,0
EXGR_PSH,"Gross exports, destination partner shares",KOR,Korea,C26,"Manufacture of computer, electronic and optical products",SVN,Slovenia,PT_EXGR,2007,0.029,0
EXGR_PSH,"Gross exports, destination partner shares",KOR,Korea,C26,"Manufacture of computer, electronic and optical products",ZAF,South Africa,PT_EXGR,2007,0.286,0
EXGR_PSH,"Gross exports, destination partner shares",KOR,Korea,C26,"Manufacture of computer, electronic and optical products",S2_S8,Eastern and South-eastern Asia,PT_EXGR,2007,57.971,0
EXGR_PSH,"Gross exports, destination partner shares",KOR,Korea,C26,"Manufacture of computer, electronic and optical products",NAFTA,NAFTA,PT_EXGR,2007,17.109,0
EXGR_PSH,"Gross exports, destination partner shares",KOR,Korea,C26,"Manufacture of computer, electronic and optical products",COL,Colombia,PT_EXGR,2007,0.15,0
EXGR_PSH,"Gross exports, destination partner shares",KOR,Korea,C26,"Manufacture of computer, electronic and optical products",CIV,Côte d’Ivoire,PT_EXGR,2007,0.002,0
EXGR_PSH,"Gross exports, destination partner shares",KOR,Korea,C26,"Manufacture of computer, electronic and optical products",CHN,China (People’s Republic of),PT_EXGR,2007,36.869,0
EXGR_PSH,"Gross exports, destination partner shares",KOR,Korea,C26,"Manufacture of computer, electronic and optical products",NGA,Nigeria,PT_EXGR,2007,0.021,0
EXGR_PSH,"Gross exports, destination partner shares",KOR,Korea,C26,"Manufacture of computer, electronic and optical products",AUT,Austria,PT_EXGR,2007,0.17,0
EXGR_PSH,"Gross exports, destination partner shares",KOR,Korea,C26,"Manufacture of computer, electronic and optical products",MYS,Malaysia,PT_EXGR,2007,2.08,0
EXGR_PSH,"Gross exports, destination partner shares",KOR,Korea,C26,"Manufacture of computer, electronic and optical products",EGY,Egypt,PT_EXGR,2007,0.019,0
EXGR_PSH,"Gross exports, destination partner shares",KOR,Korea,C26,"Manufacture of computer, electronic and optical products",NOR,Norway,PT_EXGR,2007,0.106,0
EXGR_PSH,"Gross exports, destination partner shares",KOR,Korea,C26,"Manufacture of computer, electronic and optical products",EU27_2020,European Union (27 countries from 01/02/2020),PT_EXGR,2007,14.476,0
EXGR_PSH,"Gross exports, destination partner shares",KOR,Korea,C26,"Manufacture of computer, electronic and optical products",CHE,Switzerland,PT_EXGR,2007,0.077,0
EXGR_PSH,"Gross exports, destination partner shares",KOR,Korea,C26,"Manufacture of computer, electronic and optical products",DNK,Denmark,PT_EXGR,2007,0.041,0
EXGR_PSH,"Gross exports, destination partner shares",KOR,Korea,C26,"Manufacture of computer, electronic and optical products",BGR,Bulgaria,PT_EXGR,2007,0.055,0
EXGR_PSH,"Gross exports, destination partner shares",KOR,Korea,C26,"Manufacture of computer, electronic and optical products",JPN,Japan,PT_EXGR,2007,6.872,0
EXGR_PSH,"Gross exports, destination partner shares",KOR,Korea,C26,"Manufacture of computer, electronic and optical products",PER,Peru,PT_EXGR,2007,0.088,0
EXGR_PSH,"Gross exports, destination partner shares",KOR,Korea,C26,"Manufacture of computer, electronic and optical products",USA,United States,PT_EXGR,2007,9.65,0
EXGR_PSH,"Gross exports, destination partner shares",KOR,Korea,C26,"Manufacture of computer, electronic and optical products",BGD,Bangladesh,PT_EXGR,2007,0.018,0
EXGR_PSH,"Gross exports, destination partner shares",KOR,Korea,C26,"Manufacture of computer, electronic and optical products",FRA,France,PT_EXGR,2007,2.265,0
EXGR_PSH,"Gross exports, destination partner shares",KOR,Korea,C26,"Manufacture of computer, electronic and optical products",POL,Poland,PT_EXGR,2007,1.64,0
EXGR_PSH,"Gross exports, destination partner shares",KOR,Korea,C26,"Manufacture of computer, electronic and optical products",PRT,Portugal,PT_EXGR,2007,0.091,0
EXGR_PSH,"Gross exports, destination partner shares",KOR,Korea,C26,"Manufacture of computer, electronic and optical products",ISR,Israel,PT_EXGR,2007,0.171,0
EXGR_PSH,"Gross exports, destination partner shares",KOR,Korea,C26,"Manufacture of computer, electronic and optical products",EU15,European Union (15 countries),PT_EXGR,2007,11.796,0
EXGR_PSH,"Gross exports, destination partner shares",KOR,Korea,C26,"Manufacture of computer, electronic and optical products",WXD,Rest of the world,PT_EXGR,2007,1.582,0
EXGR_PSH,"Gross exports, destination partner shares",KOR,Korea,C26,"Manufacture of computer, electronic and optical products",EA19,Euro area (19 countries),PT_EXGR,2007,10.897,0
EXGR_PSH,"Gross exports, destination partner shares",KOR,Korea,C26,"Manufacture of computer, electronic and optical products",FIN,Finland,PT_EXGR,2007,0.678,0
EXGR_PSH,"Gross exports, destination partner shares",KOR,Korea,C26,"Manufacture of computer, electronic and optical products",KAZ,Kazakhstan,PT_EXGR,2007,0.059,0
EXGR_PSH,"Gross exports, destination partner shares",KOR,Korea,C26,"Manufacture of computer, electronic and optical products",MAR,Morocco,PT_EXGR,2007,0.082,0
EXGR_PSH,"Gross exports, destination partner shares",KOR,Korea,C26,"Manufacture of computer, electronic and optical products",RUS,Russia,PT_EXGR,2007,1.337,0
EXGR_PSH,"Gross exports, destination partner shares",KOR,Korea,C26,"Manufacture of computer, electronic and optical products",ARE,United Arab Emirates,PT_EXGR,2007,0.075,0
EXGR_PSH,"Gross exports, destination partner shares",KOR,Korea,C26,"Manufacture of computer, electronic and optical products",VNM,Viet Nam,PT_EXGR,2007,0.284,0
EXGR_PSH,"Gross exports, destination partner shares",KOR,Korea,C26,"Manufacture of computer, electronic and optical products",CAN,Canada,PT_EXGR,2007,0.906,0
EXGR_PSH,"Gross exports, destination partner shares",KOR,Korea,C26,"Manufacture of computer, electronic and optical products",GBR,United Kingdom,PT_EXGR,2007,1.736,0
EXGR_PSH,"Gross exports, destination partner shares",KOR,Korea,C26,"Manufacture of computer, electronic and optical products",ITA,Italy,PT_EXGR,2007,0.972,0
EXGR_PSH,"Gross exports, destination partner shares",KOR,Korea,C26,"Manufacture of computer, electronic and optical products",UKR,Ukraine,PT_EXGR,2007,0.016,0
EXGR_PSH,"Gross exports, destination partner shares",KOR,Korea,C26,"Manufacture of computer, electronic and optical products",PHL,Philippines,PT_EXGR,2007,0.644,0
EXGR_PSH,"Gross exports, destination partner shares",KOR,Korea,C26,"Manufacture of computer, electronic and optical products",EST,Estonia,PT_EXGR,2007,0.011,0
EXGR_PSH,"Gross exports, destination partner shares",KOR,Korea,C26,"Manufacture of computer, electronic and optical products",DEU,Germany,PT_EXGR,2007,3.821,0
EXGR_PSH,"Gross exports, destination partner shares",KOR,Korea,C26,"Manufacture of computer, electronic and optical products",ASEAN,ASEAN,PT_EXGR,2007,5.517,0
EXGR_PSH,"Gross exports, destination partner shares",KOR,Korea,C26,"Manufacture of computer, electronic and optical products",OECD,OECD,PT_EXGR,2007,42.358,0
EXGR_PSH,"Gross exports, destination partner shares",KOR,Korea,C26,"Manufacture of computer, electronic and optical products",A5_A7,South and Central America,PT_EXGR,2007,2.211,0
EXGR_PSH,"Gross exports, destination partner shares",KOR,Korea,C26,"Manufacture of computer, electronic and optical products",SGP,Singapore,PT_EXGR,2007,1.294,0
EXGR_PSH,"Gross exports, destination partner shares",KOR,Korea,C26,"Manufacture of computer, electronic and optical products",S2,Eastern Asia,PT_EXGR,2007,52.454,0
EXGR_PSH,"Gross exports, destination partner shares",KOR,Korea,C26,"Manufacture of computer, electronic and optical products",ARG,Argentina,PT_EXGR,2007,0.08,0
EXGR_PSH,"Gross exports, destination partner shares",KOR,Korea,C26,"Manufacture of computer, electronic and optical products",AUS,Australia,PT_EXGR,2007,1.091,0
EXGR_PSH,"Gross exports, destination partner shares",KOR,Korea,C26,"Manufacture of computer, electronic and optical products",NZL,New Zealand,PT_EXGR,2007,0.1,0
EXGR_PSH,"Gross exports, destination partner shares",KOR,Korea,C26,"Manufacture of computer, electronic and optical products",TUR,Türkiye,PT_EXGR,2007,0.482,0
EXGR_PSH,"Gross exports, destination partner shares",KOR,Korea,C26,"Manufacture of computer, electronic and optical products",HRV,Croatia,PT_EXGR,2007,0.059,0
EXGR_PSH,"Gross exports, destination partner shares",KOR,Korea,C26,"Manufacture of computer, electronic and optical products",EU28,European Union (28 countries),PT_EXGR,2007,16.212,0
EXGR_PSH,"Gross exports, destination partner shares",KOR,Korea,C26,"Manufacture of computer, electronic and optical products",CZE,Czechia,PT_EXGR,2007,0.312,0
EXGR_PSH,"Gross exports, destination partner shares",KOR,Korea,C26,"Manufacture of computer, electronic and optical products",SWE,Sweden,PT_EXGR,2007,0.196,0
EXGR_PSH,"Gross exports, destination partner shares",KOR,Korea,C26,"Manufacture of computer, electronic and optical products",EU28XEU15,European Union 28 excluding European Union 15 countries,PT_EXGR,2007,4.416,0
EXGR_PSH,"Gross exports, destination partner shares",KOR,Korea,C26,"Manufacture of computer, electronic and optical products",MEX,Mexico,PT_EXGR,2007,6.554,0
EXGR_PSH,"Gross exports, destination partner shares",KOR,Korea,C26,"Manufacture of computer, electronic and optical products",TWN,Chinese Taipei,PT_EXGR,2007,8.675,0
EXGR_PSH,"Gross exports, destination partner shares",KOR,Korea,C26,"Manufacture of computer, electronic and optical products",ESP,Spain,PT_EXGR,2007,1.316,0
EXGR_PSH,"Gross exports, destination partner shares",KOR,Korea,C26,"Manufacture of computer, electronic and optical products",LVA,Latvia,PT_EXGR,2007,0.011,0
EXGR_PSH,"Gross exports, destination partner shares",KOR,Korea,C26,"Manufacture of computer, electronic and optical products",HUN,Hungary,PT_EXGR,2007,1.202,0
EXGR_PSH,"Gross exports, destination partner shares",KOR,Korea,C26,"Manufacture of computer, electronic and optical products",ISL,Iceland,PT_EXGR,2007,0.006,0
EXGR_PSH,"Gross exports, destination partner shares",KOR,Korea,C26,"Manufacture of computer, electronic and optical products",E,Europe,PT_EXGR,2007,17.768,0
EXGR_PSH,"Gross exports, destination partner shares",KOR,Korea,C26,"Manufacture of computer, electronic and optical products",G20,G20,PT_EXGR,2007,83.179,0
EXGR_PSH,"Gross exports, destination partner shares",KOR,Korea,C26,"Manufacture of computer, electronic and optical products",AGO,Angola,PT_EXGR,2007,0.012,0
EXGR_PSH,"Gross exports, destination partner shares",KOR,Korea,C26,"Manufacture of computer, electronic and optical products",WXOECD,Non-OECD economies,PT_EXGR,2007,57.642,0
EXGR_PSH,"Gross exports, destination partner shares",KOR,Korea,C26,"Manufacture of computer, electronic and optical products",NLD,Netherlands,PT_EXGR,2007,0.058,0
EXGR_PSH,"Gross exports, destination partner shares",KOR,Korea,C26,"Manufacture of computer, electronic and optical products",BRA,Brazil,PT_EXGR,2007,1.71,0
EXGR_PSH,"Gross exports, destination partner shares",KOR,Korea,C26,"Manufacture of computer, electronic and optical products",CRI,Costa Rica,PT_EXGR,2007,0.019,0
EXGR_PSH,"Gross exports, destination partner shares",KOR,Korea,C26,"Manufacture of computer, electronic and optical products",IDN,Indonesia,PT_EXGR,2007,0.27,0
EXGR_PSH,"Gross exports, destination partner shares",KOR,Korea,C26,"Manufacture of computer, electronic and optical products",APEC,APEC,PT_EXGR,2007,77.849,0
EXGR_PSH,"Gross exports, destination partner shares",KOR,Korea,C26,"Manufacture of computer, electronic and optical products",THA,Thailand,PT_EXGR,2007,0.933,0
EXGR_PSH,"Gross exports, destination partner shares",KOR,Korea,C26,"Manufacture of computer, electronic and optical products",IND,India,PT_EXGR,2007,0.676,0
EXGR_PSH,"Gross exports, destination partner shares",KOR,Korea,C26,"Manufacture of computer, electronic and optical products",IRL,Ireland,PT_EXGR,2007,0.279,0
EXGR_PSH,"Gross exports, destination partner shares",KOR,Korea,C26,"Manufacture of computer, electronic and optical products",PAK,Pakistan,PT_EXGR,2007,0.04,0
EXGR_PSH,"Gross exports, destination partner shares",KOR,Korea,C26,"Manufacture of computer, electronic and optical products",W_O,Other countries,PT_EXGR,2007,4.49,0
EXGR_PSH,"Gross exports, destination partner shares",KOR,Korea,C26,"Manufacture of computer, electronic and optical products",MLT,Malta,PT_EXGR,2007,0.009,0
EXGR_PSH,"Gross exports, destination partner shares",KOR,Korea,C26,"Manufacture of computer, electronic and optical products",TUN,Tunisia,PT_EXGR,2007,0.024,0
EXGR_PSH,"Gross exports, destination partner shares",KOR,Korea,C26,"Manufacture of computer, electronic and optical products",CHL,Chile,PT_EXGR,2007,0.166,0
EXGR_PSH,"Gross exports, destination partner shares",KOR,Korea,C26,"Manufacture of computer, electronic and optical products",KHM,Cambodia,PT_EXGR,2007,0.01,0
EXGR_PSH,"Gross exports, destination partner shares",KOR,Korea,C26,"Manufacture of computer, electronic and optical products",SVK,Slovak Republic,PT_EXGR,2007,1.002,0
EXGR_PSH,"Gross exports, destination partner shares",KOR,Korea,C26,"Manufacture of computer, electronic and optical products",SAU,Saudi Arabia,PT_EXGR,2007,0.187,0
EXGR_PSH,"Gross exports, destination partner shares",KOR,Korea,C26,"Manufacture of computer, electronic and optical products",CYP,Cyprus,PT_EXGR,2007,0.006,0
EXGR_PSH,"Gross exports, destination partner shares",KOR,Korea,C26,"Manufacture of computer, electronic and optical products",JOR,Jordan,PT_EXGR,2007,0.011,0
EXGR_PSH,"Gross exports, destination partner shares",KOR,Korea,C26,"Manufacture of computer, electronic and optical products",MMR,Myanmar,PT_EXGR,2007,0.002,0
EXGR_PSH,"Gross exports, destination partner shares",KOR,Korea,C26,"Manufacture of computer, electronic and optical products",COD,Democratic Republic of the Congo,PT_EXGR,2007,0.002,0
EXGR_PSH,"Gross exports, destination partner shares",KOR,Korea,C26,"Manufacture of computer, electronic and optical products",LUX,Luxembourg,PT_EXGR,2007,0.001,0
EXGR_PSH,"Gross exports, destination partner shares",KOR,Korea,C26,"Manufacture of computer, electronic and optical products",CMR,Cameroon,PT_EXGR,2007,0.001,0
EXGR_PSH,"Gross exports, destination partner shares",KOR,Korea,C26,"Manufacture of computer, electronic and optical products",BRN,Brunei Darussalam,PT_EXGR,2007,0.001,0
EXGR_PSH,"Gross exports, destination partner shares",KOR,Korea,C26,"Manufacture of computer, electronic and optical products",BEL,Belgium,PT_EXGR,2007,0.068,0
EXGR_PSH,"Gross exports, destination partner shares",KOR,Korea,C26,"Manufacture of computer, electronic and optical products",ROU,Romania,PT_EXGR,2007,0.073,0
EXGR_PSH,"Gross exports, destination partner shares",KOR,Korea,C26,"Manufacture of computer, electronic and optical products",W,World,PT_EXGR,2007,100,0
EXGR_PSH,"Gross exports, destination partner shares",KOR,Korea,C26,"Manufacture of computer, electronic and optical products",SEN,Senegal,PT_EXGR,2007,0,0
EXGR_PSH,"Gross exports, destination partner shares",KOR,Korea,C26,"Manufacture of computer, electronic and optical products",KOR,Korea,PT_EXGR,2007,0,0
EXGR_PSH,"Gross exports, destination partner shares",KOR,Korea,C26,"Manufacture of computer, electronic and optical products",LAO,Lao People’s Democratic Republic,PT_EXGR,2007,0,0
EXGR_PSH,"Gross exports, destination partner shares",KOR,Korea,C26,"Manufacture of computer, electronic and optical products",STP,Sao Tome and Principe,PT_EXGR,2007,0,0
EXGR_PSH,"Gross exports, destination partner shares",KOR,Korea,C26,"Manufacture of computer, electronic and optical products",GRC,Greece,PT_EXGR,1997,0.057,0
EXGR_PSH,"Gross exports, destination partner shares",KOR,Korea,C26,"Manufacture of computer, electronic and optical products",HKG,Hong Kong (China),PT_EXGR,1997,0.087,0
EXGR_PSH,"Gross exports, destination partner shares",KOR,Korea,C26,"Manufacture of computer, electronic and optical products",F,Africa,PT_EXGR,1997,0.696,0
EXGR_PSH,"Gross exports, destination partner shares",KOR,Korea,C26,"Manufacture of computer, electronic and optical products",SVN,Slovenia,PT_EXGR,1997,0.027,0
EXGR_PSH,"Gross exports, destination partner shares",KOR,Korea,C26,"Manufacture of computer, electronic and optical products",ZAF,South Africa,PT_EXGR,1997,0.257,0
EXGR_PSH,"Gross exports, destination partner shares",KOR,Korea,C26,"Manufacture of computer, electronic and optical products",S2_S8,Eastern and South-eastern Asia,PT_EXGR,1997,36.624,0
EXGR_PSH,"Gross exports, destination partner shares",KOR,Korea,C26,"Manufacture of computer, electronic and optical products",NAFTA,NAFTA,PT_EXGR,1997,34.242,0
EXGR_PSH,"Gross exports, destination partner shares",KOR,Korea,C26,"Manufacture of computer, electronic and optical products",SEN,Senegal,PT_EXGR,1997,0.018,0
EXGR_PSH,"Gross exports, destination partner shares",KOR,Korea,C26,"Manufacture of computer, electronic and optical products",COL,Colombia,PT_EXGR,1997,0.144,0
EXGR_PSH,"Gross exports, destination partner shares",KOR,Korea,C26,"Manufacture of computer, electronic and optical products",CHN,China (People’s Republic of),PT_EXGR,1997,5.184,0
EXGR_PSH,"Gross exports, destination partner shares",KOR,Korea,C26,"Manufacture of computer, electronic and optical products",NGA,Nigeria,PT_EXGR,1997,0.027,0
EXGR_PSH,"Gross exports, destination partner shares",KOR,Korea,C26,"Manufacture of computer, electronic and optical products",AUT,Austria,PT_EXGR,1997,0.304,0
EXGR_PSH,"Gross exports, destination partner shares",KOR,Korea,C26,"Manufacture of computer, electronic and optical products",MYS,Malaysia,PT_EXGR,1997,6.023,0
EXGR_PSH,"Gross exports, destination partner shares",KOR,Korea,C26,"Manufacture of computer, electronic and optical products",EGY,Egypt,PT_EXGR,1997,0.227,0
EXGR_PSH,"Gross exports, destination partner shares",KOR,Korea,C26,"Manufacture of computer, electronic and optical products",NOR,Norway,PT_EXGR,1997,0.281,0
EXGR_PSH,"Gross exports, destination partner shares",KOR,Korea,C26,"Manufacture of computer, electronic and optical products",EU27_2020,European Union (27 countries from 01/02/2020),PT_EXGR,1997,12.377,0
EXGR_PSH,"Gross exports, destination partner shares",KOR,Korea,C26,"Manufacture of computer, electronic and optical products",CHE,Switzerland,PT_EXGR,1997,0.16,0
EXGR_PSH,"Gross exports, destination partner shares",KOR,Korea,C26,"Manufacture of computer, electronic and optical products",JPN,Japan,PT_EXGR,1997,11.527,0
EXGR_PSH,"Gross exports, destination partner shares",KOR,Korea,C26,"Manufacture of computer, electronic and optical products",JOR,Jordan,PT_EXGR,1997,0.012,0
EXGR_PSH,"Gross exports, destination partner shares",KOR,Korea,C26,"Manufacture of computer, electronic and optical products",BEL,Belgium,PT_EXGR,1997,0.224,0
EXGR_PSH,"Gross exports, destination partner shares",KOR,Korea,C26,"Manufacture of computer, electronic and optical products",PER,Peru,PT_EXGR,1997,0.092,0
EXGR_PSH,"Gross exports, destination partner shares",KOR,Korea,C26,"Manufacture of computer, electronic and optical products",USA,United States,PT_EXGR,1997,28.993,0
EXGR_PSH,"Gross exports, destination partner shares",KOR,Korea,C26,"Manufacture of computer, electronic and optical products",FRA,France,PT_EXGR,1997,2.485,0
EXGR_PSH,"Gross exports, destination partner shares",KOR,Korea,C26,"Manufacture of computer, electronic and optical products",POL,Poland,PT_EXGR,1997,0.621,0
EXGR_PSH,"Gross exports, destination partner shares",KOR,Korea,C26,"Manufacture of computer, electronic and optical products",PRT,Portugal,PT_EXGR,1997,0.521,0
EXGR_PSH,"Gross exports, destination partner shares",KOR,Korea,C26,"Manufacture of computer, electronic and optical products",ISR,Israel,PT_EXGR,1997,0.124,0
EXGR_PSH,"Gross exports, destination partner shares",KOR,Korea,C26,"Manufacture of computer, electronic and optical products",EU15,European Union (15 countries),PT_EXGR,1997,15.546,0
EXGR_PSH,"Gross exports, destination partner shares",KOR,Korea,C26,"Manufacture of computer, electronic and optical products",WXD,Rest of the world,PT_EXGR,1997,3.273,0
EXGR_PSH,"Gross exports, destination partner shares",KOR,Korea,C26,"Manufacture of computer, electronic and optical products",EA19,Euro area (19 countries),PT_EXGR,1997,10.679,0
EXGR_PSH,"Gross exports, destination partner shares",KOR,Korea,C26,"Manufacture of computer, electronic and optical products",FIN,Finland,PT_EXGR,1997,0.259,0
EXGR_PSH,"Gross exports, destination partner shares",KOR,Korea,C26,"Manufacture of computer, electronic and optical products",ROU,Romania,PT_EXGR,1997,0.322,0
EXGR_PSH,"Gross exports, destination partner shares",KOR,Korea,C26,"Manufacture of computer, electronic and optical products",KAZ,Kazakhstan,PT_EXGR,1997,0.39,0
EXGR_PSH,"Gross exports, destination partner shares",KOR,Korea,C26,"Manufacture of computer, electronic and optical products",MAR,Morocco,PT_EXGR,1997,0.074,0
EXGR_PSH,"Gross exports, destination partner shares",KOR,Korea,C26,"Manufacture of computer, electronic and optical products",RUS,Russia,PT_EXGR,1997,0.982,0
EXGR_PSH,"Gross exports, destination partner shares",KOR,Korea,C26,"Manufacture of computer, electronic and optical products",ARE,United Arab Emirates,PT_EXGR,1997,0.295,0
EXGR_PSH,"Gross exports, destination partner shares",KOR,Korea,C26,"Manufacture of computer, electronic and optical products",VNM,Viet Nam,PT_EXGR,1997,0.194,0
EXGR_PSH,"Gross exports, destination partner shares",KOR,Korea,C26,"Manufacture of computer, electronic and optical products",CAN,Canada,PT_EXGR,1997,3.554,0
EXGR_PSH,"Gross exports, destination partner shares",KOR,Korea,C26,"Manufacture of computer, electronic and optical products",GBR,United Kingdom,PT_EXGR,1997,4.699,0
EXGR_PSH,"Gross exports, destination partner shares",KOR,Korea,C26,"Manufacture of computer, electronic and optical products",ITA,Italy,PT_EXGR,1997,0.9,0
EXGR_PSH,"Gross exports, destination partner shares",KOR,Korea,C26,"Manufacture of computer, electronic and optical products",UKR,Ukraine,PT_EXGR,1997,0.023,0
EXGR_PSH,"Gross exports, destination partner shares",KOR,Korea,C26,"Manufacture of computer, electronic and optical products",PHL,Philippines,PT_EXGR,1997,2.365,0
EXGR_PSH,"Gross exports, destination partner shares",KOR,Korea,C26,"Manufacture of computer, electronic and optical products",EST,Estonia,PT_EXGR,1997,0.074,0
EXGR_PSH,"Gross exports, destination partner shares",KOR,Korea,C26,"Manufacture of computer, electronic and optical products",DEU,Germany,PT_EXGR,1997,4.222,0
EXGR_PSH,"Gross exports, destination partner shares",KOR,Korea,C26,"Manufacture of computer, electronic and optical products",CYP,Cyprus,PT_EXGR,1997,0.007,0
EXGR_PSH,"Gross exports, destination partner shares",KOR,Korea,C26,"Manufacture of computer, electronic and optical products",ASEAN,ASEAN,PT_EXGR,1997,11.16,0
EXGR_PSH,"Gross exports, destination partner shares",KOR,Korea,C26,"Manufacture of computer, electronic and optical products",OECD,OECD,PT_EXGR,1997,65.205,0
EXGR_PSH,"Gross exports, destination partner shares",KOR,Korea,C26,"Manufacture of computer, electronic and optical products",A5_A7,South and Central America,PT_EXGR,1997,3.077,0
EXGR_PSH,"Gross exports, destination partner shares",KOR,Korea,C26,"Manufacture of computer, electronic and optical products",SGP,Singapore,PT_EXGR,1997,0.601,0
EXGR_PSH,"Gross exports, destination partner shares",KOR,Korea,C26,"Manufacture of computer, electronic and optical products",S2,Eastern Asia,PT_EXGR,1997,25.464,0
EXGR_PSH,"Gross exports, destination partner shares",KOR,Korea,C26,"Manufacture of computer, electronic and optical products",ARG,Argentina,PT_EXGR,1997,1.027,0
EXGR_PSH,"Gross exports, destination partner shares",KOR,Korea,C26,"Manufacture of computer, electronic and optical products",AUS,Australia,PT_EXGR,1997,1.206,0
EXGR_PSH,"Gross exports, destination partner shares",KOR,Korea,C26,"Manufacture of computer, electronic and optical products",NZL,New Zealand,PT_EXGR,1997,0.114,0
EXGR_PSH,"Gross exports, destination partner shares",KOR,Korea,C26,"Manufacture of computer, electronic and optical products",TUR,Türkiye,PT_EXGR,1997,0.614,0
EXGR_PSH,"Gross exports, destination partner shares",KOR,Korea,C26,"Manufacture of computer, electronic and optical products",HRV,Croatia,PT_EXGR,1997,0.035,0
EXGR_PSH,"Gross exports, destination partner shares",KOR,Korea,C26,"Manufacture of computer, electronic and optical products",EU28,European Union (28 countries),PT_EXGR,1997,17.076,0
EXGR_PSH,"Gross exports, destination partner shares",KOR,Korea,C26,"Manufacture of computer, electronic and optical products",CZE,Czechia,PT_EXGR,1997,0.092,0
EXGR_PSH,"Gross exports, destination partner shares",KOR,Korea,C26,"Manufacture of computer, electronic and optical products",SWE,Sweden,PT_EXGR,1997,0.294,0
EXGR_PSH,"Gross exports, destination partner shares",KOR,Korea,C26,"Manufacture of computer, electronic and optical products",EU28XEU15,European Union 28 excluding European Union 15 countries,PT_EXGR,1997,1.53,0
EXGR_PSH,"Gross exports, destination partner shares",KOR,Korea,C26,"Manufacture of computer, electronic and optical products",MEX,Mexico,PT_EXGR,1997,1.695,0
EXGR_PSH,"Gross exports, destination partner shares",KOR,Korea,C26,"Manufacture of computer, electronic and optical products",TWN,Chinese Taipei,PT_EXGR,1997,8.666,0
EXGR_PSH,"Gross exports, destination partner shares",KOR,Korea,C26,"Manufacture of computer, electronic and optical products",ESP,Spain,PT_EXGR,1997,0.612,0
EXGR_PSH,"Gross exports, destination partner shares",KOR,Korea,C26,"Manufacture of computer, electronic and optical products",HUN,Hungary,PT_EXGR,1997,0.235,0
EXGR_PSH,"Gross exports, destination partner shares",KOR,Korea,C26,"Manufacture of computer, electronic and optical products",ISL,Iceland,PT_EXGR,1997,0.021,0
EXGR_PSH,"Gross exports, destination partner shares",KOR,Korea,C26,"Manufacture of computer, electronic and optical products",E,Europe,PT_EXGR,1997,18.55,0
EXGR_PSH,"Gross exports, destination partner shares",KOR,Korea,C26,"Manufacture of computer, electronic and optical products",G20,G20,PT_EXGR,1997,75.158,0
EXGR_PSH,"Gross exports, destination partner shares",KOR,Korea,C26,"Manufacture of computer, electronic and optical products",AGO,Angola,PT_EXGR,1997,0.003,0
EXGR_PSH,"Gross exports, destination partner shares",KOR,Korea,C26,"Manufacture of computer, electronic and optical products",LUX,Luxembourg,PT_EXGR,1997,0.001,0
EXGR_PSH,"Gross exports, destination partner shares",KOR,Korea,C26,"Manufacture of computer, electronic and optical products",WXOECD,Non-OECD economies,PT_EXGR,1997,34.795,0
EXGR_PSH,"Gross exports, destination partner shares",KOR,Korea,C26,"Manufacture of computer, electronic and optical products",NLD,Netherlands,PT_EXGR,1997,0.38,0
EXGR_PSH,"Gross exports, destination partner shares",KOR,Korea,C26,"Manufacture of computer, electronic and optical products",BRA,Brazil,PT_EXGR,1997,1.739,0
EXGR_PSH,"Gross exports, destination partner shares",KOR,Korea,C26,"Manufacture of computer, electronic and optical products",CRI,Costa Rica,PT_EXGR,1997,0.015,0
EXGR_PSH,"Gross exports, destination partner shares",KOR,Korea,C26,"Manufacture of computer, electronic and optical products",IDN,Indonesia,PT_EXGR,1997,0.719,0
EXGR_PSH,"Gross exports, destination partner shares",KOR,Korea,C26,"Manufacture of computer, electronic and optical products",APEC,APEC,PT_EXGR,1997,73.301,0
EXGR_PSH,"Gross exports, destination partner shares",KOR,Korea,C26,"Manufacture of computer, electronic and optical products",THA,Thailand,PT_EXGR,1997,1.231,0
EXGR_PSH,"Gross exports, destination partner shares",KOR,Korea,C26,"Manufacture of computer, electronic and optical products",IND,India,PT_EXGR,1997,0.337,0
EXGR_PSH,"Gross exports, destination partner shares",KOR,Korea,C26,"Manufacture of computer, electronic and optical products",CMR,Cameroon,PT_EXGR,1997,0.005,0
EXGR_PSH,"Gross exports, destination partner shares",KOR,Korea,C26,"Manufacture of computer, electronic and optical products",IRL,Ireland,PT_EXGR,1997,0.498,0
EXGR_PSH,"Gross exports, destination partner shares",KOR,Korea,C26,"Manufacture of computer, electronic and optical products",PAK,Pakistan,PT_EXGR,1997,0.186,0
EXGR_PSH,"Gross exports, destination partner shares",KOR,Korea,C26,"Manufacture of computer, electronic and optical products",W_O,Other countries,PT_EXGR,1997,6.81,0
EXGR_PSH,"Gross exports, destination partner shares",KOR,Korea,C26,"Manufacture of computer, electronic and optical products",MLT,Malta,PT_EXGR,1997,0.007,0
EXGR_PSH,"Gross exports, destination partner shares",KOR,Korea,C26,"Manufacture of computer, electronic and optical products",TUN,Tunisia,PT_EXGR,1997,0.073,0
EXGR_PSH,"Gross exports, destination partner shares",KOR,Korea,C26,"Manufacture of computer, electronic and optical products",CHL,Chile,PT_EXGR,1997,0.06,0
EXGR_PSH,"Gross exports, destination partner shares",KOR,Korea,C26,"Manufacture of computer, electronic and optical products",SVK,Slovak Republic,PT_EXGR,1997,0.031,0
EXGR_PSH,"Gross exports, destination partner shares",KOR,Korea,C26,"Manufacture of computer, electronic and optical products",SAU,Saudi Arabia,PT_EXGR,1997,0.247,0
EXGR_PSH,"Gross exports, destination partner shares",KOR,Korea,C26,"Manufacture of computer, electronic and optical products",MMR,Myanmar,PT_EXGR,1997,0.017,0
EXGR_PSH,"Gross exports, destination partner shares",KOR,Korea,C26,"Manufacture of computer, electronic and optical products",BGD,Bangladesh,PT_EXGR,1997,0.012,0
EXGR_PSH,"Gross exports, destination partner shares",KOR,Korea,C26,"Manufacture of computer, electronic and optical products",BGR,Bulgaria,PT_EXGR,1997,0.008,0
EXGR_PSH,"Gross exports, destination partner shares",KOR,Korea,C26,"Manufacture of computer, electronic and optical products",LVA,Latvia,PT_EXGR,1997,0.008,0
EXGR_PSH,"Gross exports, destination partner shares",KOR,Korea,C26,"Manufacture of computer, electronic and optical products",BRN,Brunei Darussalam,PT_EXGR,1997,0.006,0
EXGR_PSH,"Gross exports, destination partner shares",KOR,Korea,C26,"Manufacture of computer, electronic and optical products",COD,Democratic Republic of the Congo,PT_EXGR,1997,0.003,0
EXGR_PSH,"Gross exports, destination partner shares",KOR,Korea,C26,"Manufacture of computer, electronic and optical products",KHM,Cambodia,PT_EXGR,1997,0.002,0
EXGR_PSH,"Gross exports, destination partner shares",KOR,Korea,C26,"Manufacture of computer, electronic and optical products",BLR,Belarus,PT_EXGR,1997,0.008,0
EXGR_PSH,"Gross exports, destination partner shares",KOR,Korea,C26,"Manufacture of computer, electronic and optical products",CIV,Côte d’Ivoire,PT_EXGR,1997,0.01,0
EXGR_PSH,"Gross exports, destination partner shares",KOR,Korea,C26,"Manufacture of computer, electronic and optical products",LTU,Lithuania,PT_EXGR,1997,0.062,0
EXGR_PSH,"Gross exports, destination partner shares",KOR,Korea,C26,"Manufacture of computer, electronic and optical products",DNK,Denmark,PT_EXGR,1997,0.09,0
EXGR_PSH,"Gross exports, destination partner shares",KOR,Korea,C26,"Manufacture of computer, electronic and optical products",W,World,PT_EXGR,1997,100,0
EXGR_PSH,"Gross exports, destination partner shares",KOR,Korea,C26,"Manufacture of computer, electronic and optical products",KOR,Korea,PT_EXGR,1997,0,0
EXGR_PSH,"Gross exports, destination partner shares",KOR,Korea,C26,"Manufacture of computer, electronic and optical products",LAO,Lao People’s Democratic Republic,PT_EXGR,1997,0,0
EXGR_PSH,"Gross exports, destination partner shares",KOR,Korea,C26,"Manufacture of computer, electronic and optical products",STP,Sao Tome and Principe,PT_EXGR,1997,0,0
EXGR_PSH,"Gross exports, destination partner shares",KOR,Korea,C26,"Manufacture of computer, electronic and optical products",LTU,Lithuania,PT_EXGR,2004,0.027,0
EXGR_PSH,"Gross exports, destination partner shares",KOR,Korea,C26,"Manufacture of computer, electronic and optical products",GRC,Greece,PT_EXGR,2004,0.142,0
EXGR_PSH,"Gross exports, destination partner shares",KOR,Korea,C26,"Manufacture of computer, electronic and optical products",HKG,Hong Kong (China),PT_EXGR,2004,0.034,0
EXGR_PSH,"Gross exports, destination partner shares",KOR,Korea,C26,"Manufacture of computer, electronic and optical products",F,Africa,PT_EXGR,2004,0.477,0
EXGR_PSH,"Gross exports, destination partner shares",KOR,Korea,C26,"Manufacture of computer, electronic and optical products",ZAF,South Africa,PT_EXGR,2004,0.28,0
EXGR_PSH,"Gross exports, destination partner shares",KOR,Korea,C26,"Manufacture of computer, electronic and optical products",S2_S8,Eastern and South-eastern Asia,PT_EXGR,2004,51.692,0
EXGR_PSH,"Gross exports, destination partner shares",KOR,Korea,C26,"Manufacture of computer, electronic and optical products",NAFTA,NAFTA,PT_EXGR,2004,23.027,0
EXGR_PSH,"Gross exports, destination partner shares",KOR,Korea,C26,"Manufacture of computer, electronic and optical products",COL,Colombia,PT_EXGR,2004,0.251,0
EXGR_PSH,"Gross exports, destination partner shares",KOR,Korea,C26,"Manufacture of computer, electronic and optical products",CHN,China (People’s Republic of),PT_EXGR,2004,28.558,0
EXGR_PSH,"Gross exports, destination partner shares",KOR,Korea,C26,"Manufacture of computer, electronic and optical products",NGA,Nigeria,PT_EXGR,2004,0.03,0
EXGR_PSH,"Gross exports, destination partner shares",KOR,Korea,C26,"Manufacture of computer, electronic and optical products",AUT,Austria,PT_EXGR,2004,0.337,0
EXGR_PSH,"Gross exports, destination partner shares",KOR,Korea,C26,"Manufacture of computer, electronic and optical products",MYS,Malaysia,PT_EXGR,2004,1.905,0
EXGR_PSH,"Gross exports, destination partner shares",KOR,Korea,C26,"Manufacture of computer, electronic and optical products",EGY,Egypt,PT_EXGR,2004,0.055,0
EXGR_PSH,"Gross exports, destination partner shares",KOR,Korea,C26,"Manufacture of computer, electronic and optical products",NOR,Norway,PT_EXGR,2004,0.135,0
EXGR_PSH,"Gross exports, destination partner shares",KOR,Korea,C26,"Manufacture of computer, electronic and optical products",EU27_2020,European Union (27 countries from 01/02/2020),PT_EXGR,2004,12.38,0
EXGR_PSH,"Gross exports, destination partner shares",KOR,Korea,C26,"Manufacture of computer, electronic and optical products",CHE,Switzerland,PT_EXGR,2004,0.089,0
EXGR_PSH,"Gross exports, destination partner shares",KOR,Korea,C26,"Manufacture of computer, electronic and optical products",BGR,Bulgaria,PT_EXGR,2004,0.038,0
EXGR_PSH,"Gross exports, destination partner shares",KOR,Korea,C26,"Manufacture of computer, electronic and optical products",JPN,Japan,PT_EXGR,2004,8.038,0
EXGR_PSH,"Gross exports, destination partner shares",KOR,Korea,C26,"Manufacture of computer, electronic and optical products",BEL,Belgium,PT_EXGR,2004,0.191,0
EXGR_PSH,"Gross exports, destination partner shares",KOR,Korea,C26,"Manufacture of computer, electronic and optical products",PER,Peru,PT_EXGR,2004,0.095,0
EXGR_PSH,"Gross exports, destination partner shares",KOR,Korea,C26,"Manufacture of computer, electronic and optical products",USA,United States,PT_EXGR,2004,18.359,0
EXGR_PSH,"Gross exports, destination partner shares",KOR,Korea,C26,"Manufacture of computer, electronic and optical products",BGD,Bangladesh,PT_EXGR,2004,0.016,0
EXGR_PSH,"Gross exports, destination partner shares",KOR,Korea,C26,"Manufacture of computer, electronic and optical products",FRA,France,PT_EXGR,2004,1.731,0
EXGR_PSH,"Gross exports, destination partner shares",KOR,Korea,C26,"Manufacture of computer, electronic and optical products",POL,Poland,PT_EXGR,2004,0.47,0
EXGR_PSH,"Gross exports, destination partner shares",KOR,Korea,C26,"Manufacture of computer, electronic and optical products",ISR,Israel,PT_EXGR,2004,0.197,0
EXGR_PSH,"Gross exports, destination partner shares",KOR,Korea,C26,"Manufacture of computer, electronic and optical products",EU15,European Union (15 countries),PT_EXGR,2004,13.209,0
EXGR_PSH,"Gross exports, destination partner shares",KOR,Korea,C26,"Manufacture of computer, electronic and optical products",WXD,Rest of the world,PT_EXGR,2004,1.969,0
EXGR_PSH,"Gross exports, destination partner shares",KOR,Korea,C26,"Manufacture of computer, electronic and optical products",EA19,Euro area (19 countries),PT_EXGR,2004,10.3,0
EXGR_PSH,"Gross exports, destination partner shares",KOR,Korea,C26,"Manufacture of computer, electronic and optical products",FIN,Finland,PT_EXGR,2004,0.413,0
EXGR_PSH,"Gross exports, destination partner shares",KOR,Korea,C26,"Manufacture of computer, electronic and optical products",ROU,Romania,PT_EXGR,2004,0.069,0
EXGR_PSH,"Gross exports, destination partner shares",KOR,Korea,C26,"Manufacture of computer, electronic and optical products",KAZ,Kazakhstan,PT_EXGR,2004,0.062,0
EXGR_PSH,"Gross exports, destination partner shares",KOR,Korea,C26,"Manufacture of computer, electronic and optical products",MAR,Morocco,PT_EXGR,2004,0.069,0
EXGR_PSH,"Gross exports, destination partner shares",KOR,Korea,C26,"Manufacture of computer, electronic and optical products",RUS,Russia,PT_EXGR,2004,0.582,0
EXGR_PSH,"Gross exports, destination partner shares",KOR,Korea,C26,"Manufacture of computer, electronic and optical products",ARE,United Arab Emirates,PT_EXGR,2004,0.505,0
EXGR_PSH,"Gross exports, destination partner shares",KOR,Korea,C26,"Manufacture of computer, electronic and optical products",VNM,Viet Nam,PT_EXGR,2004,0.235,0
EXGR_PSH,"Gross exports, destination partner shares",KOR,Korea,C26,"Manufacture of computer, electronic and optical products",CAN,Canada,PT_EXGR,2004,1.265,0
EXGR_PSH,"Gross exports, destination partner shares",KOR,Korea,C26,"Manufacture of computer, electronic and optical products",GBR,United Kingdom,PT_EXGR,2004,2.75,0
EXGR_PSH,"Gross exports, destination partner shares",KOR,Korea,C26,"Manufacture of computer, electronic and optical products",ITA,Italy,PT_EXGR,2004,1.691,0
EXGR_PSH,"Gross exports, destination partner shares",KOR,Korea,C26,"Manufacture of computer, electronic and optical products",PHL,Philippines,PT_EXGR,2004,0.732,0
EXGR_PSH,"Gross exports, destination partner shares",KOR,Korea,C26,"Manufacture of computer, electronic and optical products",EST,Estonia,PT_EXGR,2004,0.015,0
EXGR_PSH,"Gross exports, destination partner shares",KOR,Korea,C26,"Manufacture of computer, electronic and optical products",DEU,Germany,PT_EXGR,2004,3.941,0
EXGR_PSH,"Gross exports, destination partner shares",KOR,Korea,C26,"Manufacture of computer, electronic and optical products",CYP,Cyprus,PT_EXGR,2004,0.003,0
EXGR_PSH,"Gross exports, destination partner shares",KOR,Korea,C26,"Manufacture of computer, electronic and optical products",ASEAN,ASEAN,PT_EXGR,2004,5.614,0
EXGR_PSH,"Gross exports, destination partner shares",KOR,Korea,C26,"Manufacture of computer, electronic and optical products",OECD,OECD,PT_EXGR,2004,48.988,0
EXGR_PSH,"Gross exports, destination partner shares",KOR,Korea,C26,"Manufacture of computer, electronic and optical products",A5_A7,South and Central America,PT_EXGR,2004,2.178,0
EXGR_PSH,"Gross exports, destination partner shares",KOR,Korea,C26,"Manufacture of computer, electronic and optical products",SGP,Singapore,PT_EXGR,2004,0.568,0
EXGR_PSH,"Gross exports, destination partner shares",KOR,Korea,C26,"Manufacture of computer, electronic and optical products",S2,Eastern Asia,PT_EXGR,2004,46.078,0
EXGR_PSH,"Gross exports, destination partner shares",KOR,Korea,C26,"Manufacture of computer, electronic and optical products",ARG,Argentina,PT_EXGR,2004,0.113,0
EXGR_PSH,"Gross exports, destination partner shares",KOR,Korea,C26,"Manufacture of computer, electronic and optical products",AUS,Australia,PT_EXGR,2004,1.69,0
EXGR_PSH,"Gross exports, destination partner shares",KOR,Korea,C26,"Manufacture of computer, electronic and optical products",NZL,New Zealand,PT_EXGR,2004,0.164,0
EXGR_PSH,"Gross exports, destination partner shares",KOR,Korea,C26,"Manufacture of computer, electronic and optical products",TUR,Türkiye,PT_EXGR,2004,0.319,0
EXGR_PSH,"Gross exports, destination partner shares",KOR,Korea,C26,"Manufacture of computer, electronic and optical products",HRV,Croatia,PT_EXGR,2004,0.06,0
EXGR_PSH,"Gross exports, destination partner shares",KOR,Korea,C26,"Manufacture of computer, electronic and optical products",EU28,European Union (28 countries),PT_EXGR,2004,15.13,0
EXGR_PSH,"Gross exports, destination partner shares",KOR,Korea,C26,"Manufacture of computer, electronic and optical products",CZE,Czechia,PT_EXGR,2004,0.238,0
EXGR_PSH,"Gross exports, destination partner shares",KOR,Korea,C26,"Manufacture of computer, electronic and optical products",SWE,Sweden,PT_EXGR,2004,0.505,0
EXGR_PSH,"Gross exports, destination partner shares",KOR,Korea,C26,"Manufacture of computer, electronic and optical products",EU28XEU15,European Union 28 excluding European Union 15 countries,PT_EXGR,2004,1.921,0
EXGR_PSH,"Gross exports, destination partner shares",KOR,Korea,C26,"Manufacture of computer, electronic and optical products",MEX,Mexico,PT_EXGR,2004,3.403,0
EXGR_PSH,"Gross exports, destination partner shares",KOR,Korea,C26,"Manufacture of computer, electronic and optical products",TWN,Chinese Taipei,PT_EXGR,2004,9.448,0
EXGR_PSH,"Gross exports, destination partner shares",KOR,Korea,C26,"Manufacture of computer, electronic and optical products",ESP,Spain,PT_EXGR,2004,0.704,0
EXGR_PSH,"Gross exports, destination partner shares",KOR,Korea,C26,"Manufacture of computer, electronic and optical products",HUN,Hungary,PT_EXGR,2004,0.639,0
EXGR_PSH,"Gross exports, destination partner shares",KOR,Korea,C26,"Manufacture of computer, electronic and optical products",E,Europe,PT_EXGR,2004,15.964,0
EXGR_PSH,"Gross exports, destination partner shares",KOR,Korea,C26,"Manufacture of computer, electronic and optical products",G20,G20,PT_EXGR,2004,81.643,0
EXGR_PSH,"Gross exports, destination partner shares",KOR,Korea,C26,"Manufacture of computer, electronic and optical products",AGO,Angola,PT_EXGR,2004,0.004,0
EXGR_PSH,"Gross exports, destination partner shares",KOR,Korea,C26,"Manufacture of computer, electronic and optical products",WXOECD,Non-OECD economies,PT_EXGR,2004,51.012,0
EXGR_PSH,"Gross exports, destination partner shares",KOR,Korea,C26,"Manufacture of computer, electronic and optical products",NLD,Netherlands,PT_EXGR,2004,0.054,0
EXGR_PSH,"Gross exports, destination partner shares",KOR,Korea,C26,"Manufacture of computer, electronic and optical products",BRA,Brazil,PT_EXGR,2004,1.606,0
EXGR_PSH,"Gross exports, destination partner shares",KOR,Korea,C26,"Manufacture of computer, electronic and optical products",IDN,Indonesia,PT_EXGR,2004,0.611,0
EXGR_PSH,"Gross exports, destination partner shares",KOR,Korea,C26,"Manufacture of computer, electronic and optical products",APEC,APEC,PT_EXGR,2004,77.342,0
EXGR_PSH,"Gross exports, destination partner shares",KOR,Korea,C26,"Manufacture of computer, electronic and optical products",THA,Thailand,PT_EXGR,2004,1.55,0
EXGR_PSH,"Gross exports, destination partner shares",KOR,Korea,C26,"Manufacture of computer, electronic and optical products",IND,India,PT_EXGR,2004,1.443,0
EXGR_PSH,"Gross exports, destination partner shares",KOR,Korea,C26,"Manufacture of computer, electronic and optical products",IRL,Ireland,PT_EXGR,2004,0.549,0
EXGR_PSH,"Gross exports, destination partner shares",KOR,Korea,C26,"Manufacture of computer, electronic and optical products",PAK,Pakistan,PT_EXGR,2004,0.03,0
EXGR_PSH,"Gross exports, destination partner shares",KOR,Korea,C26,"Manufacture of computer, electronic and optical products",W_O,Other countries,PT_EXGR,2004,6.662,0
EXGR_PSH,"Gross exports, destination partner shares",KOR,Korea,C26,"Manufacture of computer, electronic and optical products",CHL,Chile,PT_EXGR,2004,0.102,0
EXGR_PSH,"Gross exports, destination partner shares",KOR,Korea,C26,"Manufacture of computer, electronic and optical products",SVK,Slovak Republic,PT_EXGR,2004,0.323,0
EXGR_PSH,"Gross exports, destination partner shares",KOR,Korea,C26,"Manufacture of computer, electronic and optical products",SAU,Saudi Arabia,PT_EXGR,2004,0.246,0
EXGR_PSH,"Gross exports, destination partner shares",KOR,Korea,C26,"Manufacture of computer, electronic and optical products",LTU,Lithuania,PT_EXGR,2001,0.023,0
EXGR_PSH,"Gross exports, destination partner shares",KOR,Korea,C26,"Manufacture of computer, electronic and optical products",GRC,Greece,PT_EXGR,2001,0.083,0
EXGR_PSH,"Gross exports, destination partner shares",KOR,Korea,C26,"Manufacture of computer, electronic and optical products",HKG,Hong Kong (China),PT_EXGR,2001,0.064,0
EXGR_PSH,"Gross exports, destination partner shares",KOR,Korea,C26,"Manufacture of computer, electronic and optical products",F,Africa,PT_EXGR,2001,0.541,0
EXGR_PSH,"Gross exports, destination partner shares",KOR,Korea,C26,"Manufacture of computer, electronic and optical products",ZAF,South Africa,PT_EXGR,2001,0.182,0
EXGR_PSH,"Gross exports, destination partner shares",KOR,Korea,C26,"Manufacture of computer, electronic and optical products",S2_S8,Eastern and South-eastern Asia,PT_EXGR,2001,38.427,0
EXGR_PSH,"Gross exports, destination partner shares",KOR,Korea,C26,"Manufacture of computer, electronic and optical products",NAFTA,NAFTA,PT_EXGR,2001,35.442,0
EXGR_PSH,"Gross exports, destination partner shares",KOR,Korea,C26,"Manufacture of computer, electronic and optical products",CHN,China (People’s Republic of),PT_EXGR,2001,10.867,0
EXGR_PSH,"Gross exports, destination partner shares",KOR,Korea,C26,"Manufacture of computer, electronic and optical products",NGA,Nigeria,PT_EXGR,2001,0.109,0
EXGR_PSH,"Gross exports, destination partner shares",KOR,Korea,C26,"Manufacture of computer, electronic and optical products",MYS,Malaysia,PT_EXGR,2001,1.738,0
EXGR_PSH,"Gross exports, destination partner shares",KOR,Korea,C26,"Manufacture of computer, electronic and optical products",EU27_2020,European Union (27 countries from 01/02/2020),PT_EXGR,2001,10.986,0
EXGR_PSH,"Gross exports, destination partner shares",KOR,Korea,C26,"Manufacture of computer, electronic and optical products",CHE,Switzerland,PT_EXGR,2001,0.129,0
EXGR_PSH,"Gross exports, destination partner shares",KOR,Korea,C26,"Manufacture of computer, electronic and optical products",JPN,Japan,PT_EXGR,2001,11.588,0
EXGR_PSH,"Gross exports, destination partner shares",KOR,Korea,C26,"Manufacture of computer, electronic and optical products",JOR,Jordan,PT_EXGR,2001,0.018,0
EXGR_PSH,"Gross exports, destination partner shares",KOR,Korea,C26,"Manufacture of computer, electronic and optical products",BEL,Belgium,PT_EXGR,2001,0.133,0
EXGR_PSH,"Gross exports, destination partner shares",KOR,Korea,C26,"Manufacture of computer, electronic and optical products",USA,United States,PT_EXGR,2001,30.063,0
EXGR_PSH,"Gross exports, destination partner shares",KOR,Korea,C26,"Manufacture of computer, electronic and optical products",FRA,France,PT_EXGR,2001,1.58,0
EXGR_PSH,"Gross exports, destination partner shares",KOR,Korea,C26,"Manufacture of computer, electronic and optical products",PRT,Portugal,PT_EXGR,2001,0.169,0
EXGR_PSH,"Gross exports, destination partner shares",KOR,Korea,C26,"Manufacture of computer, electronic and optical products",ISR,Israel,PT_EXGR,2001,0.226,0
EXGR_PSH,"Gross exports, destination partner shares",KOR,Korea,C26,"Manufacture of computer, electronic and optical products",EU15,European Union (15 countries),PT_EXGR,2001,14.253,0
EXGR_PSH,"Gross exports, destination partner shares",KOR,Korea,C26,"Manufacture of computer, electronic and optical products",WXD,Rest of the world,PT_EXGR,2001,2.734,0
EXGR_PSH,"Gross exports, destination partner shares",KOR,Korea,C26,"Manufacture of computer, electronic and optical products",EA19,Euro area (19 countries),PT_EXGR,2001,9.508,0
EXGR_PSH,"Gross exports, destination partner shares",KOR,Korea,C26,"Manufacture of computer, electronic and optical products",FIN,Finland,PT_EXGR,2001,0.338,0
EXGR_PSH,"Gross exports, destination partner shares",KOR,Korea,C26,"Manufacture of computer, electronic and optical products",KAZ,Kazakhstan,PT_EXGR,2001,0.124,0
EXGR_PSH,"Gross exports, destination partner shares",KOR,Korea,C26,"Manufacture of computer, electronic and optical products",MAR,Morocco,PT_EXGR,2001,0.058,0
EXGR_PSH,"Gross exports, destination partner shares",KOR,Korea,C26,"Manufacture of computer, electronic and optical products",RUS,Russia,PT_EXGR,2001,0.955,0
EXGR_PSH,"Gross exports, destination partner shares",KOR,Korea,C26,"Manufacture of computer, electronic and optical products",ARE,United Arab Emirates,PT_EXGR,2001,0.439,0
EXGR_PSH,"Gross exports, destination partner shares",KOR,Korea,C26,"Manufacture of computer, electronic and optical products",VNM,Viet Nam,PT_EXGR,2001,0.198,0
EXGR_PSH,"Gross exports, destination partner shares",KOR,Korea,C26,"Manufacture of computer, electronic and optical products",CAN,Canada,PT_EXGR,2001,1.696,0
EXGR_PSH,"Gross exports, destination partner shares",KOR,Korea,C26,"Manufacture of computer, electronic and optical products",GBR,United Kingdom,PT_EXGR,2001,4.482,0
EXGR_PSH,"Gross exports, destination partner shares",KOR,Korea,C26,"Manufacture of computer, electronic and optical products",ITA,Italy,PT_EXGR,2001,1.366,0
EXGR_PSH,"Gross exports, destination partner shares",KOR,Korea,C26,"Manufacture of computer, electronic and optical products",UKR,Ukraine,PT_EXGR,2001,0.013,0
EXGR_PSH,"Gross exports, destination partner shares",KOR,Korea,C26,"Manufacture of computer, electronic and optical products",PHL,Philippines,PT_EXGR,2001,0.523,0
EXGR_PSH,"Gross exports, destination partner shares",KOR,Korea,C26,"Manufacture of computer, electronic and optical products",DEU,Germany,PT_EXGR,2001,3.646,0
EXGR_PSH,"Gross exports, destination partner shares",KOR,Korea,C26,"Manufacture of computer, electronic and optical products",ASEAN,ASEAN,PT_EXGR,2001,5.966,0
EXGR_PSH,"Gross exports, destination partner shares",KOR,Korea,C26,"Manufacture of computer, electronic and optical products",OECD,OECD,PT_EXGR,2001,65.297,0
EXGR_PSH,"Gross exports, destination partner shares",KOR,Korea,C26,"Manufacture of computer, electronic and optical products",A5_A7,South and Central America,PT_EXGR,2001,2.201,0
EXGR_PSH,"Gross exports, destination partner shares",KOR,Korea,C26,"Manufacture of computer, electronic and optical products",SGP,Singapore,PT_EXGR,2001,0.682,0
EXGR_PSH,"Gross exports, destination partner shares",KOR,Korea,C26,"Manufacture of computer, electronic and optical products",S2,Eastern Asia,PT_EXGR,2001,32.461,0
EXGR_PSH,"Gross exports, destination partner shares",KOR,Korea,C26,"Manufacture of computer, electronic and optical products",ARG,Argentina,PT_EXGR,2001,0.275,0
EXGR_PSH,"Gross exports, destination partner shares",KOR,Korea,C26,"Manufacture of computer, electronic and optical products",NZL,New Zealand,PT_EXGR,2001,0.137,0
EXGR_PSH,"Gross exports, destination partner shares",KOR,Korea,C26,"Manufacture of computer, electronic and optical products",TUR,Türkiye,PT_EXGR,2001,0.203,0
EXGR_PSH,"Gross exports, destination partner shares",KOR,Korea,C26,"Manufacture of computer, electronic and optical products",EU28,European Union (28 countries),PT_EXGR,2001,15.468,0
EXGR_PSH,"Gross exports, destination partner shares",KOR,Korea,C26,"Manufacture of computer, electronic and optical products",SWE,Sweden,PT_EXGR,2001,0.274,0
EXGR_PSH,"Gross exports, destination partner shares",KOR,Korea,C26,"Manufacture of computer, electronic and optical products",MEX,Mexico,PT_EXGR,2001,3.683,0
EXGR_PSH,"Gross exports, destination partner shares",KOR,Korea,C26,"Manufacture of computer, electronic and optical products",TWN,Chinese Taipei,PT_EXGR,2001,9.943,0
EXGR_PSH,"Gross exports, destination partner shares",KOR,Korea,C26,"Manufacture of computer, electronic and optical products",ESP,Spain,PT_EXGR,2001,1.169,0
EXGR_PSH,"Gross exports, destination partner shares",KOR,Korea,C26,"Manufacture of computer, electronic and optical products",HUN,Hungary,PT_EXGR,2001,0.49,0
EXGR_PSH,"Gross exports, destination partner shares",KOR,Korea,C26,"Manufacture of computer, electronic and optical products",E,Europe,PT_EXGR,2001,16.692,0
EXGR_PSH,"Gross exports, destination partner shares",KOR,Korea,C26,"Manufacture of computer, electronic and optical products",G20,G20,PT_EXGR,2001,80.349,0
EXGR_PSH,"Gross exports, destination partner shares",KOR,Korea,C26,"Manufacture of computer, electronic and optical products",AGO,Angola,PT_EXGR,2001,0.003,0
EXGR_PSH,"Gross exports, destination partner shares",KOR,Korea,C26,"Manufacture of computer, electronic and optical products",WXOECD,Non-OECD economies,PT_EXGR,2001,34.703,0
EXGR_PSH,"Gross exports, destination partner shares",KOR,Korea,C26,"Manufacture of computer, electronic and optical products",NLD,Netherlands,PT_EXGR,2001,0.164,0
EXGR_PSH,"Gross exports, destination partner shares",KOR,Korea,C26,"Manufacture of computer, electronic and optical products",BRA,Brazil,PT_EXGR,2001,1.655,0
EXGR_PSH,"Gross exports, destination partner shares",KOR,Korea,C26,"Manufacture of computer, electronic and optical products",IDN,Indonesia,PT_EXGR,2001,0.977,0
EXGR_PSH,"Gross exports, destination partner shares",KOR,Korea,C26,"Manufacture of computer, electronic and optical products",APEC,APEC,PT_EXGR,2001,76.991,0
EXGR_PSH,"Gross exports, destination partner shares",KOR,Korea,C26,"Manufacture of computer, electronic and optical products",THA,Thailand,PT_EXGR,2001,1.828,0
EXGR_PSH,"Gross exports, destination partner shares",KOR,Korea,C26,"Manufacture of computer, electronic and optical products",IND,India,PT_EXGR,2001,0.639,0
EXGR_PSH,"Gross exports, destination partner shares",KOR,Korea,C26,"Manufacture of computer, electronic and optical products",IRL,Ireland,PT_EXGR,2001,0.423,0
EXGR_PSH,"Gross exports, destination partner shares",KOR,Korea,C26,"Manufacture of computer, electronic and optical products",PAK,Pakistan,PT_EXGR,2001,0.058,0
EXGR_PSH,"Gross exports, destination partner shares",KOR,Korea,C26,"Manufacture of computer, electronic and optical products",W_O,Other countries,PT_EXGR,2001,6.697,0
EXGR_PSH,"Gross exports, destination partner shares",KOR,Korea,C26,"Manufacture of computer, electronic and optical products",TUN,Tunisia,PT_EXGR,2001,0.101,0
EXGR_PSH,"Gross exports, destination partner shares",KOR,Korea,C26,"Manufacture of computer, electronic and optical products",CHL,Chile,PT_EXGR,2001,0.065,0
EXGR_PSH,"Gross exports, destination partner shares",KOR,Korea,C26,"Manufacture of computer, electronic and optical products",SAU,Saudi Arabia,PT_EXGR,2001,0.209,0
EXGR_PSH,"Gross exports, destination partner shares",KOR,Korea,C26,"Manufacture of computer, electronic and optical products",BLR,Belarus,PT_EXGR,2004,0.014,0
EXGR_PSH,"Gross exports, destination partner shares",KOR,Korea,C26,"Manufacture of computer, electronic and optical products",LVA,Latvia,PT_EXGR,2004,0.01,0
EXGR_PSH,"Gross exports, destination partner shares",KOR,Korea,C26,"Manufacture of computer, electronic and optical products",MMR,Myanmar,PT_EXGR,2004,0.008,0
EXGR_PSH,"Gross exports, destination partner shares",KOR,Korea,C26,"Manufacture of computer, electronic and optical products",ISL,Iceland,PT_EXGR,2004,0.007,0
EXGR_PSH,"Gross exports, destination partner shares",KOR,Korea,C26,"Manufacture of computer, electronic and optical products",UKR,Ukraine,PT_EXGR,2004,0.006,0
EXGR_PSH,"Gross exports, destination partner shares",KOR,Korea,C26,"Manufacture of computer, electronic and optical products",BRN,Brunei Darussalam,PT_EXGR,2004,0.003,0
EXGR_PSH,"Gross exports, destination partner shares",KOR,Korea,C26,"Manufacture of computer, electronic and optical products",BGD,Bangladesh,PT_EXGR,2001,0.021,0
EXGR_PSH,"Gross exports, destination partner shares",KOR,Korea,C26,"Manufacture of computer, electronic and optical products",BGR,Bulgaria,PT_EXGR,2001,0.013,0
EXGR_PSH,"Gross exports, destination partner shares",KOR,Korea,C26,"Manufacture of computer, electronic and optical products",MMR,Myanmar,PT_EXGR,2001,0.009,0
EXGR_PSH,"Gross exports, destination partner shares",KOR,Korea,C26,"Manufacture of computer, electronic and optical products",CYP,Cyprus,PT_EXGR,2001,0.008,0
EXGR_PSH,"Gross exports, destination partner shares",KOR,Korea,C26,"Manufacture of computer, electronic and optical products",EST,Estonia,PT_EXGR,2001,0.007,0
EXGR_PSH,"Gross exports, destination partner shares",KOR,Korea,C26,"Manufacture of computer, electronic and optical products",BLR,Belarus,PT_EXGR,2001,0.006,0
EXGR_PSH,"Gross exports, destination partner shares",KOR,Korea,C26,"Manufacture of computer, electronic and optical products",MLT,Malta,PT_EXGR,2001,0.006,0
EXGR_PSH,"Gross exports, destination partner shares",KOR,Korea,C26,"Manufacture of computer, electronic and optical products",LVA,Latvia,PT_EXGR,2001,0.005,0
EXGR_PSH,"Gross exports, destination partner shares",KOR,Korea,C26,"Manufacture of computer, electronic and optical products",ISL,Iceland,PT_EXGR,2001,0.004,0
EXGR_PSH,"Gross exports, destination partner shares",KOR,Korea,C26,"Manufacture of computer, electronic and optical products",CIV,Côte d’Ivoire,PT_EXGR,2001,0.004,0
EXGR_PSH,"Gross exports, destination partner shares",KOR,Korea,C26,"Manufacture of computer, electronic and optical products",BRN,Brunei Darussalam,PT_EXGR,2001,0.004,0
EXGR_PSH,"Gross exports, destination partner shares",KOR,Korea,C26,"Manufacture of computer, electronic and optical products",SEN,Senegal,PT_EXGR,2001,0.003,0
EXGR_PSH,"Gross exports, destination partner shares",KOR,Korea,C26,"Manufacture of computer, electronic and optical products",CIV,Côte d’Ivoire,PT_EXGR,2004,0.002,0
EXGR_PSH,"Gross exports, destination partner shares",KOR,Korea,C26,"Manufacture of computer, electronic and optical products",COD,Democratic Republic of the Congo,PT_EXGR,2004,0.002,0
EXGR_PSH,"Gross exports, destination partner shares",KOR,Korea,C26,"Manufacture of computer, electronic and optical products",KHM,Cambodia,PT_EXGR,2004,0.002,0
EXGR_PSH,"Gross exports, destination partner shares",KOR,Korea,C26,"Manufacture of computer, electronic and optical products",LUX,Luxembourg,PT_EXGR,2004,0.001,0
EXGR_PSH,"Gross exports, destination partner shares",KOR,Korea,C26,"Manufacture of computer, electronic and optical products",CMR,Cameroon,PT_EXGR,2004,0.001,0
EXGR_PSH,"Gross exports, destination partner shares",KOR,Korea,C26,"Manufacture of computer, electronic and optical products",SEN,Senegal,PT_EXGR,2004,0.001,0
EXGR_PSH,"Gross exports, destination partner shares",KOR,Korea,C26,"Manufacture of computer, electronic and optical products",MLT,Malta,PT_EXGR,2004,0.001,0
EXGR_PSH,"Gross exports, destination partner shares",KOR,Korea,C26,"Manufacture of computer, electronic and optical products",CMR,Cameroon,PT_EXGR,2001,0.001,0
EXGR_PSH,"Gross exports, destination partner shares",KOR,Korea,C26,"Manufacture of computer, electronic and optical products",LUX,Luxembourg,PT_EXGR,2001,0.001,0
EXGR_PSH,"Gross exports, destination partner shares",KOR,Korea,C26,"Manufacture of computer, electronic and optical products",COD,Democratic Republic of the Congo,PT_EXGR,2001,0.001,0
EXGR_PSH,"Gross exports, destination partner shares",KOR,Korea,C26,"Manufacture of computer, electronic and optical products",KHM,Cambodia,PT_EXGR,2001,0.006,0
EXGR_PSH,"Gross exports, destination partner shares",KOR,Korea,C26,"Manufacture of computer, electronic and optical products",CRI,Costa Rica,PT_EXGR,2001,0.007,0
EXGR_PSH,"Gross exports, destination partner shares",KOR,Korea,C26,"Manufacture of computer, electronic and optical products",SVN,Slovenia,PT_EXGR,2001,0.02,0
EXGR_PSH,"Gross exports, destination partner shares",KOR,Korea,C26,"Manufacture of computer, electronic and optical products",SVK,Slovak Republic,PT_EXGR,2001,0.024,0
EXGR_PSH,"Gross exports, destination partner shares",KOR,Korea,C26,"Manufacture of computer, electronic and optical products",HRV,Croatia,PT_EXGR,2001,0.03,0
EXGR_PSH,"Gross exports, destination partner shares",KOR,Korea,C26,"Manufacture of computer, electronic and optical products",ROU,Romania,PT_EXGR,2001,0.032,0
EXGR_PSH,"Gross exports, destination partner shares",KOR,Korea,C26,"Manufacture of computer, electronic and optical products",COL,Colombia,PT_EXGR,2001,0.11,0
EXGR_PSH,"Gross exports, destination partner shares",KOR,Korea,C26,"Manufacture of computer, electronic and optical products",AUT,Austria,PT_EXGR,2001,0.343,0
EXGR_PSH,"Gross exports, destination partner shares",KOR,Korea,C26,"Manufacture of computer, electronic and optical products",EGY,Egypt,PT_EXGR,2001,0.079,0
EXGR_PSH,"Gross exports, destination partner shares",KOR,Korea,C26,"Manufacture of computer, electronic and optical products",NOR,Norway,PT_EXGR,2001,0.118,0
EXGR_PSH,"Gross exports, destination partner shares",KOR,Korea,C26,"Manufacture of computer, electronic and optical products",DNK,Denmark,PT_EXGR,2001,0.08,0
EXGR_PSH,"Gross exports, destination partner shares",KOR,Korea,C26,"Manufacture of computer, electronic and optical products",PER,Peru,PT_EXGR,2001,0.09,0
EXGR_PSH,"Gross exports, destination partner shares",KOR,Korea,C26,"Manufacture of computer, electronic and optical products",POL,Poland,PT_EXGR,2001,0.461,0
EXGR_PSH,"Gross exports, destination partner shares",KOR,Korea,C26,"Manufacture of computer, electronic and optical products",AUS,Australia,PT_EXGR,2001,1.891,0
EXGR_PSH,"Gross exports, destination partner shares",KOR,Korea,C26,"Manufacture of computer, electronic and optical products",CZE,Czechia,PT_EXGR,2001,0.097,0
EXGR_PSH,"Gross exports, destination partner shares",KOR,Korea,C26,"Manufacture of computer, electronic and optical products",EU28XEU15,European Union 28 excluding European Union 15 countries,PT_EXGR,2001,1.216,0
EXGR_PSH,"Gross exports, destination partner shares",KOR,Korea,C26,"Manufacture of computer, electronic and optical products",DNK,Denmark,PT_EXGR,2004,0.062,0
EXGR_PSH,"Gross exports, destination partner shares",KOR,Korea,C26,"Manufacture of computer, electronic and optical products",PRT,Portugal,PT_EXGR,2004,0.138,0
EXGR_PSH,"Gross exports, destination partner shares",KOR,Korea,C26,"Manufacture of computer, electronic and optical products",TUN,Tunisia,PT_EXGR,2004,0.034,0
EXGR_PSH,"Gross exports, destination partner shares",KOR,Korea,C26,"Manufacture of computer, electronic and optical products",SVN,Slovenia,PT_EXGR,2004,0.029,0
EXGR_PSH,"Gross exports, destination partner shares",KOR,Korea,C26,"Manufacture of computer, electronic and optical products",JOR,Jordan,PT_EXGR,2004,0.022,0
EXGR_PSH,"Gross exports, destination partner shares",KOR,Korea,C26,"Manufacture of computer, electronic and optical products",CRI,Costa Rica,PT_EXGR,2004,0.01,0
EXGR_PSH,"Gross exports, destination partner shares",KOR,Korea,C26,"Manufacture of computer, electronic and optical products",W,World,PT_EXGR,2001,100,0
EXGR_PSH,"Gross exports, destination partner shares",KOR,Korea,C26,"Manufacture of computer, electronic and optical products",W,World,PT_EXGR,2004,100,0
EXGR_PSH,"Gross exports, destination partner shares",KOR,Korea,C26,"Manufacture of computer, electronic and optical products",KOR,Korea,PT_EXGR,2001,0,0
EXGR_PSH,"Gross exports, destination partner shares",KOR,Korea,C26,"Manufacture of computer, electronic and optical products",LAO,Lao People’s Democratic Republic,PT_EXGR,2001,0,0
EXGR_PSH,"Gross exports, destination partner shares",KOR,Korea,C26,"Manufacture of computer, electronic and optical products",STP,Sao Tome and Principe,PT_EXGR,2001,0,0
EXGR_PSH,"Gross exports, destination partner shares",KOR,Korea,C26,"Manufacture of computer, electronic and optical products",KOR,Korea,PT_EXGR,2004,0,0
EXGR_PSH,"Gross exports, destination partner shares",KOR,Korea,C26,"Manufacture of computer, electronic and optical products",LAO,Lao People’s Democratic Republic,PT_EXGR,2004,0,0
EXGR_PSH,"Gross exports, destination partner shares",KOR,Korea,C26,"Manufacture of computer, electronic and optical products",STP,Sao Tome and Principe,PT_EXGR,2004,0,0
EXGR_PSH,"Gross exports, destination partner shares",KOR,Korea,C26,"Manufacture of computer, electronic and optical products",LTU,Lithuania,PT_EXGR,2002,0.025,0
EXGR_PSH,"Gross exports, destination partner shares",KOR,Korea,C26,"Manufacture of computer, electronic and optical products",GRC,Greece,PT_EXGR,2002,0.066,0
EXGR_PSH,"Gross exports, destination partner shares",KOR,Korea,C26,"Manufacture of computer, electronic and optical products",HKG,Hong Kong (China),PT_EXGR,2002,0.055,0
EXGR_PSH,"Gross exports, destination partner shares",KOR,Korea,C26,"Manufacture of computer, electronic and optical products",F,Africa,PT_EXGR,2002,0.516,0
EXGR_PSH,"Gross exports, destination partner shares",KOR,Korea,C26,"Manufacture of computer, electronic and optical products",ZAF,South Africa,PT_EXGR,2002,0.198,0
EXGR_PSH,"Gross exports, destination partner shares",KOR,Korea,C26,"Manufacture of computer, electronic and optical products",S2_S8,Eastern and South-eastern Asia,PT_EXGR,2002,43.819,0
EXGR_PSH,"Gross exports, destination partner shares",KOR,Korea,C26,"Manufacture of computer, electronic and optical products",NAFTA,NAFTA,PT_EXGR,2002,31.864,0
EXGR_PSH,"Gross exports, destination partner shares",KOR,Korea,C26,"Manufacture of computer, electronic and optical products",CIV,Côte d’Ivoire,PT_EXGR,2002,0.005,0
EXGR_PSH,"Gross exports, destination partner shares",KOR,Korea,C26,"Manufacture of computer, electronic and optical products",CHN,China (People’s Republic of),PT_EXGR,2002,17.638,0
EXGR_PSH,"Gross exports, destination partner shares",KOR,Korea,C26,"Manufacture of computer, electronic and optical products",AUT,Austria,PT_EXGR,2002,0.546,0
EXGR_PSH,"Gross exports, destination partner shares",KOR,Korea,C26,"Manufacture of computer, electronic and optical products",MYS,Malaysia,PT_EXGR,2002,2.467,0
EXGR_PSH,"Gross exports, destination partner shares",KOR,Korea,C26,"Manufacture of computer, electronic and optical products",EGY,Egypt,PT_EXGR,2002,0.075,0
EXGR_PSH,"Gross exports, destination partner shares",KOR,Korea,C26,"Manufacture of computer, electronic and optical products",NOR,Norway,PT_EXGR,2002,0.129,0
EXGR_PSH,"Gross exports, destination partner shares",KOR,Korea,C26,"Manufacture of computer, electronic and optical products",EU27_2020,European Union (27 countries from 01/02/2020),PT_EXGR,2002,10.176,0
EXGR_PSH,"Gross exports, destination partner shares",KOR,Korea,C26,"Manufacture of computer, electronic and optical products",CHE,Switzerland,PT_EXGR,2002,0.103,0
EXGR_PSH,"Gross exports, destination partner shares",KOR,Korea,C26,"Manufacture of computer, electronic and optical products",DNK,Denmark,PT_EXGR,2002,0.057,0
EXGR_PSH,"Gross exports, destination partner shares",KOR,Korea,C26,"Manufacture of computer, electronic and optical products",JPN,Japan,PT_EXGR,2002,9.371,0
EXGR_PSH,"Gross exports, destination partner shares",KOR,Korea,C26,"Manufacture of computer, electronic and optical products",JOR,Jordan,PT_EXGR,2002,0.015,0
EXGR_PSH,"Gross exports, destination partner shares",KOR,Korea,C26,"Manufacture of computer, electronic and optical products",BEL,Belgium,PT_EXGR,2002,0.119,0
EXGR_PSH,"Gross exports, destination partner shares",KOR,Korea,C26,"Manufacture of computer, electronic and optical products",PER,Peru,PT_EXGR,2002,0.095,0
EXGR_PSH,"Gross exports, destination partner shares",KOR,Korea,C26,"Manufacture of computer, electronic and optical products",USA,United States,PT_EXGR,2002,26.414,0
EXGR_PSH,"Gross exports, destination partner shares",KOR,Korea,C26,"Manufacture of computer, electronic and optical products",POL,Poland,PT_EXGR,2002,0.435,0
EXGR_PSH,"Gross exports, destination partner shares",KOR,Korea,C26,"Manufacture of computer, electronic and optical products",PRT,Portugal,PT_EXGR,2002,0.114,0
EXGR_PSH,"Gross exports, destination partner shares",KOR,Korea,C26,"Manufacture of computer, electronic and optical products",ISR,Israel,PT_EXGR,2002,0.328,0
EXGR_PSH,"Gross exports, destination partner shares",KOR,Korea,C26,"Manufacture of computer, electronic and optical products",EU15,European Union (15 countries),PT_EXGR,2002,13.222,0
EXGR_PSH,"Gross exports, destination partner shares",KOR,Korea,C26,"Manufacture of computer, electronic and optical products",WXD,Rest of the world,PT_EXGR,2002,2.582,0
EXGR_PSH,"Gross exports, destination partner shares",KOR,Korea,C26,"Manufacture of computer, electronic and optical products",EA19,Euro area (19 countries),PT_EXGR,2002,8.344,0
EXGR_PSH,"Gross exports, destination partner shares",KOR,Korea,C26,"Manufacture of computer, electronic and optical products",FIN,Finland,PT_EXGR,2002,0.244,0
EXGR_PSH,"Gross exports, destination partner shares",KOR,Korea,C26,"Manufacture of computer, electronic and optical products",ROU,Romania,PT_EXGR,2002,0.081,0
EXGR_PSH,"Gross exports, destination partner shares",KOR,Korea,C26,"Manufacture of computer, electronic and optical products",KAZ,Kazakhstan,PT_EXGR,2002,0.112,0
EXGR_PSH,"Gross exports, destination partner shares",KOR,Korea,C26,"Manufacture of computer, electronic and optical products",MAR,Morocco,PT_EXGR,2002,0.046,0
EXGR_PSH,"Gross exports, destination partner shares",KOR,Korea,C26,"Manufacture of computer, electronic and optical products",RUS,Russia,PT_EXGR,2002,0.712,0
EXGR_PSH,"Gross exports, destination partner shares",KOR,Korea,C26,"Manufacture of computer, electronic and optical products",ARE,United Arab Emirates,PT_EXGR,2002,0.499,0
EXGR_PSH,"Gross exports, destination partner shares",KOR,Korea,C26,"Manufacture of computer, electronic and optical products",VNM,Viet Nam,PT_EXGR,2002,0.286,0
EXGR_PSH,"Gross exports, destination partner shares",KOR,Korea,C26,"Manufacture of computer, electronic and optical products",GBR,United Kingdom,PT_EXGR,2002,4.599,0
EXGR_PSH,"Gross exports, destination partner shares",KOR,Korea,C26,"Manufacture of computer, electronic and optical products",ITA,Italy,PT_EXGR,2002,1.05,0
EXGR_PSH,"Gross exports, destination partner shares",KOR,Korea,C26,"Manufacture of computer, electronic and optical products",UKR,Ukraine,PT_EXGR,2002,0.012,0
EXGR_PSH,"Gross exports, destination partner shares",KOR,Korea,C26,"Manufacture of computer, electronic and optical products",PHL,Philippines,PT_EXGR,2002,1.202,0
EXGR_PSH,"Gross exports, destination partner shares",KOR,Korea,C26,"Manufacture of computer, electronic and optical products",DEU,Germany,PT_EXGR,2002,3.222,0
EXGR_PSH,"Gross exports, destination partner shares",KOR,Korea,C26,"Manufacture of computer, electronic and optical products",ASEAN,ASEAN,PT_EXGR,2002,6.778,0
EXGR_PSH,"Gross exports, destination partner shares",KOR,Korea,C26,"Manufacture of computer, electronic and optical products",OECD,OECD,PT_EXGR,2002,58.521,0
EXGR_PSH,"Gross exports, destination partner shares",KOR,Korea,C26,"Manufacture of computer, electronic and optical products",A5_A7,South and Central America,PT_EXGR,2002,1.64,0
EXGR_PSH,"Gross exports, destination partner shares",KOR,Korea,C26,"Manufacture of computer, electronic and optical products",SGP,Singapore,PT_EXGR,2002,0.275,0
EXGR_PSH,"Gross exports, destination partner shares",KOR,Korea,C26,"Manufacture of computer, electronic and optical products",S2,Eastern Asia,PT_EXGR,2002,37.04,0
EXGR_PSH,"Gross exports, destination partner shares",KOR,Korea,C26,"Manufacture of computer, electronic and optical products",AUS,Australia,PT_EXGR,2002,1.541,0
EXGR_PSH,"Gross exports, destination partner shares",KOR,Korea,C26,"Manufacture of computer, electronic and optical products",NZL,New Zealand,PT_EXGR,2002,0.141,0
EXGR_PSH,"Gross exports, destination partner shares",KOR,Korea,C26,"Manufacture of computer, electronic and optical products",TUR,Türkiye,PT_EXGR,2002,0.183,0
EXGR_PSH,"Gross exports, destination partner shares",KOR,Korea,C26,"Manufacture of computer, electronic and optical products",EU28,European Union (28 countries),PT_EXGR,2002,14.775,0
EXGR_PSH,"Gross exports, destination partner shares",KOR,Korea,C26,"Manufacture of computer, electronic and optical products",CZE,Czechia,PT_EXGR,2002,0.186,0
EXGR_PSH,"Gross exports, destination partner shares",KOR,Korea,C26,"Manufacture of computer, electronic and optical products",SWE,Sweden,PT_EXGR,2002,0.315,0
EXGR_PSH,"Gross exports, destination partner shares",KOR,Korea,C26,"Manufacture of computer, electronic and optical products",EU28XEU15,European Union 28 excluding European Union 15 countries,PT_EXGR,2002,1.553,0
EXGR_PSH,"Gross exports, destination partner shares",KOR,Korea,C26,"Manufacture of computer, electronic and optical products",MEX,Mexico,PT_EXGR,2002,3.815,0
EXGR_PSH,"Gross exports, destination partner shares",KOR,Korea,C26,"Manufacture of computer, electronic and optical products",TWN,Chinese Taipei,PT_EXGR,2002,9.976,0
EXGR_PSH,"Gross exports, destination partner shares",KOR,Korea,C26,"Manufacture of computer, electronic and optical products",ESP,Spain,PT_EXGR,2002,1.139,0
EXGR_PSH,"Gross exports, destination partner shares",KOR,Korea,C26,"Manufacture of computer, electronic and optical products",HUN,Hungary,PT_EXGR,2002,0.689,0
EXGR_PSH,"Gross exports, destination partner shares",KOR,Korea,C26,"Manufacture of computer, electronic and optical products",E,Europe,PT_EXGR,2002,15.735,0
EXGR_PSH,"Gross exports, destination partner shares",KOR,Korea,C26,"Manufacture of computer, electronic and optical products",G20,G20,PT_EXGR,2002,79.152,0
EXGR_PSH,"Gross exports, destination partner shares",KOR,Korea,C26,"Manufacture of computer, electronic and optical products",WXOECD,Non-OECD economies,PT_EXGR,2002,41.479,0
EXGR_PSH,"Gross exports, destination partner shares",KOR,Korea,C26,"Manufacture of computer, electronic and optical products",NLD,Netherlands,PT_EXGR,2002,0.053,0
EXGR_PSH,"Gross exports, destination partner shares",KOR,Korea,C26,"Manufacture of computer, electronic and optical products",BRA,Brazil,PT_EXGR,2002,1.258,0
EXGR_PSH,"Gross exports, destination partner shares",KOR,Korea,C26,"Manufacture of computer, electronic and optical products",IDN,Indonesia,PT_EXGR,2002,0.615,0
EXGR_PSH,"Gross exports, destination partner shares",KOR,Korea,C26,"Manufacture of computer, electronic and optical products",APEC,APEC,PT_EXGR,2002,78.201,0
EXGR_PSH,"Gross exports, destination partner shares",KOR,Korea,C26,"Manufacture of computer, electronic and optical products",THA,Thailand,PT_EXGR,2002,1.91,0
EXGR_PSH,"Gross exports, destination partner shares",KOR,Korea,C26,"Manufacture of computer, electronic and optical products",IND,India,PT_EXGR,2002,0.631,0
EXGR_PSH,"Gross exports, destination partner shares",KOR,Korea,C26,"Manufacture of computer, electronic and optical products",IRL,Ireland,PT_EXGR,2002,0.379,0
EXGR_PSH,"Gross exports, destination partner shares",KOR,Korea,C26,"Manufacture of computer, electronic and optical products",PAK,Pakistan,PT_EXGR,2002,0.058,0
EXGR_PSH,"Gross exports, destination partner shares",KOR,Korea,C26,"Manufacture of computer, electronic and optical products",W_O,Other countries,PT_EXGR,2002,6.426,0
EXGR_PSH,"Gross exports, destination partner shares",KOR,Korea,C26,"Manufacture of computer, electronic and optical products",TUN,Tunisia,PT_EXGR,2002,0.054,0
EXGR_PSH,"Gross exports, destination partner shares",KOR,Korea,C26,"Manufacture of computer, electronic and optical products",CHL,Chile,PT_EXGR,2002,0.045,0
EXGR_PSH,"Gross exports, destination partner shares",KOR,Korea,C26,"Manufacture of computer, electronic and optical products",SAU,Saudi Arabia,PT_EXGR,2002,0.318,0
EXGR_PSH,"Gross exports, destination partner shares",KOR,Korea,C26,"Manufacture of computer, electronic and optical products",KHM,Cambodia,PT_EXGR,2002,0.005,0
EXGR_PSH,"Gross exports, destination partner shares",KOR,Korea,C26,"Manufacture of computer, electronic and optical products",BRN,Brunei Darussalam,PT_EXGR,2002,0.007,0
EXGR_PSH,"Gross exports, destination partner shares",KOR,Korea,C26,"Manufacture of computer, electronic and optical products",CYP,Cyprus,PT_EXGR,2002,0.007,0
EXGR_PSH,"Gross exports, destination partner shares",KOR,Korea,C26,"Manufacture of computer, electronic and optical products",EST,Estonia,PT_EXGR,2002,0.008,0
EXGR_PSH,"Gross exports, destination partner shares",KOR,Korea,C26,"Manufacture of computer, electronic and optical products",MMR,Myanmar,PT_EXGR,2002,0.01,0
EXGR_PSH,"Gross exports, destination partner shares",KOR,Korea,C26,"Manufacture of computer, electronic and optical products",LVA,Latvia,PT_EXGR,2002,0.004,0
EXGR_PSH,"Gross exports, destination partner shares",KOR,Korea,C26,"Manufacture of computer, electronic and optical products",BLR,Belarus,PT_EXGR,2002,0.003,0
EXGR_PSH,"Gross exports, destination partner shares",KOR,Korea,C26,"Manufacture of computer, electronic and optical products",AGO,Angola,PT_EXGR,2002,0.003,0
EXGR_PSH,"Gross exports, destination partner shares",KOR,Korea,C26,"Manufacture of computer, electronic and optical products",COD,Democratic Republic of the Congo,PT_EXGR,2002,0.002,0
EXGR_PSH,"Gross exports, destination partner shares",KOR,Korea,C26,"Manufacture of computer, electronic and optical products",LUX,Luxembourg,PT_EXGR,2002,0.001,0
EXGR_PSH,"Gross exports, destination partner shares",KOR,Korea,C26,"Manufacture of computer, electronic and optical products",MLT,Malta,PT_EXGR,2002,0.001,0
EXGR_PSH,"Gross exports, destination partner shares",KOR,Korea,C26,"Manufacture of computer, electronic and optical products",CMR,Cameroon,PT_EXGR,2002,0.001,0
EXGR_PSH,"Gross exports, destination partner shares",KOR,Korea,C26,"Manufacture of computer, electronic and optical products",SEN,Senegal,PT_EXGR,2002,0.003,0
EXGR_PSH,"Gross exports, destination partner shares",KOR,Korea,C26,"Manufacture of computer, electronic and optical products",ISL,Iceland,PT_EXGR,2002,0.003,0
EXGR_PSH,"Gross exports, destination partner shares",KOR,Korea,C26,"Manufacture of computer, electronic and optical products",CRI,Costa Rica,PT_EXGR,2002,0.007,0
EXGR_PSH,"Gross exports, destination partner shares",KOR,Korea,C26,"Manufacture of computer, electronic and optical products",SVN,Slovenia,PT_EXGR,2002,0.026,0
EXGR_PSH,"Gross exports, destination partner shares",KOR,Korea,C26,"Manufacture of computer, electronic and optical products",COL,Colombia,PT_EXGR,2002,0.188,0
EXGR_PSH,"Gross exports, destination partner shares",KOR,Korea,C26,"Manufacture of computer, electronic and optical products",NGA,Nigeria,PT_EXGR,2002,0.13,0
EXGR_PSH,"Gross exports, destination partner shares",KOR,Korea,C26,"Manufacture of computer, electronic and optical products",BGR,Bulgaria,PT_EXGR,2002,0.02,0
EXGR_PSH,"Gross exports, destination partner shares",KOR,Korea,C26,"Manufacture of computer, electronic and optical products",BGD,Bangladesh,PT_EXGR,2002,0.018,0
EXGR_PSH,"Gross exports, destination partner shares",KOR,Korea,C26,"Manufacture of computer, electronic and optical products",FRA,France,PT_EXGR,2002,1.319,0
EXGR_PSH,"Gross exports, destination partner shares",KOR,Korea,C26,"Manufacture of computer, electronic and optical products",CAN,Canada,PT_EXGR,2002,1.634,0
EXGR_PSH,"Gross exports, destination partner shares",KOR,Korea,C26,"Manufacture of computer, electronic and optical products",ARG,Argentina,PT_EXGR,2002,0.047,0
EXGR_PSH,"Gross exports, destination partner shares",KOR,Korea,C26,"Manufacture of computer, electronic and optical products",HRV,Croatia,PT_EXGR,2002,0.048,0
EXGR_PSH,"Gross exports, destination partner shares",KOR,Korea,C26,"Manufacture of computer, electronic and optical products",SVK,Slovak Republic,PT_EXGR,2002,0.022,0
EXGR_PSH,"Gross exports, destination partner shares",KOR,Korea,C26,"Manufacture of computer, electronic and optical products",W,World,PT_EXGR,2002,100,0
EXGR_PSH,"Gross exports, destination partner shares",KOR,Korea,C26,"Manufacture of computer, electronic and optical products",KOR,Korea,PT_EXGR,2002,0,0
EXGR_PSH,"Gross exports, destination partner shares",KOR,Korea,C26,"Manufacture of computer, electronic and optical products",LAO,Lao People’s Democratic Republic,PT_EXGR,2002,0,0
EXGR_PSH,"Gross exports, destination partner shares",KOR,Korea,C26,"Manufacture of computer, electronic and optical products",STP,Sao Tome and Principe,PT_EXGR,2002,0,0
EXGR_PSH,"Gross exports, destination partner shares",KOR,Korea,C26,"Manufacture of computer, electronic and optical products",LTU,Lithuania,PT_EXGR,2000,0.011,0
EXGR_PSH,"Gross exports, destination partner shares",KOR,Korea,C26,"Manufacture of computer, electronic and optical products",GRC,Greece,PT_EXGR,2000,0.067,0
EXGR_PSH,"Gross exports, destination partner shares",KOR,Korea,C26,"Manufacture of computer, electronic and optical products",BLR,Belarus,PT_EXGR,2000,0.004,0
EXGR_PSH,"Gross exports, destination partner shares",KOR,Korea,C26,"Manufacture of computer, electronic and optical products",HKG,Hong Kong (China),PT_EXGR,2000,0.059,0
EXGR_PSH,"Gross exports, destination partner shares",KOR,Korea,C26,"Manufacture of computer, electronic and optical products",F,Africa,PT_EXGR,2000,0.336,0
EXGR_PSH,"Gross exports, destination partner shares",KOR,Korea,C26,"Manufacture of computer, electronic and optical products",ZAF,South Africa,PT_EXGR,2000,0.145,0
EXGR_PSH,"Gross exports, destination partner shares",KOR,Korea,C26,"Manufacture of computer, electronic and optical products",S2_S8,Eastern and South-eastern Asia,PT_EXGR,2000,36.364,0
EXGR_PSH,"Gross exports, destination partner shares",KOR,Korea,C26,"Manufacture of computer, electronic and optical products",NAFTA,NAFTA,PT_EXGR,2000,39.5,0
EXGR_PSH,"Gross exports, destination partner shares",KOR,Korea,C26,"Manufacture of computer, electronic and optical products",COL,Colombia,PT_EXGR,2000,0.088,0
EXGR_PSH,"Gross exports, destination partner shares",KOR,Korea,C26,"Manufacture of computer, electronic and optical products",CHN,China (People’s Republic of),PT_EXGR,2000,8.699,0
EXGR_PSH,"Gross exports, destination partner shares",KOR,Korea,C26,"Manufacture of computer, electronic and optical products",AUT,Austria,PT_EXGR,2000,0.288,0
EXGR_PSH,"Gross exports, destination partner shares",KOR,Korea,C26,"Manufacture of computer, electronic and optical products",MYS,Malaysia,PT_EXGR,2000,1.744,0
EXGR_PSH,"Gross exports, destination partner shares",KOR,Korea,C26,"Manufacture of computer, electronic and optical products",NOR,Norway,PT_EXGR,2000,0.132,0
EXGR_PSH,"Gross exports, destination partner shares",KOR,Korea,C26,"Manufacture of computer, electronic and optical products",EU27_2020,European Union (27 countries from 01/02/2020),PT_EXGR,2000,11.051,0
EXGR_PSH,"Gross exports, destination partner shares",KOR,Korea,C26,"Manufacture of computer, electronic and optical products",CHE,Switzerland,PT_EXGR,2000,0.07,0
EXGR_PSH,"Gross exports, destination partner shares",KOR,Korea,C26,"Manufacture of computer, electronic and optical products",DNK,Denmark,PT_EXGR,2000,0.056,0
EXGR_PSH,"Gross exports, destination partner shares",KOR,Korea,C26,"Manufacture of computer, electronic and optical products",JPN,Japan,PT_EXGR,2000,12.48,0
EXGR_PSH,"Gross exports, destination partner shares",KOR,Korea,C26,"Manufacture of computer, electronic and optical products",BEL,Belgium,PT_EXGR,2000,0.095,0
EXGR_PSH,"Gross exports, destination partner shares",KOR,Korea,C26,"Manufacture of computer, electronic and optical products",PER,Peru,PT_EXGR,2000,0.068,0
EXGR_PSH,"Gross exports, destination partner shares",KOR,Korea,C26,"Manufacture of computer, electronic and optical products",USA,United States,PT_EXGR,2000,34.707,0
EXGR_PSH,"Gross exports, destination partner shares",KOR,Korea,C26,"Manufacture of computer, electronic and optical products",BGD,Bangladesh,PT_EXGR,2000,0.02,0
EXGR_PSH,"Gross exports, destination partner shares",KOR,Korea,C26,"Manufacture of computer, electronic and optical products",FRA,France,PT_EXGR,2000,1.83,0
EXGR_PSH,"Gross exports, destination partner shares",KOR,Korea,C26,"Manufacture of computer, electronic and optical products",POL,Poland,PT_EXGR,2000,0.322,0
EXGR_PSH,"Gross exports, destination partner shares",KOR,Korea,C26,"Manufacture of computer, electronic and optical products",PRT,Portugal,PT_EXGR,2000,0.342,0
EXGR_PSH,"Gross exports, destination partner shares",KOR,Korea,C26,"Manufacture of computer, electronic and optical products",ISR,Israel,PT_EXGR,2000,0.196,0
EXGR_PSH,"Gross exports, destination partner shares",KOR,Korea,C26,"Manufacture of computer, electronic and optical products",EU15,European Union (15 countries),PT_EXGR,2000,14.998,0
EXGR_PSH,"Gross exports, destination partner shares",KOR,Korea,C26,"Manufacture of computer, electronic and optical products",WXD,Rest of the world,PT_EXGR,2000,2.179,0
EXGR_PSH,"Gross exports, destination partner shares",KOR,Korea,C26,"Manufacture of computer, electronic and optical products",EA19,Euro area (19 countries),PT_EXGR,2000,9.617,0
EXGR_PSH,"Gross exports, destination partner shares",KOR,Korea,C26,"Manufacture of computer, electronic and optical products",FIN,Finland,PT_EXGR,2000,0.67,0
EXGR_PSH,"Gross exports, destination partner shares",KOR,Korea,C26,"Manufacture of computer, electronic and optical products",MAR,Morocco,PT_EXGR,2000,0.036,0
EXGR_PSH,"Gross exports, destination partner shares",KOR,Korea,C26,"Manufacture of computer, electronic and optical products",RUS,Russia,PT_EXGR,2000,0.33,0
EXGR_PSH,"Gross exports, destination partner shares",KOR,Korea,C26,"Manufacture of computer, electronic and optical products",ARE,United Arab Emirates,PT_EXGR,2000,0.243,0
EXGR_PSH,"Gross exports, destination partner shares",KOR,Korea,C26,"Manufacture of computer, electronic and optical products",VNM,Viet Nam,PT_EXGR,2000,0.137,0
EXGR_PSH,"Gross exports, destination partner shares",KOR,Korea,C26,"Manufacture of computer, electronic and optical products",CAN,Canada,PT_EXGR,2000,1.781,0
EXGR_PSH,"Gross exports, destination partner shares",KOR,Korea,C26,"Manufacture of computer, electronic and optical products",GBR,United Kingdom,PT_EXGR,2000,5.093,0
EXGR_PSH,"Gross exports, destination partner shares",KOR,Korea,C26,"Manufacture of computer, electronic and optical products",ITA,Italy,PT_EXGR,2000,0.913,0
EXGR_PSH,"Gross exports, destination partner shares",KOR,Korea,C26,"Manufacture of computer, electronic and optical products",UKR,Ukraine,PT_EXGR,2000,0.012,0
EXGR_PSH,"Gross exports, destination partner shares",KOR,Korea,C26,"Manufacture of computer, electronic and optical products",PHL,Philippines,PT_EXGR,2000,0.255,0
EXGR_PSH,"Gross exports, destination partner shares",KOR,Korea,C26,"Manufacture of computer, electronic and optical products",DEU,Germany,PT_EXGR,2000,4.031,0
EXGR_PSH,"Gross exports, destination partner shares",KOR,Korea,C26,"Manufacture of computer, electronic and optical products",ASEAN,ASEAN,PT_EXGR,2000,5.115,0
EXGR_PSH,"Gross exports, destination partner shares",KOR,Korea,C26,"Manufacture of computer, electronic and optical products",OECD,OECD,PT_EXGR,2000,70.534,0
EXGR_PSH,"Gross exports, destination partner shares",KOR,Korea,C26,"Manufacture of computer, electronic and optical products",A5_A7,South and Central America,PT_EXGR,2000,1.918,0
EXGR_PSH,"Gross exports, destination partner shares",KOR,Korea,C26,"Manufacture of computer, electronic and optical products",SGP,Singapore,PT_EXGR,2000,0.938,0
EXGR_PSH,"Gross exports, destination partner shares",KOR,Korea,C26,"Manufacture of computer, electronic and optical products",S2,Eastern Asia,PT_EXGR,2000,31.248,0
EXGR_PSH,"Gross exports, destination partner shares",KOR,Korea,C26,"Manufacture of computer, electronic and optical products",ARG,Argentina,PT_EXGR,2000,0.299,0
EXGR_PSH,"Gross exports, destination partner shares",KOR,Korea,C26,"Manufacture of computer, electronic and optical products",AUS,Australia,PT_EXGR,2000,1.619,0
EXGR_PSH,"Gross exports, destination partner shares",KOR,Korea,C26,"Manufacture of computer, electronic and optical products",NZL,New Zealand,PT_EXGR,2000,0.072,0
EXGR_PSH,"Gross exports, destination partner shares",KOR,Korea,C26,"Manufacture of computer, electronic and optical products",TUR,Türkiye,PT_EXGR,2000,0.219,0
EXGR_PSH,"Gross exports, destination partner shares",KOR,Korea,C26,"Manufacture of computer, electronic and optical products",EU28,European Union (28 countries),PT_EXGR,2000,16.144,0
EXGR_PSH,"Gross exports, destination partner shares",KOR,Korea,C26,"Manufacture of computer, electronic and optical products",CZE,Czechia,PT_EXGR,2000,0.05,0
EXGR_PSH,"Gross exports, destination partner shares",KOR,Korea,C26,"Manufacture of computer, electronic and optical products",SWE,Sweden,PT_EXGR,2000,0.295,0
EXGR_PSH,"Gross exports, destination partner shares",KOR,Korea,C26,"Manufacture of computer, electronic and optical products",EU28XEU15,European Union 28 excluding European Union 15 countries,PT_EXGR,2000,1.146,0
EXGR_PSH,"Gross exports, destination partner shares",KOR,Korea,C26,"Manufacture of computer, electronic and optical products",MEX,Mexico,PT_EXGR,2000,3.012,0
EXGR_PSH,"Gross exports, destination partner shares",KOR,Korea,C26,"Manufacture of computer, electronic and optical products",TWN,Chinese Taipei,PT_EXGR,2000,10.01,0
EXGR_PSH,"Gross exports, destination partner shares",KOR,Korea,C26,"Manufacture of computer, electronic and optical products",ESP,Spain,PT_EXGR,2000,0.818,0
EXGR_PSH,"Gross exports, destination partner shares",KOR,Korea,C26,"Manufacture of computer, electronic and optical products",HUN,Hungary,PT_EXGR,2000,0.673,0
EXGR_PSH,"Gross exports, destination partner shares",KOR,Korea,C26,"Manufacture of computer, electronic and optical products",E,Europe,PT_EXGR,2000,16.696,0
EXGR_PSH,"Gross exports, destination partner shares",KOR,Korea,C26,"Manufacture of computer, electronic and optical products",G20,G20,PT_EXGR,2000,81.83,0
EXGR_PSH,"Gross exports, destination partner shares",KOR,Korea,C26,"Manufacture of computer, electronic and optical products",WXOECD,Non-OECD economies,PT_EXGR,2000,29.466,0
EXGR_PSH,"Gross exports, destination partner shares",KOR,Korea,C26,"Manufacture of computer, electronic and optical products",NLD,Netherlands,PT_EXGR,2000,0.34,0
EXGR_PSH,"Gross exports, destination partner shares",KOR,Korea,C26,"Manufacture of computer, electronic and optical products",BRA,Brazil,PT_EXGR,2000,1.404,0
EXGR_PSH,"Gross exports, destination partner shares",KOR,Korea,C26,"Manufacture of computer, electronic and optical products",CRI,Costa Rica,PT_EXGR,2000,0.007,0
EXGR_PSH,"Gross exports, destination partner shares",KOR,Korea,C26,"Manufacture of computer, electronic and optical products",IDN,Indonesia,PT_EXGR,2000,0.45,0
EXGR_PSH,"Gross exports, destination partner shares",KOR,Korea,C26,"Manufacture of computer, electronic and optical products",APEC,APEC,PT_EXGR,2000,77.99,0
EXGR_PSH,"Gross exports, destination partner shares",KOR,Korea,C26,"Manufacture of computer, electronic and optical products",THA,Thailand,PT_EXGR,2000,1.575,0
EXGR_PSH,"Gross exports, destination partner shares",KOR,Korea,C26,"Manufacture of computer, electronic and optical products",IND,India,PT_EXGR,2000,0.277,0
EXGR_PSH,"Gross exports, destination partner shares",KOR,Korea,C26,"Manufacture of computer, electronic and optical products",IRL,Ireland,PT_EXGR,2000,0.16,0
EXGR_PSH,"Gross exports, destination partner shares",KOR,Korea,C26,"Manufacture of computer, electronic and optical products",PAK,Pakistan,PT_EXGR,2000,0.073,0
EXGR_PSH,"Gross exports, destination partner shares",KOR,Korea,C26,"Manufacture of computer, electronic and optical products",W_O,Other countries,PT_EXGR,2000,5.187,0
EXGR_PSH,"Gross exports, destination partner shares",KOR,Korea,C26,"Manufacture of computer, electronic and optical products",TUN,Tunisia,PT_EXGR,2000,0.072,0
EXGR_PSH,"Gross exports, destination partner shares",KOR,Korea,C26,"Manufacture of computer, electronic and optical products",CHL,Chile,PT_EXGR,2000,0.052,0
EXGR_PSH,"Gross exports, destination partner shares",KOR,Korea,C26,"Manufacture of computer, electronic and optical products",SAU,Saudi Arabia,PT_EXGR,2000,0.264,0
EXGR_PSH,"Gross exports, destination partner shares",KOR,Korea,C26,"Manufacture of computer, electronic and optical products",GRC,Greece,PT_EXGR,1999,0.069,0
EXGR_PSH,"Gross exports, destination partner shares",KOR,Korea,C26,"Manufacture of computer, electronic and optical products",HKG,Hong Kong (China),PT_EXGR,1999,0.075,0
EXGR_PSH,"Gross exports, destination partner shares",KOR,Korea,C26,"Manufacture of computer, electronic and optical products",F,Africa,PT_EXGR,1999,0.456,0
EXGR_PSH,"Gross exports, destination partner shares",KOR,Korea,C26,"Manufacture of computer, electronic and optical products",SVN,Slovenia,PT_EXGR,1999,0.021,0
EXGR_PSH,"Gross exports, destination partner shares",KOR,Korea,C26,"Manufacture of computer, electronic and optical products",ZAF,South Africa,PT_EXGR,1999,0.173,0
EXGR_PSH,"Gross exports, destination partner shares",KOR,Korea,C26,"Manufacture of computer, electronic and optical products",S2_S8,Eastern and South-eastern Asia,PT_EXGR,1999,36.216,0
EXGR_PSH,"Gross exports, destination partner shares",KOR,Korea,C26,"Manufacture of computer, electronic and optical products",NAFTA,NAFTA,PT_EXGR,1999,39.547,0
EXGR_PSH,"Gross exports, destination partner shares",KOR,Korea,C26,"Manufacture of computer, electronic and optical products",COL,Colombia,PT_EXGR,1999,0.07,0
EXGR_PSH,"Gross exports, destination partner shares",KOR,Korea,C26,"Manufacture of computer, electronic and optical products",CIV,Côte d’Ivoire,PT_EXGR,1999,0.004,0
EXGR_PSH,"Gross exports, destination partner shares",KOR,Korea,C26,"Manufacture of computer, electronic and optical products",CHN,China (People’s Republic of),PT_EXGR,1999,6.738,0
EXGR_PSH,"Gross exports, destination partner shares",KOR,Korea,C26,"Manufacture of computer, electronic and optical products",NGA,Nigeria,PT_EXGR,1999,0.093,0
EXGR_PSH,"Gross exports, destination partner shares",KOR,Korea,C26,"Manufacture of computer, electronic and optical products",AUT,Austria,PT_EXGR,1999,0.331,0
EXGR_PSH,"Gross exports, destination partner shares",KOR,Korea,C26,"Manufacture of computer, electronic and optical products",MYS,Malaysia,PT_EXGR,1999,2.544,0
EXGR_PSH,"Gross exports, destination partner shares",KOR,Korea,C26,"Manufacture of computer, electronic and optical products",EGY,Egypt,PT_EXGR,1999,0.076,0
EXGR_PSH,"Gross exports, destination partner shares",KOR,Korea,C26,"Manufacture of computer, electronic and optical products",NOR,Norway,PT_EXGR,1999,0.167,0
EXGR_PSH,"Gross exports, destination partner shares",KOR,Korea,C26,"Manufacture of computer, electronic and optical products",EU27_2020,European Union (27 countries from 01/02/2020),PT_EXGR,1999,11.029,0
EXGR_PSH,"Gross exports, destination partner shares",KOR,Korea,C26,"Manufacture of computer, electronic and optical products",DNK,Denmark,PT_EXGR,1999,0.071,0
EXGR_PSH,"Gross exports, destination partner shares",KOR,Korea,C26,"Manufacture of computer, electronic and optical products",JPN,Japan,PT_EXGR,1999,11.225,0
EXGR_PSH,"Gross exports, destination partner shares",KOR,Korea,C26,"Manufacture of computer, electronic and optical products",JOR,Jordan,PT_EXGR,1999,0.02,0
EXGR_PSH,"Gross exports, destination partner shares",KOR,Korea,C26,"Manufacture of computer, electronic and optical products",BEL,Belgium,PT_EXGR,1999,0.051,0
EXGR_PSH,"Gross exports, destination partner shares",KOR,Korea,C26,"Manufacture of computer, electronic and optical products",PER,Peru,PT_EXGR,1999,0.083,0
EXGR_PSH,"Gross exports, destination partner shares",KOR,Korea,C26,"Manufacture of computer, electronic and optical products",USA,United States,PT_EXGR,1999,34.242,0
EXGR_PSH,"Gross exports, destination partner shares",KOR,Korea,C26,"Manufacture of computer, electronic and optical products",BGD,Bangladesh,PT_EXGR,1999,0.025,0
EXGR_PSH,"Gross exports, destination partner shares",KOR,Korea,C26,"Manufacture of computer, electronic and optical products",FRA,France,PT_EXGR,1999,1.916,0
EXGR_PSH,"Gross exports, destination partner shares",KOR,Korea,C26,"Manufacture of computer, electronic and optical products",POL,Poland,PT_EXGR,1999,0.392,0
EXGR_PSH,"Gross exports, destination partner shares",KOR,Korea,C26,"Manufacture of computer, electronic and optical products",PRT,Portugal,PT_EXGR,1999,0.384,0
EXGR_PSH,"Gross exports, destination partner shares",KOR,Korea,C26,"Manufacture of computer, electronic and optical products",ISR,Israel,PT_EXGR,1999,0.207,0
EXGR_PSH,"Gross exports, destination partner shares",KOR,Korea,C26,"Manufacture of computer, electronic and optical products",EU15,European Union (15 countries),PT_EXGR,1999,14.971,0
EXGR_PSH,"Gross exports, destination partner shares",KOR,Korea,C26,"Manufacture of computer, electronic and optical products",WXD,Rest of the world,PT_EXGR,1999,2.421,0
EXGR_PSH,"Gross exports, destination partner shares",KOR,Korea,C26,"Manufacture of computer, electronic and optical products",EA19,Euro area (19 countries),PT_EXGR,1999,9.75,0
EXGR_PSH,"Gross exports, destination partner shares",KOR,Korea,C26,"Manufacture of computer, electronic and optical products",FIN,Finland,PT_EXGR,1999,0.529,0
EXGR_PSH,"Gross exports, destination partner shares",KOR,Korea,C26,"Manufacture of computer, electronic and optical products",ROU,Romania,PT_EXGR,1999,0.094,0
EXGR_PSH,"Gross exports, destination partner shares",KOR,Korea,C26,"Manufacture of computer, electronic and optical products",KAZ,Kazakhstan,PT_EXGR,1999,0.083,0
EXGR_PSH,"Gross exports, destination partner shares",KOR,Korea,C26,"Manufacture of computer, electronic and optical products",RUS,Russia,PT_EXGR,1999,0.159,0
EXGR_PSH,"Gross exports, destination partner shares",KOR,Korea,C26,"Manufacture of computer, electronic and optical products",ARE,United Arab Emirates,PT_EXGR,1999,0.167,0
EXGR_PSH,"Gross exports, destination partner shares",KOR,Korea,C26,"Manufacture of computer, electronic and optical products",VNM,Viet Nam,PT_EXGR,1999,0.178,0
EXGR_PSH,"Gross exports, destination partner shares",KOR,Korea,C26,"Manufacture of computer, electronic and optical products",CAN,Canada,PT_EXGR,1999,1.997,0
EXGR_PSH,"Gross exports, destination partner shares",KOR,Korea,C26,"Manufacture of computer, electronic and optical products",MMR,Myanmar,PT_EXGR,1999,0.016,0
EXGR_PSH,"Gross exports, destination partner shares",KOR,Korea,C26,"Manufacture of computer, electronic and optical products",GBR,United Kingdom,PT_EXGR,1999,5.018,0
EXGR_PSH,"Gross exports, destination partner shares",KOR,Korea,C26,"Manufacture of computer, electronic and optical products",ITA,Italy,PT_EXGR,1999,1.11,0
EXGR_PSH,"Gross exports, destination partner shares",KOR,Korea,C26,"Manufacture of computer, electronic and optical products",UKR,Ukraine,PT_EXGR,1999,0.014,0
EXGR_PSH,"Gross exports, destination partner shares",KOR,Korea,C26,"Manufacture of computer, electronic and optical products",PHL,Philippines,PT_EXGR,1999,1.429,0
EXGR_PSH,"Gross exports, destination partner shares",KOR,Korea,C26,"Manufacture of computer, electronic and optical products",DEU,Germany,PT_EXGR,1999,3.998,0
EXGR_PSH,"Gross exports, destination partner shares",KOR,Korea,C26,"Manufacture of computer, electronic and optical products",ASEAN,ASEAN,PT_EXGR,1999,6.724,0
EXGR_PSH,"Gross exports, destination partner shares",KOR,Korea,C26,"Manufacture of computer, electronic and optical products",OECD,OECD,PT_EXGR,1999,69.193,0
EXGR_PSH,"Gross exports, destination partner shares",KOR,Korea,C26,"Manufacture of computer, electronic and optical products",A5_A7,South and Central America,PT_EXGR,1999,1.884,0
EXGR_PSH,"Gross exports, destination partner shares",KOR,Korea,C26,"Manufacture of computer, electronic and optical products",SGP,Singapore,PT_EXGR,1999,0.665,0
EXGR_PSH,"Gross exports, destination partner shares",KOR,Korea,C26,"Manufacture of computer, electronic and optical products",S2,Eastern Asia,PT_EXGR,1999,29.491,0
EXGR_PSH,"Gross exports, destination partner shares",KOR,Korea,C26,"Manufacture of computer, electronic and optical products",ARG,Argentina,PT_EXGR,1999,0.39,0
EXGR_PSH,"Gross exports, destination partner shares",KOR,Korea,C26,"Manufacture of computer, electronic and optical products",AUS,Australia,PT_EXGR,1999,1.598,0
EXGR_PSH,"Gross exports, destination partner shares",KOR,Korea,C26,"Manufacture of computer, electronic and optical products",NZL,New Zealand,PT_EXGR,1999,0.117,0
EXGR_PSH,"Gross exports, destination partner shares",KOR,Korea,C26,"Manufacture of computer, electronic and optical products",TUR,Türkiye,PT_EXGR,1999,0.191,0
EXGR_PSH,"Gross exports, destination partner shares",KOR,Korea,C26,"Manufacture of computer, electronic and optical products",HRV,Croatia,PT_EXGR,1999,0.017,0
EXGR_PSH,"Gross exports, destination partner shares",KOR,Korea,C26,"Manufacture of computer, electronic and optical products",EU28,European Union (28 countries),PT_EXGR,1999,16.046,0
EXGR_PSH,"Gross exports, destination partner shares",KOR,Korea,C26,"Manufacture of computer, electronic and optical products",CZE,Czechia,PT_EXGR,1999,0.064,0
EXGR_PSH,"Gross exports, destination partner shares",KOR,Korea,C26,"Manufacture of computer, electronic and optical products",SWE,Sweden,PT_EXGR,1999,0.196,0
EXGR_PSH,"Gross exports, destination partner shares",KOR,Korea,C26,"Manufacture of computer, electronic and optical products",EU28XEU15,European Union 28 excluding European Union 15 countries,PT_EXGR,1999,1.075,0
EXGR_PSH,"Gross exports, destination partner shares",KOR,Korea,C26,"Manufacture of computer, electronic and optical products",MEX,Mexico,PT_EXGR,1999,3.308,0
EXGR_PSH,"Gross exports, destination partner shares",KOR,Korea,C26,"Manufacture of computer, electronic and optical products",TWN,Chinese Taipei,PT_EXGR,1999,11.453,0
EXGR_PSH,"Gross exports, destination partner shares",KOR,Korea,C26,"Manufacture of computer, electronic and optical products",ESP,Spain,PT_EXGR,1999,0.646,0
EXGR_PSH,"Gross exports, destination partner shares",KOR,Korea,C26,"Manufacture of computer, electronic and optical products",HUN,Hungary,PT_EXGR,1999,0.441,0
EXGR_PSH,"Gross exports, destination partner shares",KOR,Korea,C26,"Manufacture of computer, electronic and optical products",E,Europe,PT_EXGR,1999,16.491,0
EXGR_PSH,"Gross exports, destination partner shares",KOR,Korea,C26,"Manufacture of computer, electronic and optical products",G20,G20,PT_EXGR,1999,78.503,0
EXGR_PSH,"Gross exports, destination partner shares",KOR,Korea,C26,"Manufacture of computer, electronic and optical products",AGO,Angola,PT_EXGR,1999,0.003,0
EXGR_PSH,"Gross exports, destination partner shares",KOR,Korea,C26,"Manufacture of computer, electronic and optical products",WXOECD,Non-OECD economies,PT_EXGR,1999,30.807,0
EXGR_PSH,"Gross exports, destination partner shares",KOR,Korea,C26,"Manufacture of computer, electronic and optical products",NLD,Netherlands,PT_EXGR,1999,0.349,0
EXGR_PSH,"Gross exports, destination partner shares",KOR,Korea,C26,"Manufacture of computer, electronic and optical products",BRA,Brazil,PT_EXGR,1999,1.29,0
EXGR_PSH,"Gross exports, destination partner shares",KOR,Korea,C26,"Manufacture of computer, electronic and optical products",CRI,Costa Rica,PT_EXGR,1999,0.012,0
EXGR_PSH,"Gross exports, destination partner shares",KOR,Korea,C26,"Manufacture of computer, electronic and optical products",IDN,Indonesia,PT_EXGR,1999,0.665,0
EXGR_PSH,"Gross exports, destination partner shares",KOR,Korea,C26,"Manufacture of computer, electronic and optical products",APEC,APEC,PT_EXGR,1999,77.741,0
EXGR_PSH,"Gross exports, destination partner shares",KOR,Korea,C26,"Manufacture of computer, electronic and optical products",THA,Thailand,PT_EXGR,1999,1.222,0
EXGR_PSH,"Gross exports, destination partner shares",KOR,Korea,C26,"Manufacture of computer, electronic and optical products",IND,India,PT_EXGR,1999,0.344,0
EXGR_PSH,"Gross exports, destination partner shares",KOR,Korea,C26,"Manufacture of computer, electronic and optical products",IRL,Ireland,PT_EXGR,1999,0.3,0
EXGR_PSH,"Gross exports, destination partner shares",KOR,Korea,C26,"Manufacture of computer, electronic and optical products",W_O,Other countries,PT_EXGR,1999,5.406,0
EXGR_PSH,"Gross exports, destination partner shares",KOR,Korea,C26,"Manufacture of computer, electronic and optical products",TUN,Tunisia,PT_EXGR,1999,0.083,0
EXGR_PSH,"Gross exports, destination partner shares",KOR,Korea,C26,"Manufacture of computer, electronic and optical products",CHL,Chile,PT_EXGR,1999,0.039,0
EXGR_PSH,"Gross exports, destination partner shares",KOR,Korea,C26,"Manufacture of computer, electronic and optical products",SAU,Saudi Arabia,PT_EXGR,1999,0.136,0
EXGR_PSH,"Gross exports, destination partner shares",KOR,Korea,C26,"Manufacture of computer, electronic and optical products",ROU,Romania,PT_EXGR,2000,0.017,0
EXGR_PSH,"Gross exports, destination partner shares",KOR,Korea,C26,"Manufacture of computer, electronic and optical products",MMR,Myanmar,PT_EXGR,2000,0.012,0
EXGR_PSH,"Gross exports, destination partner shares",KOR,Korea,C26,"Manufacture of computer, electronic and optical products",EST,Estonia,PT_EXGR,2000,0.008,0
EXGR_PSH,"Gross exports, destination partner shares",KOR,Korea,C26,"Manufacture of computer, electronic and optical products",CYP,Cyprus,PT_EXGR,2000,0.007,0
EXGR_PSH,"Gross exports, destination partner shares",KOR,Korea,C26,"Manufacture of computer, electronic and optical products",BGR,Bulgaria,PT_EXGR,2000,0.005,0
EXGR_PSH,"Gross exports, destination partner shares",KOR,Korea,C26,"Manufacture of computer, electronic and optical products",KAZ,Kazakhstan,PT_EXGR,2000,0.005,0
EXGR_PSH,"Gross exports, destination partner shares",KOR,Korea,C26,"Manufacture of computer, electronic and optical products",LVA,Latvia,PT_EXGR,2000,0.004,0
EXGR_PSH,"Gross exports, destination partner shares",KOR,Korea,C26,"Manufacture of computer, electronic and optical products",ISL,Iceland,PT_EXGR,2000,0.004,0
EXGR_PSH,"Gross exports, destination partner shares",KOR,Korea,C26,"Manufacture of computer, electronic and optical products",MLT,Malta,PT_EXGR,2000,0.004,0
EXGR_PSH,"Gross exports, destination partner shares",KOR,Korea,C26,"Manufacture of computer, electronic and optical products",BLR,Belarus,PT_EXGR,1999,0.006,0
EXGR_PSH,"Gross exports, destination partner shares",KOR,Korea,C26,"Manufacture of computer, electronic and optical products",CYP,Cyprus,PT_EXGR,1999,0.007,0
EXGR_PSH,"Gross exports, destination partner shares",KOR,Korea,C26,"Manufacture of computer, electronic and optical products",ISL,Iceland,PT_EXGR,1999,0.008,0
EXGR_PSH,"Gross exports, destination partner shares",KOR,Korea,C26,"Manufacture of computer, electronic and optical products",EST,Estonia,PT_EXGR,1999,0.01,0
EXGR_PSH,"Gross exports, destination partner shares",KOR,Korea,C26,"Manufacture of computer, electronic and optical products",SEN,Senegal,PT_EXGR,1999,0.003,0
EXGR_PSH,"Gross exports, destination partner shares",KOR,Korea,C26,"Manufacture of computer, electronic and optical products",BRN,Brunei Darussalam,PT_EXGR,1999,0.003,0
EXGR_PSH,"Gross exports, destination partner shares",KOR,Korea,C26,"Manufacture of computer, electronic and optical products",CMR,Cameroon,PT_EXGR,1999,0.002,0
EXGR_PSH,"Gross exports, destination partner shares",KOR,Korea,C26,"Manufacture of computer, electronic and optical products",KHM,Cambodia,PT_EXGR,1999,0.002,0
EXGR_PSH,"Gross exports, destination partner shares",KOR,Korea,C26,"Manufacture of computer, electronic and optical products",MLT,Malta,PT_EXGR,1999,0.002,0
EXGR_PSH,"Gross exports, destination partner shares",KOR,Korea,C26,"Manufacture of computer, electronic and optical products",AGO,Angola,PT_EXGR,2000,0.002,0
EXGR_PSH,"Gross exports, destination partner shares",KOR,Korea,C26,"Manufacture of computer, electronic and optical products",BRN,Brunei Darussalam,PT_EXGR,2000,0.002,0
EXGR_PSH,"Gross exports, destination partner shares",KOR,Korea,C26,"Manufacture of computer, electronic and optical products",SEN,Senegal,PT_EXGR,2000,0.002,0
EXGR_PSH,"Gross exports, destination partner shares",KOR,Korea,C26,"Manufacture of computer, electronic and optical products",CIV,Côte d’Ivoire,PT_EXGR,2000,0.002,0
EXGR_PSH,"Gross exports, destination partner shares",KOR,Korea,C26,"Manufacture of computer, electronic and optical products",KHM,Cambodia,PT_EXGR,2000,0.002,0
EXGR_PSH,"Gross exports, destination partner shares",KOR,Korea,C26,"Manufacture of computer, electronic and optical products",LUX,Luxembourg,PT_EXGR,1999,0.001,0
EXGR_PSH,"Gross exports, destination partner shares",KOR,Korea,C26,"Manufacture of computer, electronic and optical products",COD,Democratic Republic of the Congo,PT_EXGR,1999,0.001,0
EXGR_PSH,"Gross exports, destination partner shares",KOR,Korea,C26,"Manufacture of computer, electronic and optical products",LUX,Luxembourg,PT_EXGR,2000,0.001,0
EXGR_PSH,"Gross exports, destination partner shares",KOR,Korea,C26,"Manufacture of computer, electronic and optical products",CMR,Cameroon,PT_EXGR,2000,0.001,0
EXGR_PSH,"Gross exports, destination partner shares",KOR,Korea,C26,"Manufacture of computer, electronic and optical products",COD,Democratic Republic of the Congo,PT_EXGR,2000,0.001,0
EXGR_PSH,"Gross exports, destination partner shares",KOR,Korea,C26,"Manufacture of computer, electronic and optical products",EGY,Egypt,PT_EXGR,2000,0.05,0
EXGR_PSH,"Gross exports, destination partner shares",KOR,Korea,C26,"Manufacture of computer, electronic and optical products",NGA,Nigeria,PT_EXGR,2000,0.024,0
EXGR_PSH,"Gross exports, destination partner shares",KOR,Korea,C26,"Manufacture of computer, electronic and optical products",HRV,Croatia,PT_EXGR,2000,0.016,0
EXGR_PSH,"Gross exports, destination partner shares",KOR,Korea,C26,"Manufacture of computer, electronic and optical products",JOR,Jordan,PT_EXGR,2000,0.021,0
EXGR_PSH,"Gross exports, destination partner shares",KOR,Korea,C26,"Manufacture of computer, electronic and optical products",SVN,Slovenia,PT_EXGR,2000,0.014,0
EXGR_PSH,"Gross exports, destination partner shares",KOR,Korea,C26,"Manufacture of computer, electronic and optical products",SVK,Slovak Republic,PT_EXGR,2000,0.015,0
EXGR_PSH,"Gross exports, destination partner shares",KOR,Korea,C26,"Manufacture of computer, electronic and optical products",LTU,Lithuania,PT_EXGR,1999,0.005,0
EXGR_PSH,"Gross exports, destination partner shares",KOR,Korea,C26,"Manufacture of computer, electronic and optical products",BGR,Bulgaria,PT_EXGR,1999,0.005,0
EXGR_PSH,"Gross exports, destination partner shares",KOR,Korea,C26,"Manufacture of computer, electronic and optical products",LVA,Latvia,PT_EXGR,1999,0.006,0
EXGR_PSH,"Gross exports, destination partner shares",KOR,Korea,C26,"Manufacture of computer, electronic and optical products",SVK,Slovak Republic,PT_EXGR,1999,0.014,0
EXGR_PSH,"Gross exports, destination partner shares",KOR,Korea,C26,"Manufacture of computer, electronic and optical products",MAR,Morocco,PT_EXGR,1999,0.017,0
EXGR_PSH,"Gross exports, destination partner shares",KOR,Korea,C26,"Manufacture of computer, electronic and optical products",CHE,Switzerland,PT_EXGR,1999,0.091,0
EXGR_PSH,"Gross exports, destination partner shares",KOR,Korea,C26,"Manufacture of computer, electronic and optical products",PAK,Pakistan,PT_EXGR,1999,0.097,0
EXGR_PSH,"Gross exports, destination partner shares",KOR,Korea,C26,"Manufacture of computer, electronic and optical products",W,World,PT_EXGR,1999,100,0
EXGR_PSH,"Gross exports, destination partner shares",KOR,Korea,C26,"Manufacture of computer, electronic and optical products",W,World,PT_EXGR,2000,100,0
EXGR_PSH,"Gross exports, destination partner shares",KOR,Korea,C26,"Manufacture of computer, electronic and optical products",KOR,Korea,PT_EXGR,1999,0,0
EXGR_PSH,"Gross exports, destination partner shares",KOR,Korea,C26,"Manufacture of computer, electronic and optical products",LAO,Lao People’s Democratic Republic,PT_EXGR,1999,0,0
EXGR_PSH,"Gross exports, destination partner shares",KOR,Korea,C26,"Manufacture of computer, electronic and optical products",STP,Sao Tome and Principe,PT_EXGR,1999,0,0
EXGR_PSH,"Gross exports, destination partner shares",KOR,Korea,C26,"Manufacture of computer, electronic and optical products",KOR,Korea,PT_EXGR,2000,0,0
EXGR_PSH,"Gross exports, destination partner shares",KOR,Korea,C26,"Manufacture of computer, electronic and optical products",LAO,Lao People’s Democratic Republic,PT_EXGR,2000,0,0
EXGR_PSH,"Gross exports, destination partner shares",KOR,Korea,C26,"Manufacture of computer, electronic and optical products",STP,Sao Tome and Principe,PT_EXGR,2000,0,0
EXGR_PSH,"Gross exports, destination partner shares",KOR,Korea,C26,"Manufacture of computer, electronic and optical products",GRC,Greece,PT_EXGR,1998,0.055,0
EXGR_PSH,"Gross exports, destination partner shares",KOR,Korea,C26,"Manufacture of computer, electronic and optical products",HKG,Hong Kong (China),PT_EXGR,1998,0.095,0
EXGR_PSH,"Gross exports, destination partner shares",KOR,Korea,C26,"Manufacture of computer, electronic and optical products",F,Africa,PT_EXGR,1998,0.56,0
EXGR_PSH,"Gross exports, destination partner shares",KOR,Korea,C26,"Manufacture of computer, electronic and optical products",SVN,Slovenia,PT_EXGR,1998,0.026,0
EXGR_PSH,"Gross exports, destination partner shares",KOR,Korea,C26,"Manufacture of computer, electronic and optical products",ZAF,South Africa,PT_EXGR,1998,0.199,0
EXGR_PSH,"Gross exports, destination partner shares",KOR,Korea,C26,"Manufacture of computer, electronic and optical products",S2_S8,Eastern and South-eastern Asia,PT_EXGR,1998,35.139,0
EXGR_PSH,"Gross exports, destination partner shares",KOR,Korea,C26,"Manufacture of computer, electronic and optical products",NAFTA,NAFTA,PT_EXGR,1998,37.125,0
EXGR_PSH,"Gross exports, destination partner shares",KOR,Korea,C26,"Manufacture of computer, electronic and optical products",COL,Colombia,PT_EXGR,1998,0.091,0
EXGR_PSH,"Gross exports, destination partner shares",KOR,Korea,C26,"Manufacture of computer, electronic and optical products",CIV,Côte d’Ivoire,PT_EXGR,1998,0.014,0
EXGR_PSH,"Gross exports, destination partner shares",KOR,Korea,C26,"Manufacture of computer, electronic and optical products",CHN,China (People’s Republic of),PT_EXGR,1998,5.738,0
EXGR_PSH,"Gross exports, destination partner shares",KOR,Korea,C26,"Manufacture of computer, electronic and optical products",NGA,Nigeria,PT_EXGR,1998,0.025,0
EXGR_PSH,"Gross exports, destination partner shares",KOR,Korea,C26,"Manufacture of computer, electronic and optical products",AUT,Austria,PT_EXGR,1998,0.31,0
EXGR_PSH,"Gross exports, destination partner shares",KOR,Korea,C26,"Manufacture of computer, electronic and optical products",MYS,Malaysia,PT_EXGR,1998,4.168,0
EXGR_PSH,"Gross exports, destination partner shares",KOR,Korea,C26,"Manufacture of computer, electronic and optical products",EGY,Egypt,PT_EXGR,1998,0.147,0
EXGR_PSH,"Gross exports, destination partner shares",KOR,Korea,C26,"Manufacture of computer, electronic and optical products",NOR,Norway,PT_EXGR,1998,0.238,0
EXGR_PSH,"Gross exports, destination partner shares",KOR,Korea,C26,"Manufacture of computer, electronic and optical products",EU27_2020,European Union (27 countries from 01/02/2020),PT_EXGR,1998,12.498,0
EXGR_PSH,"Gross exports, destination partner shares",KOR,Korea,C26,"Manufacture of computer, electronic and optical products",CHE,Switzerland,PT_EXGR,1998,0.134,0
EXGR_PSH,"Gross exports, destination partner shares",KOR,Korea,C26,"Manufacture of computer, electronic and optical products",BGR,Bulgaria,PT_EXGR,1998,0.009,0
EXGR_PSH,"Gross exports, destination partner shares",KOR,Korea,C26,"Manufacture of computer, electronic and optical products",JPN,Japan,PT_EXGR,1998,8.771,0
EXGR_PSH,"Gross exports, destination partner shares",KOR,Korea,C26,"Manufacture of computer, electronic and optical products",JOR,Jordan,PT_EXGR,1998,0.035,0
EXGR_PSH,"Gross exports, destination partner shares",KOR,Korea,C26,"Manufacture of computer, electronic and optical products",BEL,Belgium,PT_EXGR,1998,0.08,0
EXGR_PSH,"Gross exports, destination partner shares",KOR,Korea,C26,"Manufacture of computer, electronic and optical products",PER,Peru,PT_EXGR,1998,0.128,0
EXGR_PSH,"Gross exports, destination partner shares",KOR,Korea,C26,"Manufacture of computer, electronic and optical products",USA,United States,PT_EXGR,1998,31.372,0
EXGR_PSH,"Gross exports, destination partner shares",KOR,Korea,C26,"Manufacture of computer, electronic and optical products",BGD,Bangladesh,PT_EXGR,1998,0.02,0
EXGR_PSH,"Gross exports, destination partner shares",KOR,Korea,C26,"Manufacture of computer, electronic and optical products",FRA,France,PT_EXGR,1998,2.268,0
EXGR_PSH,"Gross exports, destination partner shares",KOR,Korea,C26,"Manufacture of computer, electronic and optical products",POL,Poland,PT_EXGR,1998,0.732,0
EXGR_PSH,"Gross exports, destination partner shares",KOR,Korea,C26,"Manufacture of computer, electronic and optical products",PRT,Portugal,PT_EXGR,1998,0.327,0
EXGR_PSH,"Gross exports, destination partner shares",KOR,Korea,C26,"Manufacture of computer, electronic and optical products",ISR,Israel,PT_EXGR,1998,0.114,0
EXGR_PSH,"Gross exports, destination partner shares",KOR,Korea,C26,"Manufacture of computer, electronic and optical products",EU15,European Union (15 countries),PT_EXGR,1998,16.13,0
EXGR_PSH,"Gross exports, destination partner shares",KOR,Korea,C26,"Manufacture of computer, electronic and optical products",WXD,Rest of the world,PT_EXGR,1998,2.895,0
EXGR_PSH,"Gross exports, destination partner shares",KOR,Korea,C26,"Manufacture of computer, electronic and optical products",EA19,Euro area (19 countries),PT_EXGR,1998,10.754,0
EXGR_PSH,"Gross exports, destination partner shares",KOR,Korea,C26,"Manufacture of computer, electronic and optical products",FIN,Finland,PT_EXGR,1998,0.459,0
EXGR_PSH,"Gross exports, destination partner shares",KOR,Korea,C26,"Manufacture of computer, electronic and optical products",ROU,Romania,PT_EXGR,1998,0.131,0
EXGR_PSH,"Gross exports, destination partner shares",KOR,Korea,C26,"Manufacture of computer, electronic and optical products",KAZ,Kazakhstan,PT_EXGR,1998,0.198,0
EXGR_PSH,"Gross exports, destination partner shares",KOR,Korea,C26,"Manufacture of computer, electronic and optical products",MAR,Morocco,PT_EXGR,1998,0.051,0
EXGR_PSH,"Gross exports, destination partner shares",KOR,Korea,C26,"Manufacture of computer, electronic and optical products",RUS,Russia,PT_EXGR,1998,0.583,0
EXGR_PSH,"Gross exports, destination partner shares",KOR,Korea,C26,"Manufacture of computer, electronic and optical products",ARE,United Arab Emirates,PT_EXGR,1998,0.279,0
EXGR_PSH,"Gross exports, destination partner shares",KOR,Korea,C26,"Manufacture of computer, electronic and optical products",VNM,Viet Nam,PT_EXGR,1998,0.223,0
EXGR_PSH,"Gross exports, destination partner shares",KOR,Korea,C26,"Manufacture of computer, electronic and optical products",CAN,Canada,PT_EXGR,1998,2.547,0
EXGR_PSH,"Gross exports, destination partner shares",KOR,Korea,C26,"Manufacture of computer, electronic and optical products",MMR,Myanmar,PT_EXGR,1998,0.012,0
EXGR_PSH,"Gross exports, destination partner shares",KOR,Korea,C26,"Manufacture of computer, electronic and optical products",GBR,United Kingdom,PT_EXGR,1998,5.185,0
EXGR_PSH,"Gross exports, destination partner shares",KOR,Korea,C26,"Manufacture of computer, electronic and optical products",ITA,Italy,PT_EXGR,1998,1.117,0
EXGR_PSH,"Gross exports, destination partner shares",KOR,Korea,C26,"Manufacture of computer, electronic and optical products",COD,Democratic Republic of the Congo,PT_EXGR,1998,0.009,0
EXGR_PSH,"Gross exports, destination partner shares",KOR,Korea,C26,"Manufacture of computer, electronic and optical products",UKR,Ukraine,PT_EXGR,1998,0.028,0
EXGR_PSH,"Gross exports, destination partner shares",KOR,Korea,C26,"Manufacture of computer, electronic and optical products",PHL,Philippines,PT_EXGR,1998,2.544,0
EXGR_PSH,"Gross exports, destination partner shares",KOR,Korea,C26,"Manufacture of computer, electronic and optical products",DEU,Germany,PT_EXGR,1998,4.448,0
EXGR_PSH,"Gross exports, destination partner shares",KOR,Korea,C26,"Manufacture of computer, electronic and optical products",CYP,Cyprus,PT_EXGR,1998,0.008,0
EXGR_PSH,"Gross exports, destination partner shares",KOR,Korea,C26,"Manufacture of computer, electronic and optical products",ASEAN,ASEAN,PT_EXGR,1998,8.791,0
EXGR_PSH,"Gross exports, destination partner shares",KOR,Korea,C26,"Manufacture of computer, electronic and optical products",OECD,OECD,PT_EXGR,1998,65.852,0
EXGR_PSH,"Gross exports, destination partner shares",KOR,Korea,C26,"Manufacture of computer, electronic and optical products",A5_A7,South and Central America,PT_EXGR,1998,2.311,0
EXGR_PSH,"Gross exports, destination partner shares",KOR,Korea,C26,"Manufacture of computer, electronic and optical products",SGP,Singapore,PT_EXGR,1998,0.42,0
EXGR_PSH,"Gross exports, destination partner shares",KOR,Korea,C26,"Manufacture of computer, electronic and optical products",S2,Eastern Asia,PT_EXGR,1998,26.348,0
EXGR_PSH,"Gross exports, destination partner shares",KOR,Korea,C26,"Manufacture of computer, electronic and optical products",ARG,Argentina,PT_EXGR,1998,0.906,0
EXGR_PSH,"Gross exports, destination partner shares",KOR,Korea,C26,"Manufacture of computer, electronic and optical products",AUS,Australia,PT_EXGR,1998,1.212,0
EXGR_PSH,"Gross exports, destination partner shares",KOR,Korea,C26,"Manufacture of computer, electronic and optical products",NZL,New Zealand,PT_EXGR,1998,0.097,0
EXGR_PSH,"Gross exports, destination partner shares",KOR,Korea,C26,"Manufacture of computer, electronic and optical products",TUR,Türkiye,PT_EXGR,1998,0.476,0
EXGR_PSH,"Gross exports, destination partner shares",KOR,Korea,C26,"Manufacture of computer, electronic and optical products",HRV,Croatia,PT_EXGR,1998,0.025,0
EXGR_PSH,"Gross exports, destination partner shares",KOR,Korea,C26,"Manufacture of computer, electronic and optical products",EU28,European Union (28 countries),PT_EXGR,1998,17.682,0
EXGR_PSH,"Gross exports, destination partner shares",KOR,Korea,C26,"Manufacture of computer, electronic and optical products",CZE,Czechia,PT_EXGR,1998,0.095,0
EXGR_PSH,"Gross exports, destination partner shares",KOR,Korea,C26,"Manufacture of computer, electronic and optical products",SWE,Sweden,PT_EXGR,1998,0.218,0
EXGR_PSH,"Gross exports, destination partner shares",KOR,Korea,C26,"Manufacture of computer, electronic and optical products",EU28XEU15,European Union 28 excluding European Union 15 countries,PT_EXGR,1998,1.552,0
EXGR_PSH,"Gross exports, destination partner shares",KOR,Korea,C26,"Manufacture of computer, electronic and optical products",MEX,Mexico,PT_EXGR,1998,3.205,0
EXGR_PSH,"Gross exports, destination partner shares",KOR,Korea,C26,"Manufacture of computer, electronic and optical products",TWN,Chinese Taipei,PT_EXGR,1998,11.744,0
EXGR_PSH,"Gross exports, destination partner shares",KOR,Korea,C26,"Manufacture of computer, electronic and optical products",ESP,Spain,PT_EXGR,1998,0.619,0
EXGR_PSH,"Gross exports, destination partner shares",KOR,Korea,C26,"Manufacture of computer, electronic and optical products",HUN,Hungary,PT_EXGR,1998,0.435,0
EXGR_PSH,"Gross exports, destination partner shares",KOR,Korea,C26,"Manufacture of computer, electronic and optical products",ISL,Iceland,PT_EXGR,1998,0.017,0
EXGR_PSH,"Gross exports, destination partner shares",KOR,Korea,C26,"Manufacture of computer, electronic and optical products",E,Europe,PT_EXGR,1998,18.698,0
EXGR_PSH,"Gross exports, destination partner shares",KOR,Korea,C26,"Manufacture of computer, electronic and optical products",G20,G20,PT_EXGR,1998,74.74,0
EXGR_PSH,"Gross exports, destination partner shares",KOR,Korea,C26,"Manufacture of computer, electronic and optical products",LUX,Luxembourg,PT_EXGR,1998,0.001,0
EXGR_PSH,"Gross exports, destination partner shares",KOR,Korea,C26,"Manufacture of computer, electronic and optical products",WXOECD,Non-OECD economies,PT_EXGR,1998,34.148,0
EXGR_PSH,"Gross exports, destination partner shares",KOR,Korea,C26,"Manufacture of computer, electronic and optical products",NLD,Netherlands,PT_EXGR,1998,0.251,0
EXGR_PSH,"Gross exports, destination partner shares",KOR,Korea,C26,"Manufacture of computer, electronic and optical products",BRA,Brazil,PT_EXGR,1998,1.115,0
EXGR_PSH,"Gross exports, destination partner shares",KOR,Korea,C26,"Manufacture of computer, electronic and optical products",CRI,Costa Rica,PT_EXGR,1998,0.011,0
EXGR_PSH,"Gross exports, destination partner shares",KOR,Korea,C26,"Manufacture of computer, electronic and optical products",IDN,Indonesia,PT_EXGR,1998,0.237,0
EXGR_PSH,"Gross exports, destination partner shares",KOR,Korea,C26,"Manufacture of computer, electronic and optical products",APEC,APEC,PT_EXGR,1998,74.329,0
EXGR_PSH,"Gross exports, destination partner shares",KOR,Korea,C26,"Manufacture of computer, electronic and optical products",THA,Thailand,PT_EXGR,1998,1.181,0
EXGR_PSH,"Gross exports, destination partner shares",KOR,Korea,C26,"Manufacture of computer, electronic and optical products",IND,India,PT_EXGR,1998,0.468,0
EXGR_PSH,"Gross exports, destination partner shares",KOR,Korea,C26,"Manufacture of computer, electronic and optical products",IRL,Ireland,PT_EXGR,1998,0.692,0
EXGR_PSH,"Gross exports, destination partner shares",KOR,Korea,C26,"Manufacture of computer, electronic and optical products",PAK,Pakistan,PT_EXGR,1998,0.146,0
EXGR_PSH,"Gross exports, destination partner shares",KOR,Korea,C26,"Manufacture of computer, electronic and optical products",W_O,Other countries,PT_EXGR,1998,6.167,0
EXGR_PSH,"Gross exports, destination partner shares",KOR,Korea,C26,"Manufacture of computer, electronic and optical products",TUN,Tunisia,PT_EXGR,1998,0.104,0
EXGR_PSH,"Gross exports, destination partner shares",KOR,Korea,C26,"Manufacture of computer, electronic and optical products",CHL,Chile,PT_EXGR,1998,0.06,0
EXGR_PSH,"Gross exports, destination partner shares",KOR,Korea,C26,"Manufacture of computer, electronic and optical products",SVK,Slovak Republic,PT_EXGR,1998,0.036,0
EXGR_PSH,"Gross exports, destination partner shares",KOR,Korea,C26,"Manufacture of computer, electronic and optical products",SAU,Saudi Arabia,PT_EXGR,1998,0.228,0
EXGR_PSH,"Gross exports, destination partner shares",KOR,Korea,C26,"Manufacture of computer, electronic and optical products",BLR,Belarus,PT_EXGR,1998,0.017,0
EXGR_PSH,"Gross exports, destination partner shares",KOR,Korea,C26,"Manufacture of computer, electronic and optical products",AGO,Angola,PT_EXGR,1998,0.003,0
EXGR_PSH,"Gross exports, destination partner shares",KOR,Korea,C26,"Manufacture of computer, electronic and optical products",BRN,Brunei Darussalam,PT_EXGR,1998,0.003,0
EXGR_PSH,"Gross exports, destination partner shares",KOR,Korea,C26,"Manufacture of computer, electronic and optical products",MLT,Malta,PT_EXGR,1998,0.003,0
EXGR_PSH,"Gross exports, destination partner shares",KOR,Korea,C26,"Manufacture of computer, electronic and optical products",KHM,Cambodia,PT_EXGR,1998,0.002,0
EXGR_PSH,"Gross exports, destination partner shares",KOR,Korea,C26,"Manufacture of computer, electronic and optical products",W,World,PT_EXGR,1998,100,0
EXGR_PSH,"Gross exports, destination partner shares",KOR,Korea,C26,"Manufacture of computer, electronic and optical products",CMR,Cameroon,PT_EXGR,1998,0.005,0
EXGR_PSH,"Gross exports, destination partner shares",KOR,Korea,C26,"Manufacture of computer, electronic and optical products",LTU,Lithuania,PT_EXGR,1998,0.017,0
EXGR_PSH,"Gross exports, destination partner shares",KOR,Korea,C26,"Manufacture of computer, electronic and optical products",LVA,Latvia,PT_EXGR,1998,0.014,0
EXGR_PSH,"Gross exports, destination partner shares",KOR,Korea,C26,"Manufacture of computer, electronic and optical products",EST,Estonia,PT_EXGR,1998,0.023,0
EXGR_PSH,"Gross exports, destination partner shares",KOR,Korea,C26,"Manufacture of computer, electronic and optical products",DNK,Denmark,PT_EXGR,1998,0.098,0
EXGR_PSH,"Gross exports, destination partner shares",KOR,Korea,C26,"Manufacture of computer, electronic and optical products",SEN,Senegal,PT_EXGR,1998,0.004,0
EXGR_PSH,"Gross exports, destination partner shares",KOR,Korea,C26,"Manufacture of computer, electronic and optical products",KOR,Korea,PT_EXGR,1998,0,0
EXGR_PSH,"Gross exports, destination partner shares",KOR,Korea,C26,"Manufacture of computer, electronic and optical products",LAO,Lao People’s Democratic Republic,PT_EXGR,1998,0,0
EXGR_PSH,"Gross exports, destination partner shares",KOR,Korea,C26,"Manufacture of computer, electronic and optical products",STP,Sao Tome and Principe,PT_EXGR,1998,0,0
EXGR_PSH,"Gross exports, destination partner shares",KOR,Korea,C26,"Manufacture of computer, electronic and optical products",GRC,Greece,PT_EXGR,1996,0.06,0
EXGR_PSH,"Gross exports, destination partner shares",KOR,Korea,C26,"Manufacture of computer, electronic and optical products",BLR,Belarus,PT_EXGR,1996,0.006,0
EXGR_PSH,"Gross exports, destination partner shares",KOR,Korea,C26,"Manufacture of computer, electronic and optical products",HKG,Hong Kong (China),PT_EXGR,1996,0.083,0
EXGR_PSH,"Gross exports, destination partner shares",KOR,Korea,C26,"Manufacture of computer, electronic and optical products",F,Africa,PT_EXGR,1996,0.787,0
EXGR_PSH,"Gross exports, destination partner shares",KOR,Korea,C26,"Manufacture of computer, electronic and optical products",SVN,Slovenia,PT_EXGR,1996,0.042,0
EXGR_PSH,"Gross exports, destination partner shares",KOR,Korea,C26,"Manufacture of computer, electronic and optical products",ZAF,South Africa,PT_EXGR,1996,0.361,0
EXGR_PSH,"Gross exports, destination partner shares",KOR,Korea,C26,"Manufacture of computer, electronic and optical products",S2_S8,Eastern and South-eastern Asia,PT_EXGR,1996,33.951,0
EXGR_PSH,"Gross exports, destination partner shares",KOR,Korea,C26,"Manufacture of computer, electronic and optical products",NAFTA,NAFTA,PT_EXGR,1996,34.319,0
EXGR_PSH,"Gross exports, destination partner shares",KOR,Korea,C26,"Manufacture of computer, electronic and optical products",SEN,Senegal,PT_EXGR,1996,0.018,0
EXGR_PSH,"Gross exports, destination partner shares",KOR,Korea,C26,"Manufacture of computer, electronic and optical products",COL,Colombia,PT_EXGR,1996,0.14,0
EXGR_PSH,"Gross exports, destination partner shares",KOR,Korea,C26,"Manufacture of computer, electronic and optical products",CIV,Côte d’Ivoire,PT_EXGR,1996,0.019,0
EXGR_PSH,"Gross exports, destination partner shares",KOR,Korea,C26,"Manufacture of computer, electronic and optical products",CHN,China (People’s Republic of),PT_EXGR,1996,4.052,0
EXGR_PSH,"Gross exports, destination partner shares",KOR,Korea,C26,"Manufacture of computer, electronic and optical products",NGA,Nigeria,PT_EXGR,1996,0.031,0
EXGR_PSH,"Gross exports, destination partner shares",KOR,Korea,C26,"Manufacture of computer, electronic and optical products",AUT,Austria,PT_EXGR,1996,0.339,0
EXGR_PSH,"Gross exports, destination partner shares",KOR,Korea,C26,"Manufacture of computer, electronic and optical products",MYS,Malaysia,PT_EXGR,1996,5.843,0
EXGR_PSH,"Gross exports, destination partner shares",KOR,Korea,C26,"Manufacture of computer, electronic and optical products",EGY,Egypt,PT_EXGR,1996,0.237,0
EXGR_PSH,"Gross exports, destination partner shares",KOR,Korea,C26,"Manufacture of computer, electronic and optical products",NOR,Norway,PT_EXGR,1996,0.327,0
EXGR_PSH,"Gross exports, destination partner shares",KOR,Korea,C26,"Manufacture of computer, electronic and optical products",EU27_2020,European Union (27 countries from 01/02/2020),PT_EXGR,1996,14.431,0
EXGR_PSH,"Gross exports, destination partner shares",KOR,Korea,C26,"Manufacture of computer, electronic and optical products",CHE,Switzerland,PT_EXGR,1996,0.269,0
EXGR_PSH,"Gross exports, destination partner shares",KOR,Korea,C26,"Manufacture of computer, electronic and optical products",DNK,Denmark,PT_EXGR,1996,0.145,0
EXGR_PSH,"Gross exports, destination partner shares",KOR,Korea,C26,"Manufacture of computer, electronic and optical products",BGR,Bulgaria,PT_EXGR,1996,0.018,0
EXGR_PSH,"Gross exports, destination partner shares",KOR,Korea,C26,"Manufacture of computer, electronic and optical products",JPN,Japan,PT_EXGR,1996,12.389,0
EXGR_PSH,"Gross exports, destination partner shares",KOR,Korea,C26,"Manufacture of computer, electronic and optical products",JOR,Jordan,PT_EXGR,1996,0.03,0
EXGR_PSH,"Gross exports, destination partner shares",KOR,Korea,C26,"Manufacture of computer, electronic and optical products",BEL,Belgium,PT_EXGR,1996,0.259,0
EXGR_PSH,"Gross exports, destination partner shares",KOR,Korea,C26,"Manufacture of computer, electronic and optical products",PER,Peru,PT_EXGR,1996,0.116,0
EXGR_PSH,"Gross exports, destination partner shares",KOR,Korea,C26,"Manufacture of computer, electronic and optical products",USA,United States,PT_EXGR,1996,29.396,0
EXGR_PSH,"Gross exports, destination partner shares",KOR,Korea,C26,"Manufacture of computer, electronic and optical products",FRA,France,PT_EXGR,1996,2.537,0
EXGR_PSH,"Gross exports, destination partner shares",KOR,Korea,C26,"Manufacture of computer, electronic and optical products",POL,Poland,PT_EXGR,1996,0.675,0
EXGR_PSH,"Gross exports, destination partner shares",KOR,Korea,C26,"Manufacture of computer, electronic and optical products",PRT,Portugal,PT_EXGR,1996,0.876,0
EXGR_PSH,"Gross exports, destination partner shares",KOR,Korea,C26,"Manufacture of computer, electronic and optical products",ISR,Israel,PT_EXGR,1996,0.127,0
EXGR_PSH,"Gross exports, destination partner shares",KOR,Korea,C26,"Manufacture of computer, electronic and optical products",EU15,European Union (15 countries),PT_EXGR,1996,16.74,0
EXGR_PSH,"Gross exports, destination partner shares",KOR,Korea,C26,"Manufacture of computer, electronic and optical products",WXD,Rest of the world,PT_EXGR,1996,3.214,0
EXGR_PSH,"Gross exports, destination partner shares",KOR,Korea,C26,"Manufacture of computer, electronic and optical products",EA19,Euro area (19 countries),PT_EXGR,1996,12.458,0
EXGR_PSH,"Gross exports, destination partner shares",KOR,Korea,C26,"Manufacture of computer, electronic and optical products",FIN,Finland,PT_EXGR,1996,0.382,0
EXGR_PSH,"Gross exports, destination partner shares",KOR,Korea,C26,"Manufacture of computer, electronic and optical products",ROU,Romania,PT_EXGR,1996,0.449,0
EXGR_PSH,"Gross exports, destination partner shares",KOR,Korea,C26,"Manufacture of computer, electronic and optical products",KAZ,Kazakhstan,PT_EXGR,1996,0.244,0
EXGR_PSH,"Gross exports, destination partner shares",KOR,Korea,C26,"Manufacture of computer, electronic and optical products",MAR,Morocco,PT_EXGR,1996,0.06,0
EXGR_PSH,"Gross exports, destination partner shares",KOR,Korea,C26,"Manufacture of computer, electronic and optical products",RUS,Russia,PT_EXGR,1996,2.629,0
EXGR_PSH,"Gross exports, destination partner shares",KOR,Korea,C26,"Manufacture of computer, electronic and optical products",ARE,United Arab Emirates,PT_EXGR,1996,0.385,0
EXGR_PSH,"Gross exports, destination partner shares",KOR,Korea,C26,"Manufacture of computer, electronic and optical products",VNM,Viet Nam,PT_EXGR,1996,0.173,0
EXGR_PSH,"Gross exports, destination partner shares",KOR,Korea,C26,"Manufacture of computer, electronic and optical products",CAN,Canada,PT_EXGR,1996,3.859,0
EXGR_PSH,"Gross exports, destination partner shares",KOR,Korea,C26,"Manufacture of computer, electronic and optical products",MMR,Myanmar,PT_EXGR,1996,0.025,0
EXGR_PSH,"Gross exports, destination partner shares",KOR,Korea,C26,"Manufacture of computer, electronic and optical products",GBR,United Kingdom,PT_EXGR,1996,4.08,0
EXGR_PSH,"Gross exports, destination partner shares",KOR,Korea,C26,"Manufacture of computer, electronic and optical products",ITA,Italy,PT_EXGR,1996,1.19,0
EXGR_PSH,"Gross exports, destination partner shares",KOR,Korea,C26,"Manufacture of computer, electronic and optical products",PHL,Philippines,PT_EXGR,1996,1.327,0
EXGR_PSH,"Gross exports, destination partner shares",KOR,Korea,C26,"Manufacture of computer, electronic and optical products",EST,Estonia,PT_EXGR,1996,0.095,0
EXGR_PSH,"Gross exports, destination partner shares",KOR,Korea,C26,"Manufacture of computer, electronic and optical products",DEU,Germany,PT_EXGR,1996,4.925,0
EXGR_PSH,"Gross exports, destination partner shares",KOR,Korea,C26,"Manufacture of computer, electronic and optical products",CYP,Cyprus,PT_EXGR,1996,0.01,0
EXGR_PSH,"Gross exports, destination partner shares",KOR,Korea,C26,"Manufacture of computer, electronic and optical products",ASEAN,ASEAN,PT_EXGR,1996,10.238,0
EXGR_PSH,"Gross exports, destination partner shares",KOR,Korea,C26,"Manufacture of computer, electronic and optical products",OECD,OECD,PT_EXGR,1996,67.03,0
EXGR_PSH,"Gross exports, destination partner shares",KOR,Korea,C26,"Manufacture of computer, electronic and optical products",A5_A7,South and Central America,PT_EXGR,1996,3.046,0
EXGR_PSH,"Gross exports, destination partner shares",KOR,Korea,C26,"Manufacture of computer, electronic and optical products",SGP,Singapore,PT_EXGR,1996,0.615,0
EXGR_PSH,"Gross exports, destination partner shares",KOR,Korea,C26,"Manufacture of computer, electronic and optical products",S2,Eastern Asia,PT_EXGR,1996,23.713,0
EXGR_PSH,"Gross exports, destination partner shares",KOR,Korea,C26,"Manufacture of computer, electronic and optical products",ARG,Argentina,PT_EXGR,1996,0.754,0
EXGR_PSH,"Gross exports, destination partner shares",KOR,Korea,C26,"Manufacture of computer, electronic and optical products",AUS,Australia,PT_EXGR,1996,0.845,0
EXGR_PSH,"Gross exports, destination partner shares",KOR,Korea,C26,"Manufacture of computer, electronic and optical products",NZL,New Zealand,PT_EXGR,1996,0.113,0
EXGR_PSH,"Gross exports, destination partner shares",KOR,Korea,C26,"Manufacture of computer, electronic and optical products",TUR,Türkiye,PT_EXGR,1996,0.386,0
EXGR_PSH,"Gross exports, destination partner shares",KOR,Korea,C26,"Manufacture of computer, electronic and optical products",HRV,Croatia,PT_EXGR,1996,0.03,0
EXGR_PSH,"Gross exports, destination partner shares",KOR,Korea,C26,"Manufacture of computer, electronic and optical products",EU28,European Union (28 countries),PT_EXGR,1996,18.511,0
EXGR_PSH,"Gross exports, destination partner shares",KOR,Korea,C26,"Manufacture of computer, electronic and optical products",CZE,Czechia,PT_EXGR,1996,0.138,0
EXGR_PSH,"Gross exports, destination partner shares",KOR,Korea,C26,"Manufacture of computer, electronic and optical products",SWE,Sweden,PT_EXGR,1996,0.314,0
EXGR_PSH,"Gross exports, destination partner shares",KOR,Korea,C26,"Manufacture of computer, electronic and optical products",EU28XEU15,European Union 28 excluding European Union 15 countries,PT_EXGR,1996,1.77,0
EXGR_PSH,"Gross exports, destination partner shares",KOR,Korea,C26,"Manufacture of computer, electronic and optical products",MEX,Mexico,PT_EXGR,1996,1.064,0
EXGR_PSH,"Gross exports, destination partner shares",KOR,Korea,C26,"Manufacture of computer, electronic and optical products",TWN,Chinese Taipei,PT_EXGR,1996,7.189,0
EXGR_PSH,"Gross exports, destination partner shares",KOR,Korea,C26,"Manufacture of computer, electronic and optical products",ESP,Spain,PT_EXGR,1996,0.76,0
EXGR_PSH,"Gross exports, destination partner shares",KOR,Korea,C26,"Manufacture of computer, electronic and optical products",HUN,Hungary,PT_EXGR,1996,0.204,0
EXGR_PSH,"Gross exports, destination partner shares",KOR,Korea,C26,"Manufacture of computer, electronic and optical products",ISL,Iceland,PT_EXGR,1996,0.033,0
EXGR_PSH,"Gross exports, destination partner shares",KOR,Korea,C26,"Manufacture of computer, electronic and optical products",E,Europe,PT_EXGR,1996,21.793,0
EXGR_PSH,"Gross exports, destination partner shares",KOR,Korea,C26,"Manufacture of computer, electronic and optical products",G20,G20,PT_EXGR,1996,77.637,0
EXGR_PSH,"Gross exports, destination partner shares",KOR,Korea,C26,"Manufacture of computer, electronic and optical products",AGO,Angola,PT_EXGR,1996,0.002,0
EXGR_PSH,"Gross exports, destination partner shares",KOR,Korea,C26,"Manufacture of computer, electronic and optical products",LUX,Luxembourg,PT_EXGR,1996,0.001,0
EXGR_PSH,"Gross exports, destination partner shares",KOR,Korea,C26,"Manufacture of computer, electronic and optical products",WXOECD,Non-OECD economies,PT_EXGR,1996,32.97,0
EXGR_PSH,"Gross exports, destination partner shares",KOR,Korea,C26,"Manufacture of computer, electronic and optical products",NLD,Netherlands,PT_EXGR,1996,0.541,0
EXGR_PSH,"Gross exports, destination partner shares",KOR,Korea,C26,"Manufacture of computer, electronic and optical products",BRA,Brazil,PT_EXGR,1996,1.946,0
EXGR_PSH,"Gross exports, destination partner shares",KOR,Korea,C26,"Manufacture of computer, electronic and optical products",CRI,Costa Rica,PT_EXGR,1996,0.013,0
EXGR_PSH,"Gross exports, destination partner shares",KOR,Korea,C26,"Manufacture of computer, electronic and optical products",IDN,Indonesia,PT_EXGR,1996,0.888,0
EXGR_PSH,"Gross exports, destination partner shares",KOR,Korea,C26,"Manufacture of computer, electronic and optical products",APEC,APEC,PT_EXGR,1996,72.023,0
EXGR_PSH,"Gross exports, destination partner shares",KOR,Korea,C26,"Manufacture of computer, electronic and optical products",THA,Thailand,PT_EXGR,1996,1.359,0
EXGR_PSH,"Gross exports, destination partner shares",KOR,Korea,C26,"Manufacture of computer, electronic and optical products",IND,India,PT_EXGR,1996,0.277,0
EXGR_PSH,"Gross exports, destination partner shares",KOR,Korea,C26,"Manufacture of computer, electronic and optical products",CMR,Cameroon,PT_EXGR,1996,0.004,0
EXGR_PSH,"Gross exports, destination partner shares",KOR,Korea,C26,"Manufacture of computer, electronic and optical products",IRL,Ireland,PT_EXGR,1996,0.331,0
EXGR_PSH,"Gross exports, destination partner shares",KOR,Korea,C26,"Manufacture of computer, electronic and optical products",PAK,Pakistan,PT_EXGR,1996,0.194,0
EXGR_PSH,"Gross exports, destination partner shares",KOR,Korea,C26,"Manufacture of computer, electronic and optical products",W_O,Other countries,PT_EXGR,1996,6.105,0
EXGR_PSH,"Gross exports, destination partner shares",KOR,Korea,C26,"Manufacture of computer, electronic and optical products",MLT,Malta,PT_EXGR,1996,0.01,0
EXGR_PSH,"Gross exports, destination partner shares",KOR,Korea,C26,"Manufacture of computer, electronic and optical products",TUN,Tunisia,PT_EXGR,1996,0.052,0
EXGR_PSH,"Gross exports, destination partner shares",KOR,Korea,C26,"Manufacture of computer, electronic and optical products",CHL,Chile,PT_EXGR,1996,0.077,0
EXGR_PSH,"Gross exports, destination partner shares",KOR,Korea,C26,"Manufacture of computer, electronic and optical products",SVK,Slovak Republic,PT_EXGR,1996,0.032,0
EXGR_PSH,"Gross exports, destination partner shares",KOR,Korea,C26,"Manufacture of computer, electronic and optical products",SAU,Saudi Arabia,PT_EXGR,1996,0.28,0
EXGR_PSH,"Gross exports, destination partner shares",KOR,Korea,C26,"Manufacture of computer, electronic and optical products",BGD,Bangladesh,PT_EXGR,1996,0.01,0
EXGR_PSH,"Gross exports, destination partner shares",KOR,Korea,C26,"Manufacture of computer, electronic and optical products",LVA,Latvia,PT_EXGR,1996,0.007,0
EXGR_PSH,"Gross exports, destination partner shares",KOR,Korea,C26,"Manufacture of computer, electronic and optical products",BRN,Brunei Darussalam,PT_EXGR,1996,0.006,0
EXGR_PSH,"Gross exports, destination partner shares",KOR,Korea,C26,"Manufacture of computer, electronic and optical products",COD,Democratic Republic of the Congo,PT_EXGR,1996,0.004,0
EXGR_PSH,"Gross exports, destination partner shares",KOR,Korea,C26,"Manufacture of computer, electronic and optical products",LTU,Lithuania,PT_EXGR,1996,0.061,0
EXGR_PSH,"Gross exports, destination partner shares",KOR,Korea,C26,"Manufacture of computer, electronic and optical products",UKR,Ukraine,PT_EXGR,1996,0.019,0
EXGR_PSH,"Gross exports, destination partner shares",KOR,Korea,C26,"Manufacture of computer, electronic and optical products",W,World,PT_EXGR,1996,100,0
EXGR_PSH,"Gross exports, destination partner shares",KOR,Korea,C26,"Manufacture of computer, electronic and optical products",KHM,Cambodia,PT_EXGR,1996,0.002,0
EXGR_PSH,"Gross exports, destination partner shares",KOR,Korea,C26,"Manufacture of computer, electronic and optical products",KOR,Korea,PT_EXGR,1996,0,0
EXGR_PSH,"Gross exports, destination partner shares",KOR,Korea,C26,"Manufacture of computer, electronic and optical products",LAO,Lao People’s Democratic Republic,PT_EXGR,1996,0,0
EXGR_PSH,"Gross exports, destination partner shares",KOR,Korea,C26,"Manufacture of computer, electronic and optical products",STP,Sao Tome and Principe,PT_EXGR,1996,0,0
EXGR_PSH,"Gross exports, destination partner shares",KOR,Korea,C26,"Manufacture of computer, electronic and optical products",KOR,Korea,PT_EXGR,1995,0,0
EXGR_PSH,"Gross exports, destination partner shares",KOR,Korea,C26,"Manufacture of computer, electronic and optical products",LAO,Lao People’s Democratic Republic,PT_EXGR,1995,0,0
EXGR_PSH,"Gross exports, destination partner shares",KOR,Korea,C26,"Manufacture of computer, electronic and optical products",STP,Sao Tome and Principe,PT_EXGR,1995,0,0
EXGR_PSH,"Gross exports, destination partner shares",KOR,Korea,C26,"Manufacture of computer, electronic and optical products",W,World,PT_EXGR,1995,100,0
EXGR_PSH,"Gross exports, destination partner shares",KOR,Korea,C26,"Manufacture of computer, electronic and optical products",KAZ,Kazakhstan,PT_EXGR,1995,0.123,0
EXGR_PSH,"Gross exports, destination partner shares",KOR,Korea,C26,"Manufacture of computer, electronic and optical products",SAU,Saudi Arabia,PT_EXGR,1995,0.22,0
EXGR_PSH,"Gross exports, destination partner shares",KOR,Korea,C26,"Manufacture of computer, electronic and optical products",UKR,Ukraine,PT_EXGR,1995,0.031,0
EXGR_PSH,"Gross exports, destination partner shares",KOR,Korea,C26,"Manufacture of computer, electronic and optical products",NGA,Nigeria,PT_EXGR,1995,0.034,0
EXGR_PSH,"Gross exports, destination partner shares",KOR,Korea,C26,"Manufacture of computer, electronic and optical products",HRV,Croatia,PT_EXGR,1995,0.021,0
EXGR_PSH,"Gross exports, destination partner shares",KOR,Korea,C26,"Manufacture of computer, electronic and optical products",EST,Estonia,PT_EXGR,1995,0.017,0
EXGR_PSH,"Gross exports, destination partner shares",KOR,Korea,C26,"Manufacture of computer, electronic and optical products",CMR,Cameroon,PT_EXGR,1995,0.003,0
EXGR_PSH,"Gross exports, destination partner shares",KOR,Korea,C26,"Manufacture of computer, electronic and optical products",CIV,Côte d’Ivoire,PT_EXGR,1995,0.013,0
EXGR_PSH,"Gross exports, destination partner shares",KOR,Korea,C26,"Manufacture of computer, electronic and optical products",BGR,Bulgaria,PT_EXGR,1995,0.007,0
EXGR_PSH,"Gross exports, destination partner shares",KOR,Korea,C26,"Manufacture of computer, electronic and optical products",LVA,Latvia,PT_EXGR,1995,0.005,0
EXGR_PSH,"Gross exports, destination partner shares",KOR,Korea,C26,"Manufacture of computer, electronic and optical products",MLT,Malta,PT_EXGR,1995,0.004,0
EXGR_PSH,"Gross exports, destination partner shares",KOR,Korea,C26,"Manufacture of computer, electronic and optical products",COD,Democratic Republic of the Congo,PT_EXGR,1995,0.002,0
EXGR_PSH,"Gross exports, destination partner shares",KOR,Korea,C26,"Manufacture of computer, electronic and optical products",KHM,Cambodia,PT_EXGR,1995,0.002,0
EXGR_PSH,"Gross exports, destination partner shares",KOR,Korea,C26,"Manufacture of computer, electronic and optical products",LUX,Luxembourg,PT_EXGR,1995,0.001,0
EXGR_PSH,"Gross exports, destination partner shares",KOR,Korea,C26,"Manufacture of computer, electronic and optical products",LTU,Lithuania,PT_EXGR,1995,0.005,0
EXGR_PSH,"Gross exports, destination partner shares",KOR,Korea,C26,"Manufacture of computer, electronic and optical products",GRC,Greece,PT_EXGR,1995,0.056,0
EXGR_PSH,"Gross exports, destination partner shares",KOR,Korea,C26,"Manufacture of computer, electronic and optical products",BLR,Belarus,PT_EXGR,1995,0.006,0
EXGR_PSH,"Gross exports, destination partner shares",KOR,Korea,C26,"Manufacture of computer, electronic and optical products",HKG,Hong Kong (China),PT_EXGR,1995,0.074,0
EXGR_PSH,"Gross exports, destination partner shares",KOR,Korea,C26,"Manufacture of computer, electronic and optical products",F,Africa,PT_EXGR,1995,0.818,0
EXGR_PSH,"Gross exports, destination partner shares",KOR,Korea,C26,"Manufacture of computer, electronic and optical products",SVN,Slovenia,PT_EXGR,1995,0.048,0
EXGR_PSH,"Gross exports, destination partner shares",KOR,Korea,C26,"Manufacture of computer, electronic and optical products",ZAF,South Africa,PT_EXGR,1995,0.275,0
EXGR_PSH,"Gross exports, destination partner shares",KOR,Korea,C26,"Manufacture of computer, electronic and optical products",S2_S8,Eastern and South-eastern Asia,PT_EXGR,1995,34.969,0
EXGR_PSH,"Gross exports, destination partner shares",KOR,Korea,C26,"Manufacture of computer, electronic and optical products",NAFTA,NAFTA,PT_EXGR,1995,35.876,0
EXGR_PSH,"Gross exports, destination partner shares",KOR,Korea,C26,"Manufacture of computer, electronic and optical products",SEN,Senegal,PT_EXGR,1995,0.017,0
EXGR_PSH,"Gross exports, destination partner shares",KOR,Korea,C26,"Manufacture of computer, electronic and optical products",COL,Colombia,PT_EXGR,1995,0.169,0
EXGR_PSH,"Gross exports, destination partner shares",KOR,Korea,C26,"Manufacture of computer, electronic and optical products",CHN,China (People’s Republic of),PT_EXGR,1995,2.716,0
EXGR_PSH,"Gross exports, destination partner shares",KOR,Korea,C26,"Manufacture of computer, electronic and optical products",AUT,Austria,PT_EXGR,1995,0.397,0
EXGR_PSH,"Gross exports, destination partner shares",KOR,Korea,C26,"Manufacture of computer, electronic and optical products",MYS,Malaysia,PT_EXGR,1995,3.722,0
EXGR_PSH,"Gross exports, destination partner shares",KOR,Korea,C26,"Manufacture of computer, electronic and optical products",EGY,Egypt,PT_EXGR,1995,0.378,0
EXGR_PSH,"Gross exports, destination partner shares",KOR,Korea,C26,"Manufacture of computer, electronic and optical products",NOR,Norway,PT_EXGR,1995,0.307,0
EXGR_PSH,"Gross exports, destination partner shares",KOR,Korea,C26,"Manufacture of computer, electronic and optical products",EU27_2020,European Union (27 countries from 01/02/2020),PT_EXGR,1995,14.153,0
EXGR_PSH,"Gross exports, destination partner shares",KOR,Korea,C26,"Manufacture of computer, electronic and optical products",CHE,Switzerland,PT_EXGR,1995,0.269,0
EXGR_PSH,"Gross exports, destination partner shares",KOR,Korea,C26,"Manufacture of computer, electronic and optical products",DNK,Denmark,PT_EXGR,1995,0.176,0
EXGR_PSH,"Gross exports, destination partner shares",KOR,Korea,C26,"Manufacture of computer, electronic and optical products",JPN,Japan,PT_EXGR,1995,14.074,0
EXGR_PSH,"Gross exports, destination partner shares",KOR,Korea,C26,"Manufacture of computer, electronic and optical products",JOR,Jordan,PT_EXGR,1995,0.04,0
EXGR_PSH,"Gross exports, destination partner shares",KOR,Korea,C26,"Manufacture of computer, electronic and optical products",BEL,Belgium,PT_EXGR,1995,0.212,0
EXGR_PSH,"Gross exports, destination partner shares",KOR,Korea,C26,"Manufacture of computer, electronic and optical products",PER,Peru,PT_EXGR,1995,0.133,0
EXGR_PSH,"Gross exports, destination partner shares",KOR,Korea,C26,"Manufacture of computer, electronic and optical products",USA,United States,PT_EXGR,1995,30.72,0
EXGR_PSH,"Gross exports, destination partner shares",KOR,Korea,C26,"Manufacture of computer, electronic and optical products",BGD,Bangladesh,PT_EXGR,1995,0.013,0
EXGR_PSH,"Gross exports, destination partner shares",KOR,Korea,C26,"Manufacture of computer, electronic and optical products",FRA,France,PT_EXGR,1995,2.826,0
EXGR_PSH,"Gross exports, destination partner shares",KOR,Korea,C26,"Manufacture of computer, electronic and optical products",POL,Poland,PT_EXGR,1995,0.438,0
EXGR_PSH,"Gross exports, destination partner shares",KOR,Korea,C26,"Manufacture of computer, electronic and optical products",PRT,Portugal,PT_EXGR,1995,1.296,0
EXGR_PSH,"Gross exports, destination partner shares",KOR,Korea,C26,"Manufacture of computer, electronic and optical products",ISR,Israel,PT_EXGR,1995,0.145,0
EXGR_PSH,"Gross exports, destination partner shares",KOR,Korea,C26,"Manufacture of computer, electronic and optical products",EU15,European Union (15 countries),PT_EXGR,1995,15.132,0
EXGR_PSH,"Gross exports, destination partner shares",KOR,Korea,C26,"Manufacture of computer, electronic and optical products",WXD,Rest of the world,PT_EXGR,1995,3.41,0
EXGR_PSH,"Gross exports, destination partner shares",KOR,Korea,C26,"Manufacture of computer, electronic and optical products",EA19,Euro area (19 countries),PT_EXGR,1995,12.579,0
EXGR_PSH,"Gross exports, destination partner shares",KOR,Korea,C26,"Manufacture of computer, electronic and optical products",FIN,Finland,PT_EXGR,1995,0.538,0
EXGR_PSH,"Gross exports, destination partner shares",KOR,Korea,C26,"Manufacture of computer, electronic and optical products",ROU,Romania,PT_EXGR,1995,0.352,0
EXGR_PSH,"Gross exports, destination partner shares",KOR,Korea,C26,"Manufacture of computer, electronic and optical products",MAR,Morocco,PT_EXGR,1995,0.04,0
EXGR_PSH,"Gross exports, destination partner shares",KOR,Korea,C26,"Manufacture of computer, electronic and optical products",RUS,Russia,PT_EXGR,1995,2.46,0
EXGR_PSH,"Gross exports, destination partner shares",KOR,Korea,C26,"Manufacture of computer, electronic and optical products",ARE,United Arab Emirates,PT_EXGR,1995,0.275,0
EXGR_PSH,"Gross exports, destination partner shares",KOR,Korea,C26,"Manufacture of computer, electronic and optical products",VNM,Viet Nam,PT_EXGR,1995,0.112,0
EXGR_PSH,"Gross exports, destination partner shares",KOR,Korea,C26,"Manufacture of computer, electronic and optical products",CAN,Canada,PT_EXGR,1995,3.86,0
EXGR_PSH,"Gross exports, destination partner shares",KOR,Korea,C26,"Manufacture of computer, electronic and optical products",MMR,Myanmar,PT_EXGR,1995,0.028,0
EXGR_PSH,"Gross exports, destination partner shares",KOR,Korea,C26,"Manufacture of computer, electronic and optical products",GBR,United Kingdom,PT_EXGR,1995,2.164,0
EXGR_PSH,"Gross exports, destination partner shares",KOR,Korea,C26,"Manufacture of computer, electronic and optical products",ITA,Italy,PT_EXGR,1995,1.273,0
EXGR_PSH,"Gross exports, destination partner shares",KOR,Korea,C26,"Manufacture of computer, electronic and optical products",BRN,Brunei Darussalam,PT_EXGR,1995,0.007,0
EXGR_PSH,"Gross exports, destination partner shares",KOR,Korea,C26,"Manufacture of computer, electronic and optical products",PHL,Philippines,PT_EXGR,1995,1.933,0
EXGR_PSH,"Gross exports, destination partner shares",KOR,Korea,C26,"Manufacture of computer, electronic and optical products",DEU,Germany,PT_EXGR,1995,4.446,0
EXGR_PSH,"Gross exports, destination partner shares",KOR,Korea,C26,"Manufacture of computer, electronic and optical products",CYP,Cyprus,PT_EXGR,1995,0.017,0
EXGR_PSH,"Gross exports, destination partner shares",KOR,Korea,C26,"Manufacture of computer, electronic and optical products",ASEAN,ASEAN,PT_EXGR,1995,9.453,0
EXGR_PSH,"Gross exports, destination partner shares",KOR,Korea,C26,"Manufacture of computer, electronic and optical products",OECD,OECD,PT_EXGR,1995,68.205,0
EXGR_PSH,"Gross exports, destination partner shares",KOR,Korea,C26,"Manufacture of computer, electronic and optical products",A5_A7,South and Central America,PT_EXGR,1995,2.995,0
EXGR_PSH,"Gross exports, destination partner shares",KOR,Korea,C26,"Manufacture of computer, electronic and optical products",SGP,Singapore,PT_EXGR,1995,1.301,0
EXGR_PSH,"Gross exports, destination partner shares",KOR,Korea,C26,"Manufacture of computer, electronic and optical products",S2,Eastern Asia,PT_EXGR,1995,25.516,0
EXGR_PSH,"Gross exports, destination partner shares",KOR,Korea,C26,"Manufacture of computer, electronic and optical products",ARG,Argentina,PT_EXGR,1995,0.658,0
EXGR_PSH,"Gross exports, destination partner shares",KOR,Korea,C26,"Manufacture of computer, electronic and optical products",AUS,Australia,PT_EXGR,1995,0.846,0
EXGR_PSH,"Gross exports, destination partner shares",KOR,Korea,C26,"Manufacture of computer, electronic and optical products",NZL,New Zealand,PT_EXGR,1995,0.091,0
EXGR_PSH,"Gross exports, destination partner shares",KOR,Korea,C26,"Manufacture of computer, electronic and optical products",TUR,Türkiye,PT_EXGR,1995,0.327,0
EXGR_PSH,"Gross exports, destination partner shares",KOR,Korea,C26,"Manufacture of computer, electronic and optical products",EU28,European Union (28 countries),PT_EXGR,1995,16.317,0
EXGR_PSH,"Gross exports, destination partner shares",KOR,Korea,C26,"Manufacture of computer, electronic and optical products",CZE,Czechia,PT_EXGR,1995,0.113,0
EXGR_PSH,"Gross exports, destination partner shares",KOR,Korea,C26,"Manufacture of computer, electronic and optical products",SWE,Sweden,PT_EXGR,1995,0.348,0
EXGR_PSH,"Gross exports, destination partner shares",KOR,Korea,C26,"Manufacture of computer, electronic and optical products",EU28XEU15,European Union 28 excluding European Union 15 countries,PT_EXGR,1995,1.184,0
EXGR_PSH,"Gross exports, destination partner shares",KOR,Korea,C26,"Manufacture of computer, electronic and optical products",MEX,Mexico,PT_EXGR,1995,1.297,0
EXGR_PSH,"Gross exports, destination partner shares",KOR,Korea,C26,"Manufacture of computer, electronic and optical products",TWN,Chinese Taipei,PT_EXGR,1995,8.652,0
EXGR_PSH,"Gross exports, destination partner shares",KOR,Korea,C26,"Manufacture of computer, electronic and optical products",ESP,Spain,PT_EXGR,1995,0.778,0
EXGR_PSH,"Gross exports, destination partner shares",KOR,Korea,C26,"Manufacture of computer, electronic and optical products",HUN,Hungary,PT_EXGR,1995,0.119,0
EXGR_PSH,"Gross exports, destination partner shares",KOR,Korea,C26,"Manufacture of computer, electronic and optical products",ISL,Iceland,PT_EXGR,1995,0.029,0
EXGR_PSH,"Gross exports, destination partner shares",KOR,Korea,C26,"Manufacture of computer, electronic and optical products",E,Europe,PT_EXGR,1995,19.419,0
EXGR_PSH,"Gross exports, destination partner shares",KOR,Korea,C26,"Manufacture of computer, electronic and optical products",G20,G20,PT_EXGR,1995,76.946,0
EXGR_PSH,"Gross exports, destination partner shares",KOR,Korea,C26,"Manufacture of computer, electronic and optical products",NLD,Netherlands,PT_EXGR,1995,0.42,0
EXGR_PSH,"Gross exports, destination partner shares",KOR,Korea,C26,"Manufacture of computer, electronic and optical products",WXOECD,Non-OECD economies,PT_EXGR,1995,31.795,0
EXGR_PSH,"Gross exports, destination partner shares",KOR,Korea,C26,"Manufacture of computer, electronic and optical products",BRA,Brazil,PT_EXGR,1995,1.878,0
EXGR_PSH,"Gross exports, destination partner shares",KOR,Korea,C26,"Manufacture of computer, electronic and optical products",CRI,Costa Rica,PT_EXGR,1995,0.023,0
EXGR_PSH,"Gross exports, destination partner shares",KOR,Korea,C26,"Manufacture of computer, electronic and optical products",IDN,Indonesia,PT_EXGR,1995,1.078,0
EXGR_PSH,"Gross exports, destination partner shares",KOR,Korea,C26,"Manufacture of computer, electronic and optical products",APEC,APEC,PT_EXGR,1995,74.48,0
EXGR_PSH,"Gross exports, destination partner shares",KOR,Korea,C26,"Manufacture of computer, electronic and optical products",THA,Thailand,PT_EXGR,1995,1.273,0
EXGR_PSH,"Gross exports, destination partner shares",KOR,Korea,C26,"Manufacture of computer, electronic and optical products",IND,India,PT_EXGR,1995,0.221,0
EXGR_PSH,"Gross exports, destination partner shares",KOR,Korea,C26,"Manufacture of computer, electronic and optical products",IRL,Ireland,PT_EXGR,1995,0.202,0
EXGR_PSH,"Gross exports, destination partner shares",KOR,Korea,C26,"Manufacture of computer, electronic and optical products",PAK,Pakistan,PT_EXGR,1995,0.213,0
EXGR_PSH,"Gross exports, destination partner shares",KOR,Korea,C26,"Manufacture of computer, electronic and optical products",W_O,Other countries,PT_EXGR,1995,5.923,0
EXGR_PSH,"Gross exports, destination partner shares",KOR,Korea,C26,"Manufacture of computer, electronic and optical products",TUN,Tunisia,PT_EXGR,1995,0.055,0
EXGR_PSH,"Gross exports, destination partner shares",KOR,Korea,C26,"Manufacture of computer, electronic and optical products",CHL,Chile,PT_EXGR,1995,0.135,0
EXGR_PSH,"Gross exports, destination partner shares",KOR,Korea,C26,"Manufacture of computer, electronic and optical products",SVK,Slovak Republic,PT_EXGR,1995,0.037,0
EXGR_PSH,"Gross exports, destination partner shares",KOR,Korea,C26,"Manufacture of computer, electronic and optical products",AGO,Angola,PT_EXGR,1995,0.001,0
